case_id,customer_id,region,industry,invoice_amount_usd,num_open_invoices,overdue_days_at_allocation,previous_default_count,previous_recovery_rate,payment_history_score,credit_score_band,contact_attempts_last_30d,last_contact_channel,dispute_flag,promised_to_pay_flag,assigned_dca_id,assigned_date,sla_days,sla_due_date,current_stage_snapshot,recovered_flag,recovered_amount_usd,recovery_days_from_allocation,recovery_date,recovered_within_30d,recovered_within_60d,escalation_flag,model_collectability_bucket_hint
C000001,10892,NA,Healthcare,15487.33,6,33,0,0.933,720.9,Good,1,Portal,0,1,DCA-05,2025-03-22,19,2025-04-10,Closed,1,15487.33,37.0,2025-04-28,0,1,0,High
C000002,17739,APAC,Technology,31990.63,6,104,0,0.767,679.6,Good,1,Portal,0,0,DCA-03,2025-08-19,21,2025-09-09,In Progress,0,0.0,,,0,0,0,Low
C000003,16545,MEA,Manufacturing,29540.62,6,235,1,0.889,667.7,Fair,6,Email,0,0,DCA-02,2025-08-03,9,2025-08-12,Escalated,0,0.0,,,0,0,1,Low
C000004,14388,EU,Manufacturing,13432.29,7,220,2,0.843,617.1,Fair,3,Portal,0,0,DCA-02,2025-09-27,21,2025-10-18,Closed,1,11233.79,70.0,2025-12-06,0,0,0,Low
C000005,14330,EU,FMCG,2602.64,7,306,1,1.0,688.6,Good,5,Portal,0,0,DCA-07,2026-01-28,28,2026-02-25,Escalated,0,0.0,,,0,0,1,Low
C000006,18585,EU,Aviation,6160.78,2,292,0,0.903,685.4,Good,7,Phone,0,0,DCA-10,2025-05-09,28,2025-06-06,Closed,1,5668.95,72.0,2025-07-20,0,0,0,Low
C000007,10859,IND,Finance,22795.85,2,6,1,0.776,651.3,Fair,4,Phone,0,0,DCA-10,2026-01-03,11,2026-01-14,In Progress,0,0.0,,,0,0,0,Low
C000008,16973,MEA,Energy,4513.48,2,33,0,0.927,763.6,Very Good,2,Portal,0,0,DCA-05,2025-07-25,30,2025-08-24,In Progress,0,0.0,,,0,0,0,Medium
C000009,12014,APAC,Retail,10628.72,5,129,1,1.0,703.4,Good,2,Portal,0,1,DCA-08,2025-03-29,16,2025-04-14,PTP,0,0.0,,,0,0,0,Low
C000010,10941,APAC,Technology,16931.59,5,350,0,0.774,587.6,Fair,9,In-person,0,1,DCA-02,2025-03-19,11,2025-03-30,PTP,0,0.0,,,0,0,1,Low
C000011,15264,MEA,FMCG,37372.84,7,174,2,0.588,554.0,Poor,3,Phone,0,0,DCA-07,2025-11-16,20,2025-12-06,In Progress,0,0.0,,,0,0,0,Low
C000012,19756,IND,Technology,8932.81,6,325,0,0.878,655.9,Fair,4,Phone,0,1,DCA-05,2025-06-06,18,2025-06-24,PTP,0,0.0,,,0,0,1,Medium
C000013,17357,EU,Logistics,8514.78,6,22,0,1.0,825.6,Excellent,2,Portal,0,0,DCA-07,2025-08-31,17,2025-09-17,Closed,1,8190.09,45.0,2025-10-15,0,1,0,High
C000014,17611,IND,Technology,12878.16,1,351,0,1.0,727.8,Good,3,Email,0,1,DCA-01,2025-02-06,15,2025-02-21,PTP,0,0.0,,,0,0,1,Low
C000015,17174,EU,Healthcare,17079.58,5,23,0,0.838,763.4,Very Good,2,Portal,0,0,DCA-08,2025-11-13,25,2025-12-08,Closed,1,15124.61,51.0,2026-01-03,0,1,0,Medium
C000016,17860,IND,Automotive,11992.39,6,295,1,0.94,706.0,Good,6,Email,1,1,DCA-06,2025-09-19,8,2025-09-27,Escalated,0,0.0,,,0,0,1,Low
C000017,15132,MEA,Retail,27847.2,7,320,0,0.891,619.2,Fair,3,Phone,0,0,DCA-06,2025-03-18,18,2025-04-05,Escalated,0,0.0,,,0,0,1,Low
C000018,11281,MEA,Energy,7635.77,3,108,0,1.0,798.6,Very Good,4,Phone,0,0,DCA-03,2025-01-24,15,2025-02-08,In Progress,0,0.0,,,0,0,0,Medium
C000019,18397,EU,Retail,14532.06,6,110,0,1.0,724.1,Good,4,Email,1,1,DCA-04,2025-07-29,23,2025-08-21,Escalated,0,0.0,,,0,0,1,Low
C000020,14503,IND,Manufacturing,18245.05,3,212,0,1.0,676.4,Good,5,Phone,0,1,DCA-01,2025-04-28,23,2025-05-21,Closed,1,18245.05,30.0,2025-05-28,1,1,0,Medium
C000021,15003,EU,Energy,10095.42,2,263,0,0.944,597.4,Fair,7,Email,0,0,DCA-04,2025-08-18,29,2025-09-16,Escalated,0,0.0,,,0,0,1,Low
C000022,13707,IND,Retail,24047.76,3,44,2,0.667,602.7,Fair,1,Email,0,0,DCA-03,2025-02-10,27,2025-03-09,In Progress,0,0.0,,,0,0,0,Low
C000023,11825,NA,Technology,14827.98,2,87,1,0.873,618.3,Fair,3,Email,1,0,DCA-08,2025-10-15,28,2025-11-12,Dispute,0,0.0,,,0,0,0,Low
C000024,19267,EU,Energy,23206.6,7,275,1,0.684,608.8,Fair,0,Email,0,0,DCA-02,2025-09-20,26,2025-10-16,Escalated,0,0.0,,,0,0,1,Low
C000025,17815,NA,Technology,15304.05,2,294,0,0.7,687.2,Good,4,SMS,0,0,DCA-02,2026-01-15,22,2026-02-06,Escalated,0,0.0,,,0,0,1,Low
C000026,16438,NA,Technology,17387.09,1,56,0,1.0,714.8,Good,6,Phone,0,0,DCA-09,2025-07-05,7,2025-07-12,Closed,1,17387.09,53.0,2025-08-27,0,1,0,Medium
C000027,14024,APAC,Finance,8581.17,5,324,0,0.836,540.4,Poor,3,Email,0,0,DCA-06,2025-07-01,27,2025-07-28,Escalated,0,0.0,,,0,0,1,Low
C000028,18227,IND,Automotive,8590.91,5,316,0,0.896,607.6,Fair,4,Email,1,0,DCA-07,2025-05-25,16,2025-06-10,Escalated,0,0.0,,,0,0,1,Low
C000029,15454,MEA,Technology,31479.05,4,316,0,0.857,620.1,Fair,1,SMS,0,0,DCA-02,2025-09-01,15,2025-09-16,Escalated,0,0.0,,,0,0,1,Low
C000030,14434,LATAM,Aviation,20844.75,2,88,1,1.0,700.1,Good,1,Email,0,0,DCA-07,2025-07-07,29,2025-08-05,In Progress,0,0.0,,,0,0,0,Medium
C000031,14504,NA,Automotive,6528.45,4,244,1,1.0,744.3,Very Good,7,Phone,0,0,DCA-07,2025-11-14,19,2025-12-03,Escalated,0,0.0,,,0,0,1,Low
C000032,12272,IND,Finance,15162.86,7,59,0,0.821,675.6,Good,3,Phone,0,0,DCA-05,2025-03-05,20,2025-03-25,In Progress,0,0.0,,,0,0,0,Low
C000033,10921,EU,Healthcare,2536.03,1,72,1,0.783,635.4,Fair,3,In-person,0,0,DCA-10,2025-02-23,14,2025-03-09,In Progress,0,0.0,,,0,0,0,Low
C000034,15545,APAC,Energy,8939.56,6,26,1,0.925,705.1,Good,6,Email,0,1,DCA-03,2025-12-19,30,2026-01-18,PTP,0,0.0,,,0,0,0,High
C000035,18878,IND,Logistics,26179.17,1,180,1,0.529,553.3,Poor,4,Email,0,0,DCA-06,2026-01-20,15,2026-02-04,In Progress,0,0.0,,,0,0,0,Low
C000036,10638,NA,Technology,12239.19,2,259,0,0.91,691.0,Good,4,Email,0,0,DCA-02,2025-05-17,15,2025-06-01,Escalated,0,0.0,,,0,0,1,Low
C000037,18582,EU,Technology,14509.21,7,73,0,0.864,734.1,Good,3,Portal,0,0,DCA-04,2025-09-14,25,2025-10-09,In Progress,0,0.0,,,0,0,0,Low
C000038,18276,IND,Manufacturing,1617.33,3,68,1,0.803,693.0,Good,1,Phone,1,0,DCA-03,2025-09-22,16,2025-10-08,Dispute,0,0.0,,,0,0,0,Low
C000039,12767,NA,Energy,10151.96,4,101,1,0.686,689.4,Good,3,SMS,0,1,DCA-07,2025-07-30,29,2025-08-28,PTP,0,0.0,,,0,0,0,Medium
C000040,16316,EU,Automotive,16929.12,3,72,0,0.899,664.0,Fair,2,Phone,0,1,DCA-08,2026-01-09,17,2026-01-26,Closed,1,15864.1,35.0,2026-02-13,0,1,0,Medium
C000041,11652,IND,Energy,18503.27,5,304,1,0.937,630.9,Fair,6,Phone,0,0,DCA-09,2025-12-25,23,2026-01-17,Escalated,0,0.0,,,0,0,1,Low
C000042,17580,NA,Automotive,26203.52,3,62,2,0.876,597.8,Fair,6,In-person,0,0,DCA-03,2025-02-19,27,2025-03-18,In Progress,0,0.0,,,0,0,0,Medium
C000043,17005,MEA,FMCG,11531.29,4,102,0,0.749,632.1,Fair,1,Email,0,0,DCA-07,2025-07-02,30,2025-08-01,In Progress,0,0.0,,,0,0,0,Low
C000044,13545,MEA,Manufacturing,11896.99,6,112,1,0.948,620.2,Fair,1,Phone,0,1,DCA-06,2025-09-25,13,2025-10-08,Closed,1,11896.99,32.0,2025-10-27,0,1,0,Medium
C000045,10679,EU,Technology,5258.06,4,74,1,0.871,603.1,Fair,4,In-person,0,0,DCA-06,2025-11-30,15,2025-12-15,Closed,1,5000.01,52.0,2026-01-21,0,1,0,Low
C000046,19706,NA,Logistics,11577.69,4,343,1,0.944,599.3,Fair,8,Email,0,0,DCA-03,2025-01-04,17,2025-01-21,Escalated,0,0.0,,,0,0,1,Low
C000047,14456,IND,Finance,5524.22,6,77,2,0.504,649.5,Fair,1,Email,1,0,DCA-07,2025-06-20,18,2025-07-08,Dispute,0,0.0,,,0,0,0,Low
C000048,18931,EU,Finance,3664.66,3,178,1,1.0,686.4,Good,4,Email,0,0,DCA-07,2026-01-10,25,2026-02-04,Closed,1,3442.03,54.0,2026-03-05,0,1,0,Medium
C000049,16779,IND,Aviation,6250.24,6,207,1,0.612,606.8,Fair,2,Portal,0,0,DCA-10,2025-07-05,30,2025-08-04,Escalated,0,0.0,,,0,0,1,Low
C000050,17783,IND,Automotive,38410.24,6,95,2,0.449,509.5,Poor,6,In-person,1,0,DCA-07,2025-05-14,14,2025-05-28,Escalated,0,0.0,,,0,0,1,Low
C000051,17598,NA,Manufacturing,11054.66,7,172,0,0.732,682.9,Good,4,Phone,0,0,DCA-07,2025-01-30,7,2025-02-06,In Progress,0,0.0,,,0,0,0,Medium
C000052,11946,EU,Finance,15582.66,4,63,0,1.0,836.1,Excellent,4,In-person,0,0,DCA-04,2025-04-25,16,2025-05-11,In Progress,0,0.0,,,0,0,0,Low
C000053,13639,MEA,Technology,9325.92,4,176,1,0.969,696.3,Good,1,Email,0,0,DCA-02,2025-08-27,9,2025-09-05,In Progress,0,0.0,,,0,0,0,Low
C000054,14667,LATAM,Manufacturing,3814.69,1,7,1,0.577,625.4,Fair,4,Phone,0,1,DCA-10,2025-05-02,28,2025-05-30,PTP,0,0.0,,,0,0,0,Medium
C000055,14977,APAC,Retail,25726.56,1,160,1,0.702,631.6,Fair,4,Phone,0,0,DCA-07,2025-03-20,25,2025-04-14,In Progress,0,0.0,,,0,0,0,Low
C000056,10438,APAC,Automotive,2920.36,1,133,0,0.82,619.9,Fair,2,Email,0,0,DCA-05,2026-01-27,15,2026-02-11,Closed,1,2329.1,48.0,2026-03-16,0,1,0,Medium
C000057,15465,IND,Manufacturing,9060.19,5,128,1,0.794,569.8,Poor,3,Phone,0,0,DCA-10,2025-01-17,17,2025-02-03,In Progress,0,0.0,,,0,0,0,Low
C000058,11542,IND,Retail,12858.62,3,41,1,0.825,679.7,Good,1,Phone,0,1,DCA-03,2025-04-28,20,2025-05-18,PTP,0,0.0,,,0,0,0,Medium
C000059,17433,APAC,Healthcare,15698.85,3,364,2,0.592,523.0,Poor,5,SMS,1,0,DCA-07,2025-08-12,24,2025-09-05,Escalated,0,0.0,,,0,0,1,Low
C000060,16830,EU,Energy,8034.27,5,10,1,0.778,658.2,Fair,1,Portal,0,0,DCA-03,2025-12-27,8,2026-01-04,In Progress,0,0.0,,,0,0,0,Medium
C000061,19225,NA,Aviation,3690.17,3,54,1,0.594,649.5,Fair,2,Email,0,1,DCA-05,2025-10-18,16,2025-11-03,PTP,0,0.0,,,0,0,0,Medium
C000062,17447,MEA,Healthcare,7625.36,1,38,1,0.933,653.0,Fair,2,Email,0,0,DCA-04,2025-12-22,29,2026-01-20,In Progress,0,0.0,,,0,0,0,Low
C000063,13666,NA,Finance,7909.89,4,356,2,0.748,535.7,Poor,6,Portal,0,0,DCA-08,2025-06-24,16,2025-07-10,Closed,1,6357.18,80.0,2025-09-12,0,0,0,Low
C000064,19675,NA,Finance,7776.29,4,116,1,0.796,678.1,Good,2,SMS,0,1,DCA-05,2025-12-04,22,2025-12-26,PTP,0,0.0,,,0,0,0,Medium
C000065,14108,NA,Manufacturing,26345.19,1,157,0,1.0,698.2,Good,2,Phone,0,0,DCA-04,2025-05-06,13,2025-05-19,In Progress,0,0.0,,,0,0,0,Low
C000066,13258,IND,Retail,5712.88,2,274,2,0.691,550.6,Poor,5,Phone,0,1,DCA-03,2025-03-04,30,2025-04-03,PTP,0,0.0,,,0,0,1,Low
C000067,19055,LATAM,Finance,16492.9,2,19,0,0.767,681.3,Good,5,Portal,0,1,DCA-09,2025-12-20,22,2026-01-11,Closed,1,15389.16,27.0,2026-01-16,1,1,0,High
C000068,13704,IND,Automotive,14925.22,5,25,0,0.841,718.2,Good,1,Email,0,0,DCA-02,2025-09-18,26,2025-10-14,In Progress,0,0.0,,,0,0,0,Medium
C000069,10763,NA,FMCG,26168.68,2,67,1,0.911,690.6,Good,2,Email,1,0,DCA-05,2025-01-27,30,2025-02-26,Dispute,0,0.0,,,0,0,0,Low
C000070,14695,APAC,Energy,12170.96,1,248,1,1.0,700.5,Good,8,Phone,0,0,DCA-05,2025-05-31,25,2025-06-25,Escalated,0,0.0,,,0,0,1,Medium
C000071,17956,LATAM,FMCG,23243.75,2,357,0,0.934,608.8,Fair,6,Email,0,1,DCA-05,2025-03-16,11,2025-03-27,PTP,0,0.0,,,0,0,1,Low
C000072,11894,IND,Logistics,11842.45,4,226,3,0.652,592.8,Fair,6,In-person,0,0,DCA-07,2025-07-06,10,2025-07-16,Escalated,0,0.0,,,0,0,1,Low
C000073,14629,LATAM,Logistics,18107.38,6,318,2,0.581,580.0,Fair,6,Email,0,0,DCA-09,2025-09-22,14,2025-10-06,Escalated,0,0.0,,,0,0,1,Low
C000074,11299,NA,Finance,4665.46,1,322,0,1.0,699.6,Good,4,SMS,0,0,DCA-02,2025-03-02,18,2025-03-20,Closed,1,3736.13,89.0,2025-05-30,0,0,0,Low
C000075,16864,MEA,Aviation,2107.39,7,101,0,0.917,719.4,Good,3,SMS,0,0,DCA-08,2025-12-27,14,2026-01-10,In Progress,0,0.0,,,0,0,0,Medium
C000076,14757,EU,Healthcare,17401.0,3,67,4,0.642,574.3,Poor,4,Email,0,0,DCA-02,2026-01-22,7,2026-01-29,In Progress,0,0.0,,,0,0,0,Low
C000077,13301,EU,Logistics,18066.74,3,59,1,0.514,706.7,Good,2,Email,0,0,DCA-01,2025-09-19,9,2025-09-28,In Progress,0,0.0,,,0,0,0,Low
C000078,12269,IND,Retail,18636.02,1,290,0,1.0,769.9,Very Good,6,Email,0,1,DCA-01,2025-04-15,20,2025-05-05,Closed,1,17705.63,49.0,2025-06-03,0,1,0,Low
C000079,15644,APAC,Finance,9251.56,2,244,0,0.513,530.3,Poor,5,Phone,0,0,DCA-09,2025-03-30,7,2025-04-06,Escalated,0,0.0,,,0,0,1,Low
C000080,16698,APAC,Aviation,37903.76,4,315,1,0.85,575.1,Poor,7,Email,0,1,DCA-09,2025-12-06,29,2026-01-04,Closed,1,32091.05,42.0,2026-01-17,0,1,0,Low
C000081,19403,IND,Automotive,9682.6,5,185,0,1.0,639.2,Fair,2,Portal,0,0,DCA-04,2025-06-21,13,2025-07-04,Closed,1,9009.23,56.0,2025-08-16,0,1,0,Medium
C000082,14371,IND,Automotive,17936.9,6,356,0,0.864,670.4,Good,2,SMS,0,1,DCA-07,2025-01-24,16,2025-02-09,PTP,0,0.0,,,0,0,1,Low
C000083,11606,LATAM,Finance,20256.79,4,326,1,0.773,541.6,Poor,4,Email,0,0,DCA-02,2025-06-10,14,2025-06-24,Escalated,0,0.0,,,0,0,1,Low
C000084,18326,IND,Aviation,44494.38,1,295,0,0.919,657.0,Fair,9,Email,0,1,DCA-08,2025-11-09,15,2025-11-24,PTP,0,0.0,,,0,0,1,Low
C000085,16297,APAC,Manufacturing,10700.86,3,293,1,0.775,567.9,Poor,5,Email,0,0,DCA-10,2025-09-10,22,2025-10-02,Escalated,0,0.0,,,0,0,1,Low
C000086,17002,IND,Automotive,8457.13,6,46,3,0.797,665.9,Fair,3,Portal,1,1,DCA-10,2025-11-11,13,2025-11-24,Dispute,0,0.0,,,0,0,0,Low
C000087,10972,MEA,Retail,4681.15,5,272,0,0.759,652.8,Fair,6,Portal,1,1,DCA-07,2025-09-21,19,2025-10-10,Escalated,0,0.0,,,0,0,1,Low
C000088,13123,IND,Energy,39602.87,5,345,0,0.724,602.6,Fair,4,Phone,0,1,DCA-05,2025-04-14,20,2025-05-04,Closed,1,35424.9,57.0,2025-06-10,0,1,0,Low
C000089,17678,IND,Energy,17943.58,4,107,1,1.0,731.9,Good,3,Phone,0,0,DCA-04,2025-08-12,26,2025-09-07,In Progress,0,0.0,,,0,0,0,Low
C000090,18322,EU,Logistics,18345.56,4,297,0,0.777,554.3,Poor,4,Phone,0,0,DCA-03,2025-08-13,28,2025-09-10,Escalated,0,0.0,,,0,0,1,Low
C000091,14352,IND,Energy,118384.49,7,128,2,1.0,732.9,Good,4,SMS,0,1,DCA-01,2026-01-24,12,2026-02-05,PTP,0,0.0,,,0,0,0,Medium
C000092,18047,APAC,Retail,16773.09,5,78,0,1.0,771.4,Very Good,1,Portal,0,0,DCA-02,2025-04-28,21,2025-05-19,Closed,1,12675.85,67.0,2025-07-04,0,0,0,Medium
C000093,18416,IND,Retail,5368.88,5,266,1,0.893,669.9,Fair,5,Email,0,0,DCA-06,2025-05-09,9,2025-05-18,Escalated,0,0.0,,,0,0,1,Low
C000094,13874,MEA,Retail,11647.74,3,61,2,0.667,634.6,Fair,1,Portal,1,0,DCA-03,2025-03-25,25,2025-04-19,Dispute,0,0.0,,,0,0,0,Low
C000095,18980,IND,Automotive,6752.39,4,176,1,0.802,618.1,Fair,2,Email,0,0,DCA-08,2025-06-01,16,2025-06-17,In Progress,0,0.0,,,0,0,0,Low
C000096,12883,MEA,Retail,10126.31,5,341,2,0.862,594.3,Fair,4,Email,0,0,DCA-08,2025-09-02,15,2025-09-17,Escalated,0,0.0,,,0,0,1,Low
C000097,12395,MEA,Healthcare,10078.78,7,58,2,1.0,695.4,Good,0,Portal,0,0,DCA-05,2025-06-20,27,2025-07-17,Closed,1,8577.45,51.0,2025-08-10,0,1,0,Medium
C000098,16824,IND,Finance,8858.06,6,57,0,1.0,649.5,Fair,2,Phone,0,1,DCA-10,2025-10-14,15,2025-10-29,Closed,1,8734.69,30.0,2025-11-13,1,1,0,Medium
C000099,16367,IND,Manufacturing,5037.69,5,344,1,0.904,659.8,Fair,2,Email,0,0,DCA-09,2025-01-25,13,2025-02-07,Escalated,0,0.0,,,0,0,1,Low
C000100,11397,LATAM,Finance,40731.26,6,283,0,0.829,663.6,Fair,1,Email,0,1,DCA-01,2025-10-09,12,2025-10-21,PTP,0,0.0,,,0,0,1,Low
C000101,18327,IND,Energy,16468.32,1,169,0,0.744,682.9,Good,2,Email,0,0,DCA-09,2025-12-23,23,2026-01-15,In Progress,0,0.0,,,0,0,0,Low
C000102,11999,EU,Technology,11409.13,2,148,2,0.499,533.7,Poor,3,Email,0,0,DCA-09,2025-11-28,9,2025-12-07,In Progress,0,0.0,,,0,0,0,Low
C000103,18048,APAC,Energy,22705.14,2,351,0,0.965,698.7,Good,4,In-person,0,1,DCA-04,2025-07-01,28,2025-07-29,PTP,0,0.0,,,0,0,1,Low
C000104,10073,IND,Aviation,18578.26,5,264,4,0.442,607.4,Fair,8,SMS,0,0,DCA-05,2025-10-10,27,2025-11-06,Escalated,0,0.0,,,0,0,1,Low
C000105,17968,NA,Aviation,16203.52,6,331,0,0.97,718.3,Good,4,Phone,0,0,DCA-01,2025-11-03,9,2025-11-12,Escalated,0,0.0,,,0,0,1,Low
C000106,17869,IND,Retail,21579.49,2,34,2,0.949,739.1,Good,1,Portal,0,0,DCA-03,2025-06-01,24,2025-06-25,In Progress,0,0.0,,,0,0,0,Low
C000107,17803,IND,Retail,14672.85,2,194,0,0.911,643.9,Fair,3,Email,0,0,DCA-10,2025-05-30,7,2025-06-06,Escalated,0,0.0,,,0,0,1,Low
C000108,16648,EU,Energy,21357.43,4,264,0,1.0,810.0,Excellent,5,Email,0,0,DCA-10,2026-01-22,10,2026-02-01,Escalated,0,0.0,,,0,0,1,Low
C000109,14715,IND,Technology,22633.32,7,14,0,0.609,668.0,Fair,1,Phone,0,0,DCA-07,2025-11-21,21,2025-12-12,Closed,1,16849.78,58.0,2026-01-18,0,1,0,Medium
C000110,17051,APAC,Logistics,14971.49,1,187,1,1.0,681.3,Good,5,Phone,0,1,DCA-01,2026-01-13,19,2026-02-01,PTP,0,0.0,,,0,0,1,Medium
C000111,12771,APAC,Aviation,11449.76,7,21,0,1.0,783.4,Very Good,3,Email,0,1,DCA-01,2025-12-09,26,2026-01-04,Closed,1,11096.07,39.0,2026-01-17,0,1,0,Medium
C000112,17807,APAC,Logistics,38998.5,2,328,0,0.748,587.3,Fair,9,Phone,0,0,DCA-06,2025-06-28,22,2025-07-20,Escalated,0,0.0,,,0,0,1,Low
C000113,15556,NA,Technology,9561.2,2,248,2,0.413,518.3,Poor,8,Phone,0,0,DCA-03,2025-06-07,8,2025-06-15,Escalated,0,0.0,,,0,0,1,Low
C000114,14589,LATAM,Manufacturing,17569.5,5,69,1,0.612,606.4,Fair,1,Email,0,0,DCA-07,2026-01-19,27,2026-02-15,In Progress,0,0.0,,,0,0,0,Low
C000115,15056,APAC,Finance,17849.59,6,190,0,0.859,640.6,Fair,3,Phone,0,1,DCA-01,2025-07-16,14,2025-07-30,PTP,0,0.0,,,0,0,1,Low
C000116,15687,IND,Technology,8719.43,7,40,0,0.841,675.8,Good,2,SMS,0,0,DCA-10,2026-01-24,10,2026-02-03,In Progress,0,0.0,,,0,0,0,Low
C000117,10372,IND,Energy,7589.53,1,293,2,0.714,474.8,Poor,8,In-person,1,0,DCA-02,2025-09-03,16,2025-09-19,Escalated,0,0.0,,,0,0,1,Low
C000118,11397,APAC,Manufacturing,10428.56,1,72,1,0.73,656.7,Fair,6,Portal,0,0,DCA-04,2025-10-21,9,2025-10-30,Closed,1,8905.75,70.0,2025-12-30,0,0,0,Low
C000119,12454,IND,Technology,9465.87,4,222,3,0.733,539.6,Poor,2,Email,0,1,DCA-01,2025-10-08,13,2025-10-21,PTP,0,0.0,,,0,0,1,Low
C000120,11145,IND,Retail,4814.12,4,29,0,1.0,758.8,Very Good,1,Email,0,0,DCA-04,2025-11-15,13,2025-11-28,In Progress,0,0.0,,,0,0,0,Medium
C000121,14396,LATAM,Retail,8467.19,2,58,1,0.725,647.9,Fair,1,Phone,0,0,DCA-04,2025-02-27,28,2025-03-27,In Progress,0,0.0,,,0,0,0,Low
C000122,16684,IND,Logistics,16096.48,5,357,3,0.651,621.1,Fair,3,Phone,0,1,DCA-07,2025-02-15,12,2025-02-27,PTP,0,0.0,,,0,0,1,Low
C000123,16544,APAC,Technology,32408.0,2,141,0,1.0,760.0,Very Good,2,Portal,0,0,DCA-09,2025-04-27,20,2025-05-17,In Progress,0,0.0,,,0,0,0,Low
C000124,14710,NA,Manufacturing,19694.09,7,45,1,0.876,634.3,Fair,1,Portal,0,1,DCA-09,2025-04-17,10,2025-04-27,PTP,0,0.0,,,0,0,0,Medium
C000125,18550,APAC,Healthcare,2165.33,2,255,5,0.64,520.7,Poor,7,Phone,0,0,DCA-08,2025-07-15,9,2025-07-24,Escalated,0,0.0,,,0,0,1,Low
C000126,15652,APAC,Manufacturing,20929.45,5,74,0,0.789,598.6,Fair,4,Portal,0,0,DCA-10,2025-02-18,28,2025-03-18,In Progress,0,0.0,,,0,0,0,Medium
C000127,10791,APAC,Energy,9038.91,4,215,2,0.634,543.4,Poor,3,Phone,1,0,DCA-01,2025-07-31,16,2025-08-16,Escalated,0,0.0,,,0,0,1,Low
C000128,17649,NA,Technology,18345.8,1,295,3,0.853,639.4,Fair,3,Phone,0,0,DCA-08,2025-03-02,30,2025-04-01,Escalated,0,0.0,,,0,0,1,Low
C000129,15746,NA,Technology,13228.19,5,249,2,0.904,694.9,Good,4,Phone,0,1,DCA-02,2025-10-16,12,2025-10-28,PTP,0,0.0,,,0,0,1,Low
C000130,16347,APAC,Logistics,11673.99,2,90,3,0.857,620.9,Fair,2,Phone,0,1,DCA-07,2025-11-04,22,2025-11-26,PTP,0,0.0,,,0,0,0,Medium
C000131,15653,IND,Manufacturing,12437.05,4,87,0,1.0,705.8,Good,3,Email,0,0,DCA-09,2026-01-19,7,2026-01-26,Closed,1,10628.57,48.0,2026-03-08,0,1,0,Medium
C000132,15535,EU,Healthcare,13151.66,5,81,0,0.855,749.9,Very Good,1,Email,1,1,DCA-07,2025-03-22,25,2025-04-16,Dispute,0,0.0,,,0,0,0,Medium
C000133,10905,NA,Healthcare,34237.73,1,231,0,1.0,496.4,Poor,1,Email,0,0,DCA-02,2025-02-02,27,2025-03-01,Escalated,0,0.0,,,0,0,1,Low
C000134,15592,EU,Finance,13177.13,2,245,1,0.535,603.9,Fair,2,Phone,0,0,DCA-02,2025-05-30,19,2025-06-18,Escalated,0,0.0,,,0,0,1,Low
C000135,17949,APAC,Aviation,28563.22,3,190,1,1.0,677.0,Good,3,Phone,0,0,DCA-09,2025-10-15,24,2025-11-08,Escalated,0,0.0,,,0,0,1,Low
C000136,13039,NA,Finance,25794.95,7,146,0,0.59,590.1,Fair,1,Email,0,0,DCA-10,2025-06-22,21,2025-07-13,In Progress,0,0.0,,,0,0,0,Low
C000137,16028,APAC,FMCG,21310.0,2,23,1,0.897,708.6,Good,2,Portal,0,0,DCA-08,2025-03-23,19,2025-04-11,Closed,1,20455.35,52.0,2025-05-14,0,1,0,Medium
C000138,10308,LATAM,Healthcare,3825.2,7,305,0,0.927,605.2,Fair,5,Phone,0,1,DCA-03,2025-01-28,27,2025-02-24,PTP,0,0.0,,,0,0,1,Low
C000139,13474,IND,Retail,29191.79,4,241,0,0.799,578.4,Poor,1,Phone,1,1,DCA-03,2025-03-06,25,2025-03-31,Escalated,0,0.0,,,0,0,1,Low
C000140,14367,APAC,Logistics,9696.0,7,233,3,0.847,642.3,Fair,11,Email,0,0,DCA-01,2025-12-07,28,2026-01-04,Closed,1,7619.66,64.0,2026-02-09,0,0,0,Low
C000141,19827,MEA,Technology,22048.7,6,38,0,0.789,595.4,Fair,2,Email,0,0,DCA-05,2025-11-20,12,2025-12-02,Closed,1,19422.08,51.0,2026-01-10,0,1,0,Medium
C000142,12145,MEA,Aviation,6763.03,3,105,4,0.435,549.9,Poor,2,Phone,0,0,DCA-04,2025-12-01,14,2025-12-15,In Progress,0,0.0,,,0,0,0,Low
C000143,12765,APAC,Manufacturing,5828.11,4,111,1,0.888,631.4,Fair,5,Phone,0,0,DCA-03,2025-07-22,9,2025-07-31,In Progress,0,0.0,,,0,0,0,Low
C000144,14085,APAC,Manufacturing,53288.3,6,218,0,0.779,574.8,Poor,7,In-person,0,1,DCA-07,2025-01-08,26,2025-02-03,PTP,0,0.0,,,0,0,1,Medium
C000145,19926,EU,Healthcare,6837.05,1,287,0,0.892,720.9,Good,5,SMS,0,0,DCA-02,2025-09-24,16,2025-10-10,Escalated,0,0.0,,,0,0,1,Low
C000146,18534,NA,Aviation,29800.33,5,316,3,0.542,433.4,Poor,10,Email,0,0,DCA-01,2025-08-22,7,2025-08-29,Escalated,0,0.0,,,0,0,1,Low
C000147,10346,APAC,Manufacturing,14514.37,4,191,0,0.842,678.6,Good,6,Phone,0,0,DCA-05,2025-09-08,30,2025-10-08,Escalated,0,0.0,,,0,0,1,Low
C000148,12339,EU,Logistics,9955.85,1,133,2,0.667,614.2,Fair,4,Portal,1,0,DCA-08,2025-08-25,9,2025-09-03,Escalated,0,0.0,,,0,0,1,Low
C000149,18216,EU,Healthcare,12947.01,7,149,0,1.0,711.6,Good,1,Portal,0,0,DCA-02,2025-04-08,29,2025-05-07,In Progress,0,0.0,,,0,0,0,Medium
C000150,10583,IND,Retail,5373.5,2,269,0,1.0,608.6,Fair,5,Portal,0,0,DCA-06,2025-09-04,14,2025-09-18,Escalated,0,0.0,,,0,0,1,Low
C000151,18556,MEA,Manufacturing,13231.72,7,116,2,0.949,589.2,Fair,1,Portal,0,0,DCA-01,2026-01-12,21,2026-02-02,In Progress,0,0.0,,,0,0,0,Low
C000152,12813,NA,Healthcare,6260.92,2,152,3,0.984,620.2,Fair,1,Email,0,0,DCA-03,2025-04-13,18,2025-05-01,Closed,1,5560.47,58.0,2025-06-10,0,1,0,Low
C000153,19176,NA,FMCG,10129.32,4,287,0,1.0,751.4,Very Good,3,Phone,0,0,DCA-09,2025-04-10,18,2025-04-28,Escalated,0,0.0,,,0,0,1,Low
C000154,12935,IND,Manufacturing,25532.56,3,198,2,0.756,572.4,Poor,2,SMS,0,0,DCA-02,2025-03-08,12,2025-03-20,Escalated,0,0.0,,,0,0,1,Low
C000155,14343,APAC,Automotive,15961.48,7,171,1,0.867,723.3,Good,3,Portal,0,0,DCA-07,2025-09-09,17,2025-09-26,Closed,1,13757.66,64.0,2025-11-12,0,0,0,Low
C000156,16619,NA,FMCG,4733.79,7,268,2,0.625,543.3,Poor,6,Portal,0,0,DCA-01,2025-02-04,27,2025-03-03,Escalated,0,0.0,,,0,0,1,Low
C000157,11262,LATAM,Finance,24246.84,6,106,1,0.965,663.9,Fair,1,Phone,0,0,DCA-06,2025-08-26,14,2025-09-09,In Progress,0,0.0,,,0,0,0,Low
C000158,15570,IND,Logistics,13293.5,6,23,2,0.789,716.0,Good,1,Email,0,0,DCA-03,2025-10-12,20,2025-11-01,Closed,1,12212.86,45.0,2025-11-26,0,1,0,Medium
C000159,15050,LATAM,Retail,9140.5,6,287,2,0.752,565.5,Poor,4,Phone,1,0,DCA-03,2025-04-28,28,2025-05-26,Escalated,0,0.0,,,0,0,1,Low
C000160,17838,LATAM,Manufacturing,22531.59,3,166,1,0.842,739.5,Good,4,Portal,0,0,DCA-06,2025-07-14,16,2025-07-30,In Progress,0,0.0,,,0,0,0,Low
C000161,19961,IND,Automotive,11884.08,7,119,0,1.0,770.0,Very Good,2,Phone,0,0,DCA-10,2025-04-07,30,2025-05-07,Closed,1,11884.08,59.0,2025-06-05,0,1,0,Low
C000162,16643,NA,Automotive,5907.85,4,35,0,0.835,692.8,Good,3,Email,0,0,DCA-03,2025-08-31,26,2025-09-26,In Progress,0,0.0,,,0,0,0,Medium
C000163,14091,LATAM,Finance,48701.58,3,338,2,0.881,567.2,Poor,6,Phone,0,0,DCA-06,2025-03-13,21,2025-04-03,Escalated,0,0.0,,,0,0,1,Low
C000164,14063,EU,Logistics,13199.03,2,264,0,0.925,743.4,Very Good,3,SMS,1,0,DCA-04,2025-08-09,23,2025-09-01,Escalated,0,0.0,,,0,0,1,Low
C000165,14179,MEA,Logistics,12619.9,5,100,1,0.959,689.3,Good,2,In-person,0,1,DCA-07,2025-08-13,25,2025-09-07,Closed,1,12619.9,38.0,2025-09-20,0,1,0,Medium
C000166,18140,LATAM,Logistics,10061.05,2,222,0,0.911,591.5,Fair,4,Phone,0,0,DCA-10,2025-09-17,25,2025-10-12,Escalated,0,0.0,,,0,0,1,Low
C000167,13212,IND,Healthcare,30515.07,5,170,0,0.847,685.8,Good,6,SMS,0,0,DCA-05,2025-12-23,13,2026-01-05,In Progress,0,0.0,,,0,0,0,Low
C000168,11669,LATAM,Healthcare,9251.91,1,120,0,0.709,706.6,Good,6,Email,0,1,DCA-10,2025-10-06,14,2025-10-20,Closed,1,9251.91,56.0,2025-12-01,0,1,0,Medium
C000169,13342,LATAM,Finance,4530.17,5,114,0,0.948,754.9,Very Good,6,Phone,0,0,DCA-10,2025-04-19,29,2025-05-18,In Progress,0,0.0,,,0,0,0,Medium
C000170,10227,APAC,Aviation,8307.6,5,28,1,1.0,772.1,Very Good,2,Email,1,1,DCA-09,2025-03-25,14,2025-04-08,Dispute,0,0.0,,,0,0,0,Low
C000171,11061,NA,FMCG,33817.79,4,355,1,0.942,585.9,Fair,3,Phone,0,0,DCA-03,2025-06-20,24,2025-07-14,Escalated,0,0.0,,,0,0,1,Low
C000172,10900,APAC,FMCG,23920.53,5,337,2,0.647,543.9,Poor,5,Portal,0,1,DCA-07,2025-09-29,14,2025-10-13,PTP,0,0.0,,,0,0,1,Low
C000173,17715,NA,FMCG,11175.61,7,317,0,0.867,643.8,Fair,1,Portal,0,1,DCA-04,2025-06-05,15,2025-06-20,PTP,0,0.0,,,0,0,1,Low
C000174,17223,LATAM,Logistics,34936.19,6,115,0,0.732,614.9,Fair,5,Phone,1,1,DCA-02,2025-04-20,25,2025-05-15,Escalated,0,0.0,,,0,0,1,Low
C000175,16967,EU,Healthcare,22551.56,4,363,0,1.0,577.3,Poor,7,Phone,0,0,DCA-05,2025-10-03,22,2025-10-25,Escalated,0,0.0,,,0,0,1,Low
C000176,14618,NA,Manufacturing,11085.44,7,101,1,0.924,778.3,Very Good,4,Portal,0,0,DCA-05,2025-01-11,16,2025-01-27,In Progress,0,0.0,,,0,0,0,Low
C000177,17170,IND,FMCG,11894.88,7,301,3,0.732,584.1,Fair,9,Portal,0,0,DCA-07,2025-11-27,21,2025-12-18,Escalated,0,0.0,,,0,0,1,Low
C000178,11612,EU,Healthcare,16823.34,2,37,1,0.929,658.3,Fair,1,SMS,0,0,DCA-04,2025-11-20,9,2025-11-29,Closed,1,14576.09,48.0,2026-01-07,0,1,0,Low
C000179,19006,LATAM,FMCG,7462.75,3,114,0,1.0,740.6,Very Good,3,Phone,0,0,DCA-01,2025-02-05,14,2025-02-19,In Progress,0,0.0,,,0,0,0,Low
C000180,15010,MEA,Technology,13401.92,6,211,0,0.73,661.1,Fair,5,SMS,0,0,DCA-03,2025-10-24,19,2025-11-12,Closed,1,12283.67,56.0,2025-12-19,0,1,0,Low
C000181,19380,APAC,Manufacturing,16580.11,4,353,1,0.607,588.4,Fair,8,Phone,0,0,DCA-09,2025-08-06,27,2025-09-02,Escalated,0,0.0,,,0,0,1,Low
C000182,11523,NA,FMCG,4101.56,1,97,5,0.613,621.1,Fair,2,Phone,0,0,DCA-09,2025-10-25,12,2025-11-06,In Progress,0,0.0,,,0,0,0,Low
C000183,14973,IND,Technology,11701.54,4,158,0,1.0,786.3,Very Good,1,In-person,0,1,DCA-01,2025-10-30,16,2025-11-15,PTP,0,0.0,,,0,0,0,Medium
C000184,16963,EU,Aviation,10806.04,3,307,1,0.825,571.1,Poor,4,Phone,0,0,DCA-02,2025-05-29,20,2025-06-18,Escalated,0,0.0,,,0,0,1,Low
C000185,14956,EU,Logistics,27437.0,6,172,0,0.877,658.3,Fair,7,Phone,0,1,DCA-01,2025-11-19,13,2025-12-02,PTP,0,0.0,,,0,0,0,Medium
C000186,14461,IND,Finance,3673.32,4,249,0,0.983,636.6,Fair,7,Email,0,0,DCA-05,2025-11-02,19,2025-11-21,Escalated,0,0.0,,,0,0,1,Low
C000187,11662,IND,Manufacturing,10228.63,1,153,1,0.857,646.9,Fair,7,Phone,1,0,DCA-02,2025-10-03,23,2025-10-26,Escalated,0,0.0,,,0,0,1,Low
C000188,13810,IND,Technology,9535.45,1,2,0,0.862,777.9,Very Good,0,Phone,0,0,DCA-08,2025-04-25,13,2025-05-08,In Progress,0,0.0,,,0,0,0,Medium
C000189,12387,IND,Energy,26161.64,3,104,1,0.837,622.0,Fair,3,Email,0,0,DCA-09,2025-03-29,12,2025-04-10,In Progress,0,0.0,,,0,0,0,Low
C000190,13015,NA,FMCG,12958.63,2,206,0,0.589,610.5,Fair,1,In-person,0,0,DCA-05,2025-04-28,29,2025-05-27,Escalated,0,0.0,,,0,0,1,Low
C000191,16837,IND,Automotive,46970.09,7,8,0,0.872,735.7,Good,1,Portal,0,0,DCA-05,2025-05-06,24,2025-05-30,Closed,1,40068.82,36.0,2025-06-11,0,1,0,Medium
C000192,16302,EU,Energy,21238.04,2,85,1,0.73,707.4,Good,6,In-person,0,0,DCA-06,2025-05-25,17,2025-06-11,In Progress,0,0.0,,,0,0,0,Low
C000193,16071,EU,Aviation,10025.07,5,347,1,0.797,555.1,Poor,6,Email,0,1,DCA-03,2025-10-31,14,2025-11-14,PTP,0,0.0,,,0,0,1,Low
C000194,13618,EU,Finance,15799.93,1,6,0,0.897,708.8,Good,2,Phone,0,0,DCA-07,2025-10-13,19,2025-11-01,In Progress,0,0.0,,,0,0,0,High
C000195,19596,NA,Finance,10426.98,4,91,1,0.908,622.7,Fair,2,Email,0,1,DCA-07,2025-05-14,27,2025-06-10,Closed,1,10151.73,39.0,2025-06-22,0,1,0,Medium
C000196,10876,LATAM,Healthcare,24381.44,7,226,1,0.86,553.2,Poor,3,Phone,0,0,DCA-02,2025-04-09,24,2025-05-03,Escalated,0,0.0,,,0,0,1,Low
C000197,13425,LATAM,Technology,5257.77,5,205,0,0.913,704.0,Good,2,Email,0,0,DCA-04,2025-10-16,19,2025-11-04,Escalated,0,0.0,,,0,0,1,Low
C000198,11180,IND,Finance,7505.66,3,75,0,0.935,747.1,Very Good,4,Phone,0,1,DCA-05,2025-01-30,22,2025-02-21,Closed,1,7505.66,18.0,2025-02-17,1,1,0,High
C000199,13389,NA,Healthcare,18379.35,6,22,4,0.883,586.0,Fair,5,Email,0,0,DCA-10,2025-08-12,10,2025-08-22,In Progress,0,0.0,,,0,0,0,Low
C000200,19618,APAC,Aviation,31509.03,4,328,0,0.68,622.8,Fair,4,Email,0,1,DCA-02,2025-04-13,7,2025-04-20,PTP,0,0.0,,,0,0,1,Low
C000201,13662,LATAM,Finance,2860.13,2,201,0,0.578,569.7,Poor,2,Phone,0,1,DCA-01,2025-08-23,24,2025-09-16,PTP,0,0.0,,,0,0,1,Low
C000202,19085,EU,Energy,34965.94,7,209,0,0.916,709.5,Good,4,Email,0,0,DCA-02,2025-07-01,18,2025-07-19,Closed,1,23495.15,52.0,2025-08-22,0,1,0,Low
C000203,14950,EU,Aviation,12111.44,7,22,0,0.739,635.1,Fair,5,Portal,0,0,DCA-03,2025-01-28,28,2025-02-25,In Progress,0,0.0,,,0,0,0,Medium
C000204,16997,NA,Manufacturing,3573.45,4,77,3,0.622,509.4,Poor,4,Email,0,0,DCA-07,2025-05-06,28,2025-06-03,In Progress,0,0.0,,,0,0,0,Low
C000205,14574,EU,Healthcare,1634.01,1,27,0,0.97,783.0,Very Good,5,Phone,0,1,DCA-01,2025-07-18,30,2025-08-17,Closed,1,1413.45,46.0,2025-09-02,0,1,0,Medium
C000206,12658,APAC,Healthcare,4579.89,3,357,0,1.0,745.2,Very Good,2,Email,1,0,DCA-01,2025-10-12,28,2025-11-09,Escalated,0,0.0,,,0,0,1,Low
C000207,17642,NA,Retail,13176.72,4,281,2,0.71,599.6,Fair,5,Phone,1,0,DCA-09,2025-12-30,21,2026-01-20,Escalated,0,0.0,,,0,0,1,Low
C000208,19691,IND,Finance,12757.46,7,199,0,0.937,745.5,Very Good,1,Email,0,0,DCA-02,2025-01-31,10,2025-02-10,Escalated,0,0.0,,,0,0,1,Medium
C000209,12635,MEA,FMCG,20811.07,6,248,2,0.698,723.8,Good,1,In-person,0,0,DCA-04,2025-10-04,22,2025-10-26,Escalated,0,0.0,,,0,0,1,Low
C000210,17787,NA,Energy,9093.9,2,61,0,0.941,709.7,Good,0,Portal,0,0,DCA-04,2025-09-17,14,2025-10-01,Closed,1,9093.9,41.0,2025-10-28,0,1,0,Medium
C000211,12611,NA,Energy,6151.01,4,360,0,0.606,649.2,Fair,5,Portal,0,0,DCA-08,2025-01-03,27,2025-01-30,Escalated,0,0.0,,,0,0,1,Low
C000212,17168,NA,FMCG,10004.99,2,189,0,0.883,677.6,Good,2,Email,0,0,DCA-10,2025-05-04,13,2025-05-17,Escalated,0,0.0,,,0,0,1,Low
C000213,17890,IND,Energy,13677.77,4,189,1,0.93,747.3,Very Good,6,Phone,1,0,DCA-08,2025-02-24,28,2025-03-24,Escalated,0,0.0,,,0,0,1,Low
C000214,14493,EU,Healthcare,15701.96,4,350,0,0.939,601.4,Fair,5,Portal,0,0,DCA-06,2025-03-14,28,2025-04-11,Escalated,0,0.0,,,0,0,1,Low
C000215,17369,IND,Healthcare,7689.3,4,35,1,1.0,770.7,Very Good,3,Phone,0,0,DCA-06,2025-05-11,18,2025-05-29,In Progress,0,0.0,,,0,0,0,Medium
C000216,12722,IND,Logistics,25109.78,3,155,0,0.883,737.9,Good,4,Email,1,0,DCA-05,2025-04-03,30,2025-05-03,Escalated,0,0.0,,,0,0,1,Low
C000217,10792,EU,Manufacturing,8647.47,4,33,1,0.788,665.2,Fair,4,Phone,0,0,DCA-10,2025-08-29,16,2025-09-14,In Progress,0,0.0,,,0,0,0,Low
C000218,10963,IND,Automotive,7267.72,6,155,1,1.0,709.4,Good,4,Portal,0,0,DCA-10,2025-03-20,17,2025-04-06,In Progress,0,0.0,,,0,0,0,Low
C000219,14470,EU,Energy,9139.18,4,98,1,1.0,704.9,Good,2,Email,0,1,DCA-08,2025-02-28,29,2025-03-29,Closed,1,9139.18,30.0,2025-03-30,1,1,0,Medium
C000220,19026,EU,Healthcare,28350.16,1,168,4,1.0,663.0,Fair,5,Email,0,0,DCA-09,2025-12-07,23,2025-12-30,In Progress,0,0.0,,,0,0,0,Low
C000221,11275,IND,Healthcare,12173.81,6,256,0,0.774,732.9,Good,2,Phone,0,0,DCA-06,2025-07-27,11,2025-08-07,Escalated,0,0.0,,,0,0,1,Low
C000222,14557,LATAM,Manufacturing,8216.01,5,102,0,0.866,657.6,Fair,3,Email,0,0,DCA-06,2025-04-27,11,2025-05-08,In Progress,0,0.0,,,0,0,0,Medium
C000223,17040,MEA,Automotive,25547.01,5,19,0,0.954,750.4,Very Good,1,Phone,0,1,DCA-08,2025-11-21,19,2025-12-10,PTP,0,0.0,,,0,0,0,Medium
C000224,12023,APAC,Manufacturing,59869.59,5,59,0,1.0,715.3,Good,4,Phone,0,0,DCA-04,2025-11-18,22,2025-12-10,In Progress,0,0.0,,,0,0,0,Low
C000225,17216,APAC,Finance,15471.85,2,261,0,0.838,583.5,Fair,4,Phone,1,1,DCA-07,2025-01-04,20,2025-01-24,Escalated,0,0.0,,,0,0,1,Low
C000226,13059,IND,Technology,31687.89,7,211,3,0.624,555.4,Poor,3,Email,0,0,DCA-05,2025-04-25,8,2025-05-03,Escalated,0,0.0,,,0,0,1,Low
C000227,18086,NA,Energy,27591.27,7,357,1,0.976,627.9,Fair,3,Phone,0,0,DCA-10,2025-08-02,10,2025-08-12,Escalated,0,0.0,,,0,0,1,Low
C000228,15792,IND,Logistics,8743.38,2,326,2,0.903,606.4,Fair,2,Phone,1,1,DCA-04,2025-01-02,8,2025-01-10,Escalated,0,0.0,,,0,0,1,Low
C000229,15469,IND,FMCG,13611.14,2,59,0,0.767,685.8,Good,2,Phone,1,0,DCA-07,2025-09-24,25,2025-10-19,Dispute,0,0.0,,,0,0,0,Medium
C000230,11767,EU,Retail,5443.72,2,268,4,0.966,561.7,Poor,3,SMS,0,1,DCA-01,2025-01-03,16,2025-01-19,PTP,0,0.0,,,0,0,1,Low
C000231,14632,MEA,Healthcare,11574.28,7,33,4,0.781,588.4,Fair,5,Phone,0,0,DCA-06,2026-01-24,16,2026-02-09,In Progress,0,0.0,,,0,0,0,Low
C000232,18566,NA,Logistics,8618.5,7,36,0,0.7,676.5,Good,2,Phone,1,0,DCA-08,2025-05-26,27,2025-06-22,Closed,1,6220.94,55.0,2025-07-20,0,1,0,Low
C000233,10195,IND,Automotive,10076.69,2,289,0,1.0,685.1,Good,7,Email,0,0,DCA-09,2025-07-30,30,2025-08-29,Escalated,0,0.0,,,0,0,1,Low
C000234,17585,IND,Automotive,7903.6,5,146,2,0.893,656.6,Fair,3,Portal,0,1,DCA-09,2025-12-04,7,2025-12-11,PTP,0,0.0,,,0,0,0,Low
C000235,14927,NA,Aviation,10927.44,2,364,1,0.804,576.3,Poor,4,Phone,0,1,DCA-06,2025-08-07,28,2025-09-04,PTP,0,0.0,,,0,0,1,Low
C000236,17194,EU,Logistics,19390.97,1,2,1,1.0,764.6,Very Good,1,Phone,0,0,DCA-06,2025-08-22,14,2025-09-05,In Progress,0,0.0,,,0,0,0,Medium
C000237,16632,LATAM,Energy,12287.72,2,183,0,0.729,606.3,Fair,6,Phone,0,0,DCA-04,2026-01-13,25,2026-02-07,Closed,1,9358.06,59.0,2026-03-13,0,1,0,Low
C000238,14320,MEA,Automotive,3622.57,1,113,0,0.973,650.0,Fair,4,Email,0,0,DCA-10,2025-09-26,22,2025-10-18,Closed,1,3456.94,68.0,2025-12-03,0,0,0,Medium
C000239,13086,NA,Finance,7924.51,6,359,0,0.712,722.0,Good,10,SMS,0,0,DCA-07,2025-06-11,10,2025-06-21,Closed,1,6412.96,72.0,2025-08-22,0,0,0,Low
C000240,16273,APAC,Retail,4612.02,6,244,1,0.967,664.4,Fair,3,Email,0,0,DCA-03,2025-06-13,14,2025-06-27,Escalated,0,0.0,,,0,0,1,Low
C000241,11402,APAC,Aviation,15848.69,2,281,1,1.0,710.8,Good,2,Phone,0,1,DCA-09,2025-09-14,16,2025-09-30,Closed,1,14092.29,41.0,2025-10-25,0,1,0,Medium
C000242,15840,MEA,FMCG,19002.43,4,106,0,1.0,685.3,Good,3,Portal,0,0,DCA-07,2025-04-19,7,2025-04-26,Closed,1,18260.43,55.0,2025-06-13,0,1,0,Medium
C000243,10946,EU,Retail,15987.84,2,326,1,0.583,558.2,Poor,5,Phone,0,0,DCA-07,2025-01-01,16,2025-01-17,Closed,1,10626.7,85.0,2025-03-27,0,0,0,Low
C000244,16498,EU,Healthcare,7698.78,4,306,0,1.0,800.6,Excellent,7,Email,0,0,DCA-02,2025-09-11,19,2025-09-30,Escalated,0,0.0,,,0,0,1,Low
C000245,16287,NA,Healthcare,15879.71,7,286,0,1.0,696.3,Good,4,In-person,0,1,DCA-01,2025-09-19,21,2025-10-10,PTP,0,0.0,,,0,0,1,Low
C000246,10844,IND,Logistics,9613.47,7,174,0,0.896,749.6,Very Good,5,Phone,0,0,DCA-06,2025-08-17,9,2025-08-26,In Progress,0,0.0,,,0,0,0,Low
C000247,17574,NA,Automotive,6022.41,6,336,1,0.984,630.9,Fair,5,Email,0,0,DCA-02,2025-05-03,24,2025-05-27,Escalated,0,0.0,,,0,0,1,Low
C000248,14158,APAC,FMCG,22456.85,2,244,1,0.949,667.9,Fair,4,Phone,0,0,DCA-07,2025-01-14,14,2025-01-28,Escalated,0,0.0,,,0,0,1,Low
C000249,17868,NA,Technology,23685.53,2,24,1,0.478,656.6,Fair,3,Phone,1,0,DCA-07,2025-03-17,19,2025-04-05,Closed,1,16914.95,45.0,2025-05-01,0,1,0,Low
C000250,10416,NA,Energy,25957.78,2,322,0,0.806,533.1,Poor,3,Phone,0,1,DCA-04,2025-08-07,28,2025-09-04,PTP,0,0.0,,,0,0,1,Low
C000251,11794,MEA,FMCG,8726.82,1,8,0,0.699,676.3,Good,2,Phone,0,0,DCA-05,2025-01-13,18,2025-01-31,In Progress,0,0.0,,,0,0,0,Medium
C000252,14939,NA,Energy,30502.19,5,249,2,0.631,630.0,Fair,6,Portal,0,0,DCA-09,2025-09-07,21,2025-09-28,Escalated,0,0.0,,,0,0,1,Low
C000253,11882,LATAM,Finance,9456.83,5,91,0,0.847,600.9,Fair,3,Email,1,0,DCA-07,2025-03-15,28,2025-04-12,Escalated,0,0.0,,,0,0,1,Low
C000254,13298,LATAM,FMCG,21108.92,7,327,0,0.946,713.1,Good,4,Phone,0,0,DCA-04,2025-05-26,24,2025-06-19,Escalated,0,0.0,,,0,0,1,Low
C000255,16605,IND,Technology,9342.8,1,266,1,0.916,611.1,Fair,3,SMS,0,0,DCA-06,2026-01-25,16,2026-02-10,Escalated,0,0.0,,,0,0,1,Low
C000256,11445,APAC,Finance,11421.04,2,295,0,1.0,694.2,Good,4,In-person,0,0,DCA-05,2025-05-16,10,2025-05-26,Escalated,0,0.0,,,0,0,1,Low
C000257,16777,NA,Finance,2453.27,6,255,3,0.843,577.0,Poor,5,Email,0,0,DCA-01,2025-06-09,17,2025-06-26,Escalated,0,0.0,,,0,0,1,Low
C000258,11034,APAC,Retail,10814.69,5,207,1,0.769,577.1,Poor,6,Email,0,0,DCA-04,2025-11-08,24,2025-12-02,Escalated,0,0.0,,,0,0,1,Low
C000259,11751,NA,Finance,14239.33,3,315,2,0.947,633.4,Fair,4,Portal,0,0,DCA-02,2025-01-27,16,2025-02-12,Escalated,0,0.0,,,0,0,1,Low
C000260,15876,APAC,Finance,10026.28,2,109,1,0.765,685.2,Good,1,In-person,1,1,DCA-02,2025-05-27,11,2025-06-07,Closed,1,9435.89,34.0,2025-06-30,0,1,1,Low
C000261,17934,APAC,FMCG,45676.15,4,193,1,0.826,604.4,Fair,3,SMS,0,1,DCA-04,2025-07-11,8,2025-07-19,Closed,1,39308.67,47.0,2025-08-27,0,1,0,Medium
C000262,11705,APAC,Finance,5921.08,2,109,0,1.0,826.3,Excellent,0,Phone,0,1,DCA-10,2025-04-24,28,2025-05-22,PTP,0,0.0,,,0,0,0,Low
C000263,12999,IND,FMCG,9004.62,4,42,0,0.892,670.9,Good,2,In-person,1,0,DCA-06,2026-01-24,12,2026-02-05,Dispute,0,0.0,,,0,0,0,Low
C000264,19251,EU,Manufacturing,7091.05,7,319,1,0.894,594.4,Fair,2,Phone,0,0,DCA-04,2025-11-06,23,2025-11-29,Escalated,0,0.0,,,0,0,1,Low
C000265,19896,IND,Retail,9003.39,2,181,0,0.782,669.5,Fair,5,Email,0,1,DCA-02,2025-01-23,27,2025-02-19,PTP,0,0.0,,,0,0,1,Low
C000266,15810,IND,Healthcare,27501.32,1,20,3,0.725,624.9,Fair,3,Portal,0,0,DCA-04,2026-01-25,23,2026-02-17,In Progress,0,0.0,,,0,0,0,Low
C000267,14470,EU,Retail,37594.85,6,301,1,1.0,595.8,Fair,4,Phone,0,0,DCA-03,2025-03-21,8,2025-03-29,Escalated,0,0.0,,,0,0,1,Low
C000268,13468,EU,Aviation,8179.98,1,343,0,0.784,794.4,Very Good,8,Email,0,1,DCA-09,2025-03-14,12,2025-03-26,PTP,0,0.0,,,0,0,1,Low
C000269,16124,NA,FMCG,8053.76,7,241,0,0.952,716.1,Good,5,SMS,0,0,DCA-06,2025-10-23,9,2025-11-01,Escalated,0,0.0,,,0,0,1,Low
C000270,15909,IND,FMCG,5943.24,6,120,0,0.991,671.0,Good,2,Portal,0,0,DCA-10,2025-05-30,17,2025-06-16,In Progress,0,0.0,,,0,0,0,Medium
C000271,12947,MEA,Retail,33336.22,3,313,0,0.906,644.6,Fair,6,Portal,0,0,DCA-04,2025-01-16,27,2025-02-12,Escalated,0,0.0,,,0,0,1,Low
C000272,10228,NA,Automotive,29281.26,3,269,1,1.0,658.8,Fair,3,Email,0,1,DCA-02,2025-01-02,7,2025-01-09,PTP,0,0.0,,,0,0,1,Low
C000273,11514,NA,Automotive,12404.48,3,104,0,0.838,609.0,Fair,1,Email,0,0,DCA-09,2025-10-04,17,2025-10-21,Closed,1,9700.91,55.0,2025-11-28,0,1,0,Medium
C000274,19585,IND,Automotive,5027.76,3,121,0,1.0,744.8,Very Good,3,SMS,0,0,DCA-07,2025-07-11,15,2025-07-26,In Progress,0,0.0,,,0,0,0,Medium
C000275,14181,NA,Finance,5352.59,6,360,1,0.773,590.3,Fair,2,SMS,0,1,DCA-07,2025-07-05,20,2025-07-25,PTP,0,0.0,,,0,0,1,Low
C000276,14823,IND,Manufacturing,15054.63,6,348,2,0.744,579.6,Poor,4,Portal,0,1,DCA-02,2025-04-22,7,2025-04-29,PTP,0,0.0,,,0,0,1,Low
C000277,14671,EU,Retail,19624.55,2,247,0,1.0,786.8,Very Good,1,Phone,0,0,DCA-04,2025-03-26,22,2025-04-17,Escalated,0,0.0,,,0,0,1,Low
C000278,17827,APAC,Energy,3145.41,2,14,1,0.829,740.4,Very Good,1,Email,0,0,DCA-01,2025-11-23,7,2025-11-30,In Progress,0,0.0,,,0,0,0,Low
C000279,10649,NA,Aviation,10668.84,4,84,1,0.831,723.4,Good,3,Phone,0,1,DCA-03,2025-06-21,16,2025-07-07,PTP,0,0.0,,,0,0,0,Medium
C000280,10827,EU,Logistics,41473.38,5,129,0,0.75,765.9,Very Good,1,Email,0,1,DCA-07,2025-12-28,11,2026-01-08,PTP,0,0.0,,,0,0,0,Medium
C000281,12758,LATAM,Manufacturing,11472.91,6,196,0,0.981,702.6,Good,2,Phone,0,0,DCA-09,2025-08-19,15,2025-09-03,Escalated,0,0.0,,,0,0,1,Low
C000282,14866,IND,Manufacturing,37901.53,3,316,0,0.693,702.8,Good,5,Phone,1,1,DCA-10,2025-02-15,23,2025-03-10,Escalated,0,0.0,,,0,0,1,Low
C000283,16711,LATAM,Aviation,21043.19,4,309,4,0.572,496.1,Poor,7,Phone,0,1,DCA-04,2025-06-18,27,2025-07-15,PTP,0,0.0,,,0,0,1,Low
C000284,14907,NA,Finance,6254.17,1,100,0,0.71,705.5,Good,2,Phone,0,0,DCA-03,2025-12-08,12,2025-12-20,Closed,1,5505.85,74.0,2026-02-20,0,0,0,Medium
C000285,14411,APAC,Finance,10884.88,4,40,0,1.0,831.1,Excellent,0,Email,0,0,DCA-09,2025-01-30,16,2025-02-15,Closed,1,9483.46,45.0,2025-03-16,0,1,0,Medium
C000286,19378,NA,Healthcare,12208.82,5,101,0,1.0,776.0,Very Good,5,Portal,0,1,DCA-04,2025-03-26,28,2025-04-23,Closed,1,12208.82,33.0,2025-04-28,0,1,0,Medium
C000287,11610,APAC,Automotive,6858.49,3,86,1,0.652,593.0,Fair,8,Email,0,0,DCA-05,2025-07-18,30,2025-08-17,In Progress,0,0.0,,,0,0,0,Low
C000288,15717,EU,Automotive,6775.66,3,328,1,1.0,633.1,Fair,6,Email,0,1,DCA-02,2025-05-02,20,2025-05-22,PTP,0,0.0,,,0,0,1,Low
C000289,15422,IND,Finance,38358.75,4,6,1,1.0,670.5,Good,2,Email,0,0,DCA-01,2025-08-30,19,2025-09-18,In Progress,0,0.0,,,0,0,0,Medium
C000290,14734,IND,FMCG,6740.22,7,303,0,0.956,622.2,Fair,0,Phone,0,0,DCA-02,2025-12-16,17,2026-01-02,Escalated,0,0.0,,,0,0,1,Low
C000291,18075,LATAM,Manufacturing,28421.62,5,240,0,0.95,701.5,Good,4,Portal,0,1,DCA-02,2025-10-06,29,2025-11-04,PTP,0,0.0,,,0,0,1,Low
C000292,12669,APAC,Aviation,9842.46,7,39,0,0.836,699.1,Good,6,Portal,0,0,DCA-08,2025-05-25,17,2025-06-11,Closed,1,7843.21,49.0,2025-07-13,0,1,0,Medium
C000293,19537,IND,FMCG,13122.09,1,250,2,0.623,422.1,Poor,3,Phone,1,0,DCA-07,2025-11-20,16,2025-12-06,Escalated,0,0.0,,,0,0,1,Low
C000294,13315,EU,Healthcare,19797.11,6,212,1,0.666,622.8,Fair,2,Phone,0,0,DCA-01,2025-01-07,17,2025-01-24,Escalated,0,0.0,,,0,0,1,Low
C000295,15450,EU,Technology,8786.83,1,2,0,1.0,736.0,Good,2,Email,0,1,DCA-01,2025-10-24,27,2025-11-20,Closed,1,7428.87,40.0,2025-12-03,0,1,0,High
C000296,15206,NA,Finance,19881.26,3,82,2,0.847,684.0,Good,6,Phone,0,0,DCA-05,2025-01-21,12,2025-02-02,In Progress,0,0.0,,,0,0,0,Low
C000297,18497,IND,Technology,3189.12,3,127,0,0.922,693.4,Good,3,Email,0,0,DCA-06,2025-03-13,7,2025-03-20,Closed,1,2140.85,57.0,2025-05-09,0,1,0,Medium
C000298,14389,NA,Retail,18174.87,2,79,0,1.0,792.3,Very Good,1,Email,0,0,DCA-07,2025-05-14,17,2025-05-31,Closed,1,16702.35,38.0,2025-06-21,0,1,0,Medium
C000299,12845,IND,Finance,2373.28,7,211,1,0.7,620.1,Fair,6,Portal,0,0,DCA-04,2025-02-23,18,2025-03-13,Closed,1,1885.11,60.0,2025-04-24,0,1,0,Low
C000300,10216,MEA,FMCG,11398.16,7,225,2,0.713,603.3,Fair,5,SMS,1,0,DCA-06,2025-12-16,7,2025-12-23,Closed,1,8068.36,84.0,2026-03-10,0,0,1,Low
C000301,13636,IND,Retail,24293.65,4,62,4,0.607,612.4,Fair,5,Portal,0,1,DCA-07,2025-09-10,20,2025-09-30,PTP,0,0.0,,,0,0,0,Low
C000302,18262,APAC,Logistics,20652.81,4,46,0,0.874,734.5,Good,3,Phone,1,1,DCA-01,2025-02-05,16,2025-02-21,Dispute,0,0.0,,,0,0,0,Medium
C000303,10099,EU,Energy,5383.6,6,239,1,1.0,673.9,Good,2,Phone,0,1,DCA-10,2025-10-09,22,2025-10-31,PTP,0,0.0,,,0,0,1,Low
C000304,18961,APAC,Retail,5891.32,5,171,1,0.652,607.1,Fair,3,Phone,0,0,DCA-10,2025-03-19,16,2025-04-04,In Progress,0,0.0,,,0,0,0,Low
C000305,15428,IND,Logistics,8249.68,4,97,0,0.856,613.3,Fair,2,Portal,0,0,DCA-04,2025-10-21,7,2025-10-28,Closed,1,7596.39,42.0,2025-12-02,0,1,0,Medium
C000306,11402,APAC,Healthcare,15219.78,6,94,0,0.843,678.3,Good,0,Email,0,1,DCA-06,2026-01-18,8,2026-01-26,PTP,0,0.0,,,0,0,0,Low
C000307,13021,EU,Manufacturing,3221.64,2,15,0,0.779,780.1,Very Good,2,Email,0,0,DCA-04,2025-01-25,20,2025-02-14,In Progress,0,0.0,,,0,0,0,Medium
C000308,15540,APAC,Retail,13236.63,2,311,1,0.903,616.3,Fair,4,Phone,0,0,DCA-09,2025-06-12,21,2025-07-03,Escalated,0,0.0,,,0,0,1,Low
C000309,13156,NA,Automotive,16613.99,1,307,1,0.654,614.2,Fair,3,Phone,0,0,DCA-01,2025-09-08,12,2025-09-20,Escalated,0,0.0,,,0,0,1,Low
C000310,11085,IND,Healthcare,10958.54,1,202,0,1.0,753.1,Very Good,6,Phone,0,1,DCA-02,2025-12-11,25,2026-01-05,PTP,0,0.0,,,0,0,1,Medium
C000311,16659,MEA,Energy,19297.38,2,128,0,0.892,601.1,Fair,1,Portal,0,1,DCA-08,2025-09-16,17,2025-10-03,PTP,0,0.0,,,0,0,0,Low
C000312,16722,EU,FMCG,15624.68,5,79,0,0.838,724.6,Good,1,Portal,0,1,DCA-03,2025-06-01,11,2025-06-12,Closed,1,13781.9,28.0,2025-06-29,1,1,0,Medium
C000313,11188,NA,Automotive,9143.9,6,112,1,0.799,624.2,Fair,2,Phone,0,1,DCA-10,2025-01-20,17,2025-02-06,PTP,0,0.0,,,0,0,0,Medium
C000314,12812,IND,Healthcare,3444.96,5,338,0,0.641,586.7,Fair,9,Phone,0,0,DCA-09,2025-07-24,18,2025-08-11,Escalated,0,0.0,,,0,0,1,Low
C000315,12438,EU,Healthcare,14667.5,4,33,0,1.0,700.6,Good,2,Phone,0,1,DCA-09,2025-06-24,9,2025-07-03,PTP,0,0.0,,,0,0,0,High
C000316,16594,LATAM,Aviation,6855.78,2,300,0,1.0,706.2,Good,4,Phone,0,0,DCA-02,2026-01-10,28,2026-02-07,Closed,1,6855.78,71.0,2026-03-22,0,0,0,Low
C000317,17302,APAC,Energy,8912.06,1,111,1,0.674,740.6,Very Good,4,Portal,0,0,DCA-02,2025-07-18,15,2025-08-02,In Progress,0,0.0,,,0,0,0,Low
C000318,17269,LATAM,Manufacturing,18683.33,5,97,0,0.843,591.6,Fair,3,Email,0,0,DCA-09,2026-01-13,28,2026-02-10,In Progress,0,0.0,,,0,0,0,Low
C000319,19387,NA,Technology,36030.94,1,295,1,1.0,660.7,Fair,5,Email,0,0,DCA-05,2025-08-11,13,2025-08-24,Escalated,0,0.0,,,0,0,1,Low
C000320,17686,APAC,Healthcare,13008.5,6,350,1,1.0,670.6,Good,6,Phone,0,1,DCA-08,2025-03-07,13,2025-03-20,PTP,0,0.0,,,0,0,1,Low
C000321,13206,IND,Energy,19689.59,3,361,0,1.0,683.2,Good,3,Email,1,0,DCA-07,2025-02-02,11,2025-02-13,Escalated,0,0.0,,,0,0,1,Low
C000322,11077,IND,Technology,4860.34,3,98,2,0.733,508.1,Poor,1,Email,0,0,DCA-09,2025-09-25,12,2025-10-07,In Progress,0,0.0,,,0,0,0,Low
C000323,16146,APAC,Aviation,15864.93,1,216,0,0.813,628.2,Fair,3,Email,0,0,DCA-08,2025-03-16,23,2025-04-08,Closed,1,13732.44,71.0,2025-05-26,0,0,0,Low
C000324,19160,NA,Finance,12811.08,2,107,1,0.889,727.3,Good,4,In-person,0,0,DCA-07,2025-06-17,12,2025-06-29,In Progress,0,0.0,,,0,0,0,Medium
C000325,19751,APAC,Healthcare,31585.69,1,71,1,0.627,640.2,Fair,1,Portal,1,1,DCA-07,2025-09-30,8,2025-10-08,Dispute,0,0.0,,,0,0,0,Low
C000326,12302,LATAM,Healthcare,9151.55,6,141,1,0.58,652.9,Fair,3,SMS,0,0,DCA-08,2025-03-01,21,2025-03-22,In Progress,0,0.0,,,0,0,0,Low
C000327,12364,IND,Technology,11280.76,4,23,0,0.822,678.0,Good,2,Phone,1,0,DCA-05,2025-02-15,23,2025-03-10,Dispute,0,0.0,,,0,0,0,Low
C000328,10374,IND,Aviation,28033.91,6,60,0,1.0,746.3,Very Good,1,Email,0,0,DCA-06,2025-01-11,27,2025-02-07,In Progress,0,0.0,,,0,0,0,Medium
C000329,11412,EU,Technology,12526.18,4,217,1,0.822,658.2,Fair,1,In-person,0,1,DCA-10,2025-05-06,19,2025-05-25,PTP,0,0.0,,,0,0,1,Low
C000330,15548,LATAM,Technology,6147.56,7,251,3,0.59,519.9,Poor,2,Email,0,0,DCA-08,2025-07-20,12,2025-08-01,Escalated,0,0.0,,,0,0,1,Low
C000331,15468,APAC,FMCG,79709.44,6,99,2,0.852,663.2,Fair,5,SMS,0,0,DCA-09,2025-06-08,28,2025-07-06,In Progress,0,0.0,,,0,0,0,Low
C000332,13709,EU,Manufacturing,6279.12,2,203,0,0.935,699.2,Good,6,Phone,0,0,DCA-07,2025-02-07,22,2025-03-01,Closed,1,5865.27,59.0,2025-04-07,0,1,0,Medium
C000333,13099,EU,Automotive,12768.16,1,279,1,0.641,623.1,Fair,8,Email,1,0,DCA-04,2025-08-11,30,2025-09-10,Escalated,0,0.0,,,0,0,1,Low
C000334,18297,MEA,Automotive,17029.15,7,326,0,1.0,698.8,Good,1,Phone,0,1,DCA-10,2026-01-06,24,2026-01-30,PTP,0,0.0,,,0,0,1,Low
C000335,14600,MEA,Logistics,16112.2,2,207,2,0.619,567.9,Poor,3,Phone,1,0,DCA-03,2025-04-01,15,2025-04-16,Escalated,0,0.0,,,0,0,1,Low
C000336,18082,MEA,Technology,11698.07,6,88,0,1.0,751.6,Very Good,2,SMS,0,1,DCA-04,2025-04-09,10,2025-04-19,Closed,1,11512.36,32.0,2025-05-11,0,1,0,Medium
C000337,19632,EU,Aviation,11738.95,5,260,0,0.926,579.5,Poor,5,SMS,0,1,DCA-03,2025-01-19,22,2025-02-10,PTP,0,0.0,,,0,0,1,Medium
C000338,13171,APAC,FMCG,11333.83,5,62,0,0.676,612.2,Fair,2,Email,0,0,DCA-08,2025-06-23,9,2025-07-02,In Progress,0,0.0,,,0,0,0,Low
C000339,12027,NA,Retail,6117.12,2,51,0,1.0,715.5,Good,1,Portal,0,0,DCA-06,2025-03-03,26,2025-03-29,Closed,1,4829.3,44.0,2025-04-16,0,1,0,High
C000340,19528,MEA,Finance,60183.5,3,131,0,0.88,667.6,Fair,3,SMS,0,0,DCA-06,2025-10-14,9,2025-10-23,In Progress,0,0.0,,,0,0,0,Medium
C000341,16348,EU,Retail,11452.99,4,120,0,0.648,657.9,Fair,2,SMS,0,0,DCA-07,2025-08-15,13,2025-08-28,In Progress,0,0.0,,,0,0,0,Low
C000342,12909,EU,Automotive,20289.36,1,54,0,0.847,726.1,Good,2,Email,0,0,DCA-09,2025-07-20,17,2025-08-06,In Progress,0,0.0,,,0,0,0,Medium
C000343,16218,EU,Technology,10569.66,3,20,0,1.0,758.9,Very Good,2,Phone,0,0,DCA-03,2025-02-05,29,2025-03-06,In Progress,0,0.0,,,0,0,0,High
C000344,15150,NA,Healthcare,10421.91,4,345,0,0.806,595.2,Fair,4,Phone,0,0,DCA-08,2025-05-30,13,2025-06-12,Escalated,0,0.0,,,0,0,1,Low
C000345,19055,APAC,FMCG,9712.7,2,247,0,0.664,575.0,Poor,3,Email,0,0,DCA-06,2025-08-10,15,2025-08-25,Escalated,0,0.0,,,0,0,1,Low
C000346,12559,APAC,Automotive,4514.76,3,262,1,0.7,645.8,Fair,3,Email,0,1,DCA-09,2025-09-06,15,2025-09-21,PTP,0,0.0,,,0,0,1,Low
C000347,19913,NA,Healthcare,11938.99,7,25,0,0.8,765.8,Very Good,4,Phone,0,0,DCA-01,2026-01-19,10,2026-01-29,In Progress,0,0.0,,,0,0,0,Medium
C000348,19360,EU,FMCG,10047.66,3,290,1,0.812,658.9,Fair,5,SMS,0,0,DCA-03,2025-03-20,30,2025-04-19,Escalated,0,0.0,,,0,0,1,Low
C000349,11807,IND,Technology,30335.29,7,133,0,0.571,617.0,Fair,3,Email,0,0,DCA-02,2025-12-21,18,2026-01-08,In Progress,0,0.0,,,0,0,0,Low
C000350,11646,APAC,Aviation,5780.87,7,273,1,0.695,527.1,Poor,5,Portal,0,0,DCA-01,2025-07-13,14,2025-07-27,Escalated,0,0.0,,,0,0,1,Low
C000351,15331,APAC,Manufacturing,8919.52,5,179,0,0.991,590.3,Fair,3,Portal,0,0,DCA-07,2025-06-23,24,2025-07-17,In Progress,0,0.0,,,0,0,0,Medium
C000352,10449,LATAM,Retail,7123.05,2,89,1,0.877,719.1,Good,3,SMS,0,0,DCA-08,2026-01-16,14,2026-01-30,In Progress,0,0.0,,,0,0,0,Medium
C000353,12987,EU,Automotive,36672.09,2,96,0,0.875,733.3,Good,3,Email,0,0,DCA-06,2025-04-21,30,2025-05-21,Closed,1,30024.97,56.0,2025-06-16,0,1,0,Low
C000354,14350,NA,Retail,7269.29,7,52,0,1.0,738.5,Good,2,Phone,0,1,DCA-09,2025-11-06,24,2025-11-30,PTP,0,0.0,,,0,0,0,Medium
C000355,19693,IND,Finance,19803.42,1,303,1,0.748,615.6,Fair,5,In-person,0,0,DCA-07,2025-08-09,9,2025-08-18,Escalated,0,0.0,,,0,0,1,Low
C000356,19923,IND,Manufacturing,26347.09,4,157,2,0.634,607.3,Fair,4,Email,1,0,DCA-07,2025-05-13,29,2025-06-11,Escalated,0,0.0,,,0,0,1,Low
C000357,11515,MEA,Automotive,12060.78,5,284,0,0.837,545.3,Poor,4,Email,0,1,DCA-03,2025-04-10,12,2025-04-22,PTP,0,0.0,,,0,0,1,Low
C000358,18916,EU,Automotive,5096.11,6,302,0,0.892,727.2,Good,2,Phone,0,0,DCA-10,2025-12-27,22,2026-01-18,Escalated,0,0.0,,,0,0,1,Medium
C000359,10909,LATAM,FMCG,5141.46,7,61,0,1.0,737.8,Good,1,Email,0,0,DCA-05,2025-11-06,8,2025-11-14,In Progress,0,0.0,,,0,0,0,Medium
C000360,17486,APAC,Manufacturing,24387.72,2,121,1,1.0,700.1,Good,2,SMS,0,0,DCA-10,2025-12-12,25,2026-01-06,In Progress,0,0.0,,,0,0,0,Medium
C000361,18456,MEA,Finance,5528.02,4,46,4,0.468,579.6,Poor,7,Portal,0,0,DCA-04,2025-10-30,27,2025-11-26,In Progress,0,0.0,,,0,0,0,Low
C000362,18907,MEA,Healthcare,17578.27,5,4,0,1.0,850.0,Excellent,3,Phone,0,0,DCA-05,2025-04-18,12,2025-04-30,In Progress,0,0.0,,,0,0,0,Medium
C000363,12234,APAC,Finance,14473.06,7,360,0,0.793,536.5,Poor,3,SMS,0,1,DCA-07,2025-12-19,12,2025-12-31,PTP,0,0.0,,,0,0,1,Low
C000364,18934,IND,Automotive,17395.95,4,241,1,0.952,723.2,Good,6,SMS,0,0,DCA-09,2026-01-05,11,2026-01-16,Escalated,0,0.0,,,0,0,1,Low
C000365,11159,LATAM,Healthcare,18584.99,1,165,1,0.853,715.7,Good,2,Phone,0,1,DCA-03,2025-11-02,10,2025-11-12,Closed,1,18112.09,32.0,2025-12-04,0,1,0,Medium
C000366,15188,MEA,Automotive,6949.54,7,73,0,0.835,694.2,Good,4,Email,0,0,DCA-10,2025-07-11,30,2025-08-10,Closed,1,6949.54,44.0,2025-08-24,0,1,0,Medium
C000367,14695,MEA,Energy,6748.87,4,216,1,0.899,683.8,Good,6,SMS,0,0,DCA-01,2025-07-24,20,2025-08-13,Escalated,0,0.0,,,0,0,1,Low
C000368,13159,IND,FMCG,22036.36,2,198,1,0.934,694.5,Good,6,SMS,1,0,DCA-01,2026-01-04,30,2026-02-03,Escalated,0,0.0,,,0,0,1,Low
C000369,10221,LATAM,Healthcare,8599.5,2,82,0,0.964,715.8,Good,2,Email,0,0,DCA-02,2025-05-14,9,2025-05-23,In Progress,0,0.0,,,0,0,0,Medium
C000370,17720,LATAM,Logistics,1948.66,2,6,0,0.911,752.4,Very Good,2,Portal,1,1,DCA-06,2025-08-06,15,2025-08-21,Dispute,0,0.0,,,0,0,0,Medium
C000371,13355,NA,Automotive,21038.91,6,171,0,1.0,758.7,Very Good,4,Phone,0,0,DCA-07,2025-12-26,25,2026-01-20,In Progress,0,0.0,,,0,0,0,Medium
C000372,16616,APAC,Energy,6467.97,7,186,1,0.685,637.5,Fair,2,SMS,0,1,DCA-09,2025-02-08,26,2025-03-06,PTP,0,0.0,,,0,0,1,Low
C000373,14102,IND,Aviation,18527.2,4,291,1,0.615,534.7,Poor,3,Phone,0,0,DCA-05,2025-08-14,22,2025-09-05,Closed,1,15604.72,89.0,2025-11-11,0,0,0,Low
C000374,13736,EU,Retail,35417.99,1,144,4,0.712,587.1,Fair,6,SMS,0,0,DCA-08,2025-02-24,13,2025-03-09,In Progress,0,0.0,,,0,0,0,Low
C000375,18862,APAC,Retail,13517.41,7,36,0,1.0,735.0,Good,4,Email,0,1,DCA-07,2025-12-03,11,2025-12-14,PTP,0,0.0,,,0,0,0,Medium
C000376,10944,LATAM,Automotive,26823.57,5,321,1,0.917,621.0,Fair,3,Phone,0,0,DCA-05,2025-07-16,8,2025-07-24,Escalated,0,0.0,,,0,0,1,Low
C000377,17366,EU,FMCG,14878.29,4,151,2,0.944,636.2,Fair,2,Email,0,0,DCA-06,2025-08-09,28,2025-09-06,In Progress,0,0.0,,,0,0,0,Low
C000378,17467,NA,Logistics,40586.9,1,263,1,1.0,744.6,Very Good,6,Phone,0,1,DCA-02,2025-01-10,23,2025-02-02,PTP,0,0.0,,,0,0,1,Low
C000379,13799,IND,Healthcare,6352.0,7,16,1,0.939,707.8,Good,4,Email,0,0,DCA-08,2025-01-13,22,2025-02-04,In Progress,0,0.0,,,0,0,0,Medium
C000380,12624,NA,Finance,13283.12,1,14,1,1.0,681.4,Good,1,Phone,0,0,DCA-06,2025-10-31,19,2025-11-19,Closed,1,12346.42,45.0,2025-12-15,0,1,0,Medium
C000381,10053,EU,Healthcare,21401.43,5,9,4,0.535,591.9,Fair,0,SMS,0,1,DCA-09,2026-01-15,20,2026-02-04,Closed,1,17515.22,12.0,2026-01-27,1,1,0,Low
C000382,19368,LATAM,Energy,11692.6,5,288,4,0.594,446.9,Poor,4,Email,0,0,DCA-04,2025-05-02,8,2025-05-10,Closed,1,8957.15,85.0,2025-07-26,0,0,0,Low
C000383,19477,IND,Manufacturing,29928.11,4,88,0,1.0,763.6,Very Good,4,Email,0,0,DCA-02,2025-08-27,12,2025-09-08,In Progress,0,0.0,,,0,0,0,Low
C000384,12409,NA,Aviation,9873.13,4,289,2,0.653,396.0,Poor,5,In-person,0,1,DCA-05,2025-01-13,17,2025-01-30,PTP,0,0.0,,,0,0,1,Low
C000385,10319,EU,Logistics,56872.08,3,344,1,1.0,680.4,Good,5,Email,0,1,DCA-05,2025-02-14,16,2025-03-02,PTP,0,0.0,,,0,0,1,Low
C000386,11227,IND,Finance,59014.49,5,242,0,0.84,570.9,Poor,6,Email,1,0,DCA-04,2025-09-14,21,2025-10-05,Escalated,0,0.0,,,0,0,1,Low
C000387,10676,NA,Automotive,16276.06,3,359,2,0.573,547.4,Poor,7,Portal,0,1,DCA-07,2025-04-06,15,2025-04-21,PTP,0,0.0,,,0,0,1,Low
C000388,18311,NA,Healthcare,19669.43,4,339,0,0.892,642.4,Fair,2,Phone,0,1,DCA-03,2025-08-28,16,2025-09-13,PTP,0,0.0,,,0,0,1,Low
C000389,18919,NA,Automotive,30766.14,5,264,0,0.669,581.0,Fair,3,Email,1,0,DCA-06,2025-10-11,11,2025-10-22,Escalated,0,0.0,,,0,0,1,Low
C000390,11532,IND,Energy,5819.45,6,293,0,0.913,657.4,Fair,4,Email,0,0,DCA-06,2025-02-19,8,2025-02-27,Escalated,0,0.0,,,0,0,1,Low
C000391,17467,IND,Logistics,5332.63,2,220,0,0.739,561.5,Poor,2,SMS,0,0,DCA-01,2025-09-26,26,2025-10-22,Escalated,0,0.0,,,0,0,1,Low
C000392,11792,APAC,FMCG,32192.64,7,80,0,0.834,683.9,Good,2,SMS,0,0,DCA-07,2025-03-13,29,2025-04-11,In Progress,0,0.0,,,0,0,0,Medium
C000393,13672,IND,FMCG,16184.22,1,38,6,0.669,590.3,Fair,5,Email,0,0,DCA-04,2025-06-21,25,2025-07-16,In Progress,0,0.0,,,0,0,0,Low
C000394,15993,NA,Finance,11400.89,2,139,1,0.646,601.9,Fair,4,Phone,0,0,DCA-09,2025-10-21,29,2025-11-19,In Progress,0,0.0,,,0,0,0,Low
C000395,17199,NA,Automotive,13464.16,3,173,0,0.976,709.7,Good,2,Email,0,0,DCA-08,2025-07-04,21,2025-07-25,In Progress,0,0.0,,,0,0,0,Low
C000396,18745,APAC,Logistics,2514.35,3,128,1,0.507,648.8,Fair,2,Email,0,0,DCA-08,2025-03-01,28,2025-03-29,In Progress,0,0.0,,,0,0,0,Low
C000397,10447,IND,Technology,11691.37,3,38,2,0.693,636.8,Fair,0,Portal,0,0,DCA-03,2025-10-21,17,2025-11-07,Closed,1,11046.95,39.0,2025-11-29,0,1,0,Low
C000398,11964,NA,Aviation,7886.18,3,184,0,0.604,590.9,Fair,6,Portal,0,0,DCA-08,2025-01-03,23,2025-01-26,Escalated,0,0.0,,,0,0,1,Low
C000399,12805,EU,Automotive,25403.7,4,182,0,0.824,685.6,Good,3,SMS,0,1,DCA-07,2026-01-24,14,2026-02-07,PTP,0,0.0,,,0,0,1,Medium
C000400,13103,NA,Manufacturing,26809.77,6,348,1,1.0,647.4,Fair,3,SMS,0,0,DCA-10,2026-01-30,28,2026-02-27,Escalated,0,0.0,,,0,0,1,Low
C000401,19980,MEA,Finance,20003.77,6,348,0,1.0,624.9,Fair,3,Phone,0,1,DCA-07,2025-12-08,24,2026-01-01,PTP,0,0.0,,,0,0,1,Medium
C000402,17774,EU,Automotive,17620.55,3,225,1,0.737,696.8,Good,6,Email,0,0,DCA-02,2025-04-25,27,2025-05-22,Escalated,0,0.0,,,0,0,1,Low
C000403,13204,APAC,Logistics,4683.76,2,310,2,0.689,647.9,Fair,4,Phone,0,0,DCA-06,2025-01-17,7,2025-01-24,Escalated,0,0.0,,,0,0,1,Low
C000404,19718,NA,Logistics,20200.25,5,114,3,0.523,600.5,Fair,4,Phone,1,1,DCA-07,2025-12-18,20,2026-01-07,Escalated,0,0.0,,,0,0,1,Low
C000405,14993,APAC,Technology,20755.75,1,353,1,0.796,656.9,Fair,4,SMS,0,0,DCA-10,2025-10-06,21,2025-10-27,Escalated,0,0.0,,,0,0,1,Low
C000406,15007,NA,Manufacturing,31940.65,4,343,3,0.687,540.7,Poor,5,SMS,0,0,DCA-03,2025-06-13,19,2025-07-02,Escalated,0,0.0,,,0,0,1,Low
C000407,14336,IND,Retail,58849.99,2,46,1,0.778,547.9,Poor,3,Email,0,1,DCA-04,2025-04-02,17,2025-04-19,PTP,0,0.0,,,0,0,0,Low
C000408,11438,LATAM,Finance,4085.53,5,255,1,0.567,620.8,Fair,1,Phone,0,0,DCA-09,2026-01-16,21,2026-02-06,Escalated,0,0.0,,,0,0,1,Low
C000409,19343,APAC,Energy,10178.84,1,167,0,1.0,702.3,Good,4,Portal,0,1,DCA-07,2025-06-07,12,2025-06-19,Closed,1,9800.28,43.0,2025-07-20,0,1,0,Very High
C000410,10139,EU,Finance,7945.92,6,97,1,0.544,632.5,Fair,3,Phone,0,0,DCA-05,2025-06-19,13,2025-07-02,Closed,1,5550.16,59.0,2025-08-17,0,1,0,Medium
C000411,11742,NA,Energy,15074.43,2,150,1,0.711,718.8,Good,4,Phone,0,0,DCA-08,2025-11-11,30,2025-12-11,In Progress,0,0.0,,,0,0,0,Low
C000412,12296,APAC,Finance,13485.65,4,330,1,0.843,623.1,Fair,7,Email,0,0,DCA-01,2025-10-23,9,2025-11-01,Escalated,0,0.0,,,0,0,1,Low
C000413,12792,NA,Finance,11340.58,5,337,1,0.966,678.6,Good,8,Phone,0,0,DCA-04,2025-06-07,28,2025-07-05,Escalated,0,0.0,,,0,0,1,Low
C000414,11318,APAC,Manufacturing,27428.09,4,126,0,0.945,716.8,Good,4,SMS,0,0,DCA-05,2026-01-17,29,2026-02-15,Closed,1,22191.6,52.0,2026-03-10,0,1,0,Medium
C000415,10179,NA,Automotive,6179.61,4,169,0,0.895,785.0,Very Good,4,Phone,0,0,DCA-01,2025-07-03,19,2025-07-22,In Progress,0,0.0,,,0,0,0,Low
C000416,16776,APAC,Retail,6446.0,2,188,2,0.762,618.5,Fair,2,SMS,0,1,DCA-10,2025-04-22,18,2025-05-10,PTP,0,0.0,,,0,0,1,Low
C000417,19693,IND,Retail,6522.69,6,268,0,0.857,718.4,Good,2,In-person,0,0,DCA-10,2025-03-19,27,2025-04-15,Escalated,0,0.0,,,0,0,1,Low
C000418,11218,APAC,Energy,10381.4,4,175,3,0.555,514.7,Poor,6,Email,0,1,DCA-06,2025-01-12,9,2025-01-21,PTP,0,0.0,,,0,0,0,Low
C000419,12965,NA,Logistics,5653.26,2,145,1,1.0,754.0,Very Good,4,Phone,0,1,DCA-04,2025-02-01,25,2025-02-26,Closed,1,5653.26,32.0,2025-03-05,0,1,0,Low
C000420,15063,LATAM,Healthcare,12913.13,2,337,0,1.0,665.2,Fair,5,Email,1,0,DCA-07,2025-06-27,29,2025-07-26,Escalated,0,0.0,,,0,0,1,Low
C000421,19275,IND,Logistics,11898.37,4,136,1,0.786,620.7,Fair,3,Email,1,0,DCA-10,2026-01-22,14,2026-02-05,Escalated,0,0.0,,,0,0,1,Low
C000422,16942,IND,Aviation,7703.57,6,97,4,0.801,610.3,Fair,2,Phone,0,1,DCA-09,2025-10-28,26,2025-11-23,Closed,1,7703.57,33.0,2025-11-30,0,1,0,Low
C000423,17661,EU,FMCG,24627.93,7,120,0,0.72,697.4,Good,2,Phone,0,0,DCA-04,2025-03-13,18,2025-03-31,In Progress,0,0.0,,,0,0,0,Low
C000424,15811,APAC,Automotive,12814.72,3,122,1,0.995,640.7,Fair,3,Phone,0,1,DCA-08,2025-08-11,22,2025-09-02,PTP,0,0.0,,,0,0,0,Medium
C000425,14170,EU,Logistics,28109.23,3,203,1,0.948,748.9,Very Good,3,Phone,0,1,DCA-02,2025-06-07,30,2025-07-07,Closed,1,24665.89,40.0,2025-07-17,0,1,0,Low
C000426,11997,IND,Automotive,11654.7,1,241,0,0.688,687.1,Good,3,Phone,0,0,DCA-07,2025-11-26,30,2025-12-26,Closed,1,8639.12,69.0,2026-02-03,0,0,0,Low
C000427,18643,NA,Manufacturing,13135.37,4,49,0,1.0,742.4,Very Good,3,Email,0,0,DCA-03,2025-04-11,16,2025-04-27,In Progress,0,0.0,,,0,0,0,High
C000428,18041,APAC,Logistics,9009.66,2,323,0,0.992,723.4,Good,4,Portal,0,0,DCA-09,2025-04-16,26,2025-05-12,Escalated,0,0.0,,,0,0,1,Low
C000429,10251,APAC,Technology,13293.99,6,93,0,0.85,738.3,Good,3,In-person,0,0,DCA-07,2025-09-30,13,2025-10-13,In Progress,0,0.0,,,0,0,0,High
C000430,17154,NA,Retail,21994.81,4,42,0,0.995,807.4,Excellent,2,Email,0,0,DCA-01,2025-01-27,8,2025-02-04,Closed,1,16366.64,50.0,2025-03-18,0,1,0,Medium
C000431,10843,APAC,Aviation,10017.27,2,244,0,1.0,736.1,Good,1,Portal,0,0,DCA-06,2025-04-21,24,2025-05-15,Escalated,0,0.0,,,0,0,1,Low
C000432,17389,LATAM,Healthcare,19204.28,7,77,2,1.0,718.3,Good,0,Portal,0,1,DCA-05,2025-03-29,24,2025-04-22,PTP,0,0.0,,,0,0,0,Medium
C000433,18259,EU,Aviation,7563.41,6,274,1,1.0,638.4,Fair,6,Email,1,0,DCA-10,2025-06-18,17,2025-07-05,Escalated,0,0.0,,,0,0,1,Low
C000434,11310,NA,Finance,22727.6,3,346,0,0.813,545.6,Poor,5,Phone,0,0,DCA-06,2025-04-01,9,2025-04-10,Escalated,0,0.0,,,0,0,1,Low
C000435,14338,APAC,Retail,8902.31,1,253,0,0.931,615.6,Fair,6,Email,0,0,DCA-02,2025-11-25,7,2025-12-02,Escalated,0,0.0,,,0,0,1,Low
C000436,11237,IND,Logistics,24250.1,2,283,2,0.736,507.3,Poor,6,Phone,0,0,DCA-08,2025-05-13,25,2025-06-07,Escalated,0,0.0,,,0,0,1,Low
C000437,15672,IND,Healthcare,13942.31,3,181,3,0.894,673.7,Good,3,Email,0,0,DCA-09,2025-05-21,9,2025-05-30,Escalated,0,0.0,,,0,0,1,Low
C000438,19275,APAC,Technology,38741.54,3,126,2,0.664,587.4,Fair,3,Email,0,0,DCA-06,2025-05-04,13,2025-05-17,In Progress,0,0.0,,,0,0,0,Low
C000439,10808,IND,Finance,5955.99,6,224,1,1.0,628.6,Fair,6,Phone,0,0,DCA-09,2025-06-17,13,2025-06-30,Escalated,0,0.0,,,0,0,1,Low
C000440,13975,IND,Retail,4753.69,7,131,2,0.758,691.8,Good,3,Email,0,0,DCA-04,2025-04-03,15,2025-04-18,In Progress,0,0.0,,,0,0,0,Low
C000441,19731,IND,Automotive,8678.88,6,319,0,0.747,584.6,Fair,5,Phone,0,0,DCA-03,2025-10-17,10,2025-10-27,Closed,1,6685.66,72.0,2025-12-28,0,0,0,Low
C000442,13009,MEA,Technology,5068.36,6,171,3,0.777,671.5,Good,1,Portal,0,1,DCA-09,2025-02-18,26,2025-03-16,PTP,0,0.0,,,0,0,0,Low
C000443,11322,EU,Retail,5075.02,1,182,0,0.921,658.3,Fair,5,Phone,0,0,DCA-05,2025-02-04,18,2025-02-22,Escalated,0,0.0,,,0,0,1,Medium
C000444,14885,IND,Healthcare,20642.05,2,246,0,0.843,660.0,Fair,1,Portal,0,0,DCA-10,2025-07-26,10,2025-08-05,Escalated,0,0.0,,,0,0,1,Low
C000445,15083,EU,Manufacturing,13320.7,7,69,0,1.0,765.7,Very Good,4,Email,0,0,DCA-10,2025-07-11,24,2025-08-04,In Progress,0,0.0,,,0,0,0,Medium
C000446,16628,NA,Automotive,9549.3,5,205,1,0.742,593.3,Fair,0,Phone,0,0,DCA-06,2025-10-09,29,2025-11-07,Escalated,0,0.0,,,0,0,1,Low
C000447,13137,APAC,Healthcare,10189.63,2,275,0,0.956,655.4,Fair,3,Email,1,0,DCA-08,2025-02-07,11,2025-02-18,Escalated,0,0.0,,,0,0,1,Low
C000448,19556,IND,Aviation,8794.96,6,283,0,1.0,584.5,Fair,3,Phone,0,1,DCA-08,2025-12-25,10,2026-01-04,PTP,0,0.0,,,0,0,1,Medium
C000449,15210,LATAM,Manufacturing,42415.05,2,82,0,0.939,763.5,Very Good,5,Phone,0,0,DCA-04,2025-08-19,30,2025-09-18,Closed,1,32817.91,50.0,2025-10-08,0,1,0,Low
C000450,12864,LATAM,Retail,7983.61,6,20,0,1.0,748.1,Very Good,1,Phone,0,0,DCA-05,2025-04-19,7,2025-04-26,In Progress,0,0.0,,,0,0,0,Medium
C000451,19602,EU,Energy,5294.94,7,71,1,0.868,620.5,Fair,6,Phone,0,0,DCA-10,2025-10-29,20,2025-11-18,Closed,1,4124.46,55.0,2025-12-23,0,1,0,Low
C000452,19248,MEA,Energy,23323.94,4,299,1,1.0,617.1,Fair,7,Phone,0,1,DCA-06,2025-09-18,7,2025-09-25,PTP,0,0.0,,,0,0,1,Low
C000453,14991,NA,Healthcare,11487.0,5,97,0,0.946,693.4,Good,1,Email,0,0,DCA-04,2025-12-26,9,2026-01-04,Closed,1,8524.41,50.0,2026-02-14,0,1,0,Medium
C000454,10248,NA,Retail,55666.93,6,22,1,0.554,609.2,Fair,1,Email,0,1,DCA-02,2025-07-28,26,2025-08-23,PTP,0,0.0,,,0,0,0,Medium
C000455,15969,IND,Logistics,9243.32,7,218,0,0.833,697.4,Good,3,Email,1,0,DCA-05,2025-09-30,11,2025-10-11,Escalated,0,0.0,,,0,0,1,Low
C000456,15551,APAC,Aviation,24153.61,5,321,0,0.946,724.0,Good,8,Portal,0,0,DCA-05,2025-12-16,18,2026-01-03,Escalated,0,0.0,,,0,0,1,Low
C000457,11482,IND,Retail,28496.55,3,82,2,0.613,587.2,Fair,3,In-person,0,0,DCA-05,2025-11-23,21,2025-12-14,In Progress,0,0.0,,,0,0,0,Low
C000458,16339,NA,Manufacturing,9274.88,2,16,1,0.651,747.2,Very Good,1,Email,0,0,DCA-08,2025-10-02,19,2025-10-21,Closed,1,8310.03,55.0,2025-11-26,0,1,0,Medium
C000459,18407,MEA,Automotive,7942.28,3,52,0,1.0,731.1,Good,7,Phone,0,1,DCA-10,2025-05-31,19,2025-06-19,Closed,1,7854.26,33.0,2025-07-03,0,1,0,Medium
C000460,11058,NA,Technology,22447.99,1,47,1,0.622,672.5,Good,2,Email,0,0,DCA-04,2025-03-14,27,2025-04-10,Closed,1,15335.46,58.0,2025-05-11,0,1,0,Low
C000461,17233,NA,FMCG,19978.75,5,75,2,0.824,567.4,Poor,2,Phone,0,0,DCA-09,2025-01-13,20,2025-02-02,In Progress,0,0.0,,,0,0,0,Low
C000462,11403,NA,Manufacturing,4976.95,3,66,0,1.0,681.0,Good,5,Email,0,0,DCA-07,2025-04-16,19,2025-05-05,Closed,1,4856.53,40.0,2025-05-26,0,1,0,Medium
C000463,17488,NA,Energy,6063.82,5,232,0,0.9,726.7,Good,2,In-person,0,0,DCA-09,2025-07-05,26,2025-07-31,Closed,1,5861.38,47.0,2025-08-21,0,1,0,Low
C000464,14191,IND,Automotive,2263.12,1,82,0,0.831,644.8,Fair,2,Email,0,0,DCA-05,2025-09-04,29,2025-10-03,Closed,1,1758.27,51.0,2025-10-25,0,1,0,Medium
C000465,10065,LATAM,Healthcare,20267.44,3,200,0,0.86,658.4,Fair,0,Phone,0,1,DCA-05,2025-03-17,9,2025-03-26,PTP,0,0.0,,,0,0,1,Medium
C000466,19662,IND,Energy,11122.45,3,147,1,0.723,566.3,Poor,5,Email,0,0,DCA-04,2025-10-24,7,2025-10-31,In Progress,0,0.0,,,0,0,0,Low
C000467,11659,NA,Healthcare,11926.22,1,239,0,0.707,684.6,Good,5,Phone,0,1,DCA-07,2025-12-09,9,2025-12-18,PTP,0,0.0,,,0,0,1,Medium
C000468,15960,IND,Automotive,4088.73,6,239,0,1.0,747.4,Very Good,3,Email,0,1,DCA-03,2025-02-01,10,2025-02-11,Closed,1,4088.73,37.0,2025-03-10,0,1,0,Low
C000469,11814,NA,Logistics,6193.95,5,216,0,0.942,614.1,Fair,1,Email,0,0,DCA-04,2025-12-06,8,2025-12-14,Escalated,0,0.0,,,0,0,1,Low
C000470,19330,NA,Finance,9560.82,6,325,0,0.611,598.1,Fair,7,Portal,0,1,DCA-06,2025-09-13,25,2025-10-08,Closed,1,9560.82,48.0,2025-10-31,0,1,0,Low
C000471,17383,IND,Manufacturing,8344.62,6,72,0,0.465,597.6,Fair,3,Phone,0,0,DCA-09,2025-01-29,18,2025-02-16,Closed,1,5759.69,51.0,2025-03-21,0,1,0,Medium
C000472,18043,NA,Retail,14508.43,1,191,1,0.779,498.1,Poor,3,Phone,0,0,DCA-07,2025-03-09,28,2025-04-06,Escalated,0,0.0,,,0,0,1,Low
C000473,14320,IND,Aviation,20099.05,7,144,0,0.817,708.5,Good,0,Phone,0,1,DCA-06,2025-10-23,14,2025-11-06,PTP,0,0.0,,,0,0,0,Medium
C000474,14673,IND,Technology,65429.52,1,194,1,0.75,570.3,Poor,4,Email,0,0,DCA-01,2026-01-08,23,2026-01-31,Escalated,0,0.0,,,0,0,1,Low
C000475,16343,NA,Finance,13173.84,7,51,0,1.0,743.9,Very Good,2,In-person,0,0,DCA-01,2025-10-20,18,2025-11-07,In Progress,0,0.0,,,0,0,0,Medium
C000476,17847,IND,Technology,29166.67,5,117,1,0.837,668.1,Fair,2,Email,0,0,DCA-04,2026-01-16,14,2026-01-30,In Progress,0,0.0,,,0,0,0,Low
C000477,18469,APAC,Logistics,7472.76,6,343,0,1.0,668.4,Fair,5,SMS,0,1,DCA-01,2025-05-24,25,2025-06-18,PTP,0,0.0,,,0,0,1,Medium
C000478,10178,LATAM,Technology,4136.22,4,292,1,1.0,730.6,Good,5,Portal,0,0,DCA-03,2025-12-06,27,2026-01-02,Escalated,0,0.0,,,0,0,1,Low
C000479,16635,IND,Automotive,10439.89,2,156,2,0.907,704.6,Good,1,Phone,0,1,DCA-10,2025-12-07,11,2025-12-18,PTP,0,0.0,,,0,0,0,Low
C000480,11091,MEA,Logistics,4365.97,2,41,1,0.814,619.9,Fair,3,Phone,1,1,DCA-02,2025-12-06,12,2025-12-18,Dispute,0,0.0,,,0,0,0,Low
C000481,12879,IND,Retail,13497.65,1,237,2,0.779,550.0,Poor,2,Email,0,0,DCA-08,2025-01-06,24,2025-01-30,Closed,1,10653.58,66.0,2025-03-13,0,0,0,Low
C000482,18294,IND,Automotive,7736.33,6,110,0,0.822,624.6,Fair,6,Email,0,0,DCA-07,2026-01-15,17,2026-02-01,In Progress,0,0.0,,,0,0,0,Medium
C000483,12505,EU,Logistics,3401.63,4,120,0,1.0,707.4,Good,0,Email,1,1,DCA-02,2025-07-26,19,2025-08-14,Escalated,0,0.0,,,0,0,1,Low
C000484,17968,IND,Manufacturing,45036.01,2,36,0,0.835,703.0,Good,4,Phone,0,0,DCA-02,2025-04-23,25,2025-05-18,Closed,1,35076.9,58.0,2025-06-20,0,1,0,Medium
C000485,14630,APAC,Logistics,9170.13,1,106,1,0.965,687.3,Good,1,Portal,0,1,DCA-01,2025-10-25,24,2025-11-18,Closed,1,8223.05,25.0,2025-11-19,1,1,0,Medium
C000486,12326,NA,Healthcare,4245.72,1,78,1,0.685,655.8,Fair,3,SMS,0,0,DCA-01,2025-07-26,16,2025-08-11,Closed,1,3472.61,62.0,2025-09-26,0,0,0,Low
C000487,13342,EU,Retail,25052.28,2,13,1,0.481,605.6,Fair,1,Email,0,1,DCA-09,2025-05-30,22,2025-06-21,Closed,1,21534.28,35.0,2025-07-04,0,1,0,Medium
C000488,15307,NA,Manufacturing,8022.22,6,214,1,0.86,612.5,Fair,3,Email,1,0,DCA-10,2025-02-22,26,2025-03-20,Escalated,0,0.0,,,0,0,1,Low
C000489,17651,APAC,Energy,28655.95,7,353,0,0.873,674.3,Good,1,Email,0,1,DCA-10,2025-11-14,10,2025-11-24,PTP,0,0.0,,,0,0,1,Low
C000490,16060,NA,Healthcare,7995.42,5,46,0,1.0,850.0,Excellent,3,Portal,0,1,DCA-04,2025-06-30,21,2025-07-21,PTP,0,0.0,,,0,0,0,Medium
C000491,19332,NA,Logistics,9148.74,7,20,0,0.971,832.4,Excellent,2,Email,0,0,DCA-01,2025-08-30,17,2025-09-16,In Progress,0,0.0,,,0,0,0,Medium
C000492,18677,IND,Aviation,17007.03,3,37,1,0.592,675.2,Good,2,Phone,0,0,DCA-08,2025-02-11,27,2025-03-10,In Progress,0,0.0,,,0,0,0,Low
C000493,17533,IND,Aviation,20236.71,3,199,1,0.773,644.6,Fair,3,In-person,0,0,DCA-03,2025-04-18,13,2025-05-01,Escalated,0,0.0,,,0,0,1,Low
C000494,16031,LATAM,Automotive,22878.17,5,301,1,1.0,699.4,Good,3,In-person,0,1,DCA-02,2025-10-01,12,2025-10-13,Closed,1,20923.28,47.0,2025-11-17,0,1,0,Low
C000495,12898,IND,Technology,12546.3,1,113,4,0.796,587.1,Fair,2,Email,0,0,DCA-05,2025-04-26,25,2025-05-21,In Progress,0,0.0,,,0,0,0,Low
C000496,14125,APAC,Healthcare,19341.95,7,44,0,0.701,650.3,Fair,1,In-person,0,0,DCA-01,2025-01-30,22,2025-02-21,Closed,1,15241.71,39.0,2025-03-10,0,1,0,Medium
C000497,11188,APAC,Logistics,22515.07,6,35,1,0.783,693.7,Good,3,Email,0,0,DCA-01,2025-04-24,11,2025-05-05,Closed,1,17224.5,55.0,2025-06-18,0,1,0,Low
C000498,13741,APAC,Finance,15373.47,1,222,1,0.682,703.3,Good,2,Portal,0,0,DCA-06,2025-12-06,22,2025-12-28,Escalated,0,0.0,,,0,0,1,Low
C000499,19264,NA,Technology,12090.07,2,130,0,0.961,630.2,Fair,5,Email,0,0,DCA-07,2026-01-14,13,2026-01-27,In Progress,0,0.0,,,0,0,0,Low
C000500,14258,EU,Aviation,4857.57,5,129,1,0.742,619.0,Fair,6,Email,0,0,DCA-07,2025-12-03,16,2025-12-19,In Progress,0,0.0,,,0,0,0,Low
C000501,11137,APAC,Technology,20321.24,6,87,0,0.524,562.3,Poor,4,Portal,0,1,DCA-01,2025-05-28,30,2025-06-27,Closed,1,17415.31,25.0,2025-06-22,1,1,0,Low
C000502,16519,APAC,Healthcare,13760.01,2,327,3,0.803,590.3,Fair,4,Phone,0,0,DCA-01,2026-01-17,17,2026-02-03,Escalated,0,0.0,,,0,0,1,Low
C000503,19626,APAC,Aviation,10001.29,6,137,3,0.723,623.8,Fair,5,In-person,0,1,DCA-02,2025-11-28,29,2025-12-27,PTP,0,0.0,,,0,0,0,Low
C000504,18674,EU,Retail,32677.32,4,258,1,0.528,539.4,Poor,6,Phone,0,1,DCA-04,2025-01-11,29,2025-02-09,PTP,0,0.0,,,0,0,1,Low
C000505,12740,MEA,Technology,4917.31,5,271,0,0.825,667.8,Fair,5,Phone,0,0,DCA-08,2025-05-21,22,2025-06-12,Escalated,0,0.0,,,0,0,1,Low
C000506,14538,IND,Healthcare,42227.44,3,22,0,0.8,626.3,Fair,2,Phone,0,0,DCA-01,2025-11-20,12,2025-12-02,Closed,1,34383.42,48.0,2026-01-07,0,1,0,Medium
C000507,15310,IND,Manufacturing,13153.05,4,91,0,0.807,635.1,Fair,8,SMS,0,0,DCA-02,2025-03-13,22,2025-04-04,In Progress,0,0.0,,,0,0,0,Low
C000508,12478,EU,Logistics,16684.96,3,326,0,1.0,759.4,Very Good,2,Email,0,0,DCA-08,2025-04-26,9,2025-05-05,Escalated,0,0.0,,,0,0,1,Low
C000509,12686,EU,Manufacturing,10132.15,2,322,0,1.0,745.1,Very Good,4,Phone,0,0,DCA-04,2026-01-18,23,2026-02-10,Escalated,0,0.0,,,0,0,1,Low
C000510,12366,IND,Healthcare,4159.08,2,151,0,1.0,738.8,Good,5,Email,0,0,DCA-05,2025-03-19,19,2025-04-07,In Progress,0,0.0,,,0,0,0,Medium
C000511,19945,NA,Aviation,12115.89,2,57,0,0.686,659.7,Fair,2,Email,0,0,DCA-02,2025-10-18,30,2025-11-17,In Progress,0,0.0,,,0,0,0,Low
C000512,17460,NA,Technology,16887.37,6,109,2,0.864,728.7,Good,4,Email,0,0,DCA-03,2025-10-24,28,2025-11-21,In Progress,0,0.0,,,0,0,0,Medium
C000513,18408,EU,Energy,21447.38,3,346,2,0.904,630.9,Fair,5,Email,0,0,DCA-04,2025-04-16,10,2025-04-26,Escalated,0,0.0,,,0,0,1,Low
C000514,18165,APAC,Finance,11630.39,3,245,2,0.541,547.5,Poor,6,Email,0,0,DCA-10,2025-02-17,30,2025-03-19,Escalated,0,0.0,,,0,0,1,Low
C000515,19591,NA,Logistics,2879.07,6,28,0,1.0,781.9,Very Good,2,Phone,0,0,DCA-06,2025-02-10,21,2025-03-03,Closed,1,2740.81,55.0,2025-04-06,0,1,0,Medium
C000516,11052,NA,Finance,4540.7,7,262,0,0.653,654.9,Fair,5,Phone,0,1,DCA-02,2025-12-12,28,2026-01-09,PTP,0,0.0,,,0,0,1,Low
C000517,18816,EU,Healthcare,56185.49,2,54,3,0.714,660.5,Fair,3,Email,0,0,DCA-08,2025-04-05,27,2025-05-02,In Progress,0,0.0,,,0,0,0,Low
C000518,10665,APAC,Automotive,6218.13,3,111,0,0.734,719.9,Good,1,Phone,0,1,DCA-10,2025-12-12,25,2026-01-06,PTP,0,0.0,,,0,0,0,Medium
C000519,14754,MEA,Logistics,36276.83,3,176,1,0.758,721.6,Good,8,Portal,0,0,DCA-01,2025-07-19,24,2025-08-12,In Progress,0,0.0,,,0,0,0,Low
C000520,15944,IND,FMCG,6947.51,6,129,0,1.0,761.3,Very Good,3,Portal,0,0,DCA-06,2025-08-08,9,2025-08-17,In Progress,0,0.0,,,0,0,0,Low
C000521,13578,NA,Healthcare,11757.9,5,255,0,0.781,505.0,Poor,3,Phone,1,0,DCA-04,2025-09-19,11,2025-09-30,Escalated,0,0.0,,,0,0,1,Low
C000522,11461,MEA,Healthcare,20694.97,4,57,0,0.913,751.0,Very Good,2,Phone,0,0,DCA-07,2025-06-16,21,2025-07-07,In Progress,0,0.0,,,0,0,0,Medium
C000523,11923,EU,Logistics,7524.08,2,320,1,0.535,528.7,Poor,5,Phone,0,1,DCA-02,2026-01-11,30,2026-02-10,PTP,0,0.0,,,0,0,1,Low
C000524,18246,LATAM,Energy,40723.09,3,217,0,0.668,653.1,Fair,3,Phone,0,0,DCA-02,2025-12-18,22,2026-01-09,Closed,1,32291.32,68.0,2026-02-24,0,0,0,Low
C000525,13187,EU,Finance,14087.03,1,112,1,0.581,544.6,Poor,1,SMS,0,0,DCA-06,2025-09-19,23,2025-10-12,In Progress,0,0.0,,,0,0,0,Low
C000526,13103,APAC,FMCG,18445.87,5,349,0,0.894,661.0,Fair,9,Phone,0,0,DCA-05,2025-10-09,18,2025-10-27,Escalated,0,0.0,,,0,0,1,Low
C000527,19233,APAC,Retail,11077.54,7,175,0,0.959,666.1,Fair,6,Portal,0,0,DCA-07,2025-10-10,18,2025-10-28,In Progress,0,0.0,,,0,0,0,Low
C000528,11438,IND,FMCG,21186.18,6,152,1,0.87,686.2,Good,2,Phone,1,0,DCA-08,2025-01-13,27,2025-02-09,Escalated,0,0.0,,,0,0,1,Low
C000529,19152,EU,Healthcare,40342.26,3,8,1,0.981,732.4,Good,4,Phone,0,0,DCA-09,2025-04-19,21,2025-05-10,In Progress,0,0.0,,,0,0,0,Medium
C000530,19209,IND,Aviation,12186.69,4,363,1,0.698,519.3,Poor,3,Portal,0,0,DCA-08,2025-06-12,30,2025-07-12,Escalated,0,0.0,,,0,0,1,Low
C000531,15985,MEA,Energy,44837.45,7,309,0,0.897,673.7,Good,3,Portal,0,0,DCA-10,2025-02-24,30,2025-03-26,Escalated,0,0.0,,,0,0,1,Low
C000532,11655,APAC,FMCG,8707.0,3,65,1,0.828,672.3,Good,2,Phone,0,1,DCA-06,2025-06-19,30,2025-07-19,Closed,1,8233.54,29.0,2025-07-18,1,1,0,Medium
C000533,11558,MEA,Healthcare,22808.01,6,345,0,1.0,702.6,Good,7,SMS,0,1,DCA-08,2025-09-15,13,2025-09-28,Closed,1,22390.48,43.0,2025-10-28,0,1,0,Medium
C000534,12847,EU,Retail,18814.44,5,290,2,0.59,498.0,Poor,8,Portal,0,0,DCA-10,2025-12-05,7,2025-12-12,Escalated,0,0.0,,,0,0,1,Low
C000535,15774,LATAM,FMCG,6323.27,4,154,2,0.645,636.6,Fair,5,Phone,1,0,DCA-05,2025-10-24,27,2025-11-20,Escalated,0,0.0,,,0,0,1,Low
C000536,11536,NA,Technology,15516.62,5,338,1,0.779,562.6,Poor,5,Portal,0,0,DCA-02,2025-12-15,7,2025-12-22,Escalated,0,0.0,,,0,0,1,Low
C000537,14556,IND,Energy,13428.79,2,204,0,1.0,574.7,Poor,4,Email,0,0,DCA-09,2025-09-23,22,2025-10-15,Escalated,0,0.0,,,0,0,1,Low
C000538,11154,EU,Energy,7352.28,3,251,2,0.789,639.5,Fair,4,Portal,0,0,DCA-02,2025-08-03,8,2025-08-11,Escalated,0,0.0,,,0,0,1,Low
C000539,15402,IND,Aviation,17164.55,3,67,0,0.901,718.3,Good,1,Phone,0,0,DCA-04,2025-08-27,29,2025-09-25,Closed,1,14774.52,42.0,2025-10-08,0,1,0,Low
C000540,10211,APAC,Logistics,14800.3,6,40,0,1.0,700.6,Good,3,Email,0,0,DCA-08,2025-02-14,14,2025-02-28,In Progress,0,0.0,,,0,0,0,Medium
C000541,17090,IND,Manufacturing,12697.86,5,193,0,1.0,630.7,Fair,3,Email,0,1,DCA-02,2025-11-16,30,2025-12-16,PTP,0,0.0,,,0,0,1,Low
C000542,10553,EU,Manufacturing,12733.55,3,119,4,0.762,606.9,Fair,7,SMS,0,1,DCA-02,2025-08-29,24,2025-09-22,PTP,0,0.0,,,0,0,0,Low
C000543,11948,EU,Aviation,12543.94,6,358,2,0.629,674.3,Good,6,Email,0,0,DCA-09,2025-10-14,8,2025-10-22,Escalated,0,0.0,,,0,0,1,Low
C000544,11746,IND,Energy,10327.96,4,32,3,0.775,546.7,Poor,5,Email,0,0,DCA-04,2025-07-01,20,2025-07-21,In Progress,0,0.0,,,0,0,0,Low
C000545,18309,IND,Logistics,14733.57,7,278,3,0.822,607.7,Fair,3,Email,1,0,DCA-06,2025-11-09,7,2025-11-16,Escalated,0,0.0,,,0,0,1,Low
C000546,10533,APAC,Aviation,8512.24,5,220,1,0.54,624.4,Fair,2,Email,0,0,DCA-03,2025-06-17,18,2025-07-05,Closed,1,6482.0,61.0,2025-08-17,0,0,0,Low
C000547,14292,NA,Logistics,85799.34,7,320,0,1.0,603.5,Fair,5,Email,0,0,DCA-04,2025-12-04,24,2025-12-28,Escalated,0,0.0,,,0,0,1,Low
C000548,15911,EU,Automotive,4981.4,7,364,0,0.616,443.4,Poor,4,Phone,1,1,DCA-08,2026-01-24,24,2026-02-17,Escalated,0,0.0,,,0,0,1,Low
C000549,15159,IND,Finance,8872.26,3,317,1,1.0,658.1,Fair,5,Phone,0,0,DCA-09,2025-03-09,19,2025-03-28,Escalated,0,0.0,,,0,0,1,Low
C000550,16807,APAC,Technology,9376.68,2,137,0,0.815,740.7,Very Good,4,Phone,0,0,DCA-05,2026-01-29,13,2026-02-11,In Progress,0,0.0,,,0,0,0,Low
C000551,18031,MEA,FMCG,55733.99,6,254,1,1.0,732.1,Good,3,SMS,0,0,DCA-06,2025-11-10,19,2025-11-29,Escalated,0,0.0,,,0,0,1,Low
C000552,13936,EU,Retail,5302.35,2,60,3,0.463,532.6,Poor,3,Email,0,0,DCA-07,2025-06-11,30,2025-07-11,In Progress,0,0.0,,,0,0,0,Low
C000553,18282,NA,Retail,18000.33,6,177,1,0.781,578.5,Poor,1,Portal,1,0,DCA-03,2025-08-02,19,2025-08-21,Escalated,0,0.0,,,0,0,1,Low
C000554,13179,MEA,FMCG,15896.84,2,98,2,1.0,741.6,Very Good,3,In-person,0,0,DCA-08,2026-01-05,12,2026-01-17,In Progress,0,0.0,,,0,0,0,Low
C000555,19844,EU,Automotive,16873.87,7,92,0,0.529,574.9,Poor,2,Portal,0,0,DCA-10,2025-07-22,25,2025-08-16,In Progress,0,0.0,,,0,0,0,Low
C000556,15045,APAC,Healthcare,31743.4,5,208,1,0.603,539.7,Poor,5,Email,0,0,DCA-02,2025-04-07,15,2025-04-22,Escalated,0,0.0,,,0,0,1,Low
C000557,17360,IND,Retail,31290.84,4,47,1,0.729,519.4,Poor,2,Portal,0,0,DCA-04,2025-09-01,28,2025-09-29,Closed,1,23233.16,69.0,2025-11-09,0,0,0,Low
C000558,18750,EU,Aviation,9743.25,4,208,0,1.0,720.7,Good,4,SMS,0,0,DCA-02,2025-03-18,27,2025-04-14,Escalated,0,0.0,,,0,0,1,Low
C000559,17926,EU,Logistics,15303.12,5,146,0,1.0,731.7,Good,0,Phone,0,0,DCA-02,2025-06-03,7,2025-06-10,In Progress,0,0.0,,,0,0,0,Low
C000560,18511,NA,Healthcare,3623.26,3,84,0,0.809,665.2,Fair,1,In-person,0,0,DCA-06,2025-09-17,25,2025-10-12,In Progress,0,0.0,,,0,0,0,Low
C000561,15365,NA,Finance,14319.32,3,205,0,1.0,820.4,Excellent,3,Email,0,0,DCA-03,2025-08-20,25,2025-09-14,Escalated,0,0.0,,,0,0,1,Low
C000562,10434,APAC,Healthcare,7663.37,2,274,1,0.805,613.6,Fair,3,Phone,1,0,DCA-03,2025-07-17,10,2025-07-27,Escalated,0,0.0,,,0,0,1,Low
C000563,14930,NA,FMCG,11725.63,2,223,0,0.908,668.4,Fair,5,Email,0,1,DCA-04,2025-02-25,10,2025-03-07,PTP,0,0.0,,,0,0,1,Low
C000564,11814,EU,Logistics,4106.14,7,33,0,0.547,558.2,Poor,0,Email,0,0,DCA-07,2025-10-22,8,2025-10-30,In Progress,0,0.0,,,0,0,0,Medium
C000565,18891,IND,Manufacturing,17737.04,6,205,4,0.906,465.7,Poor,2,Portal,1,0,DCA-03,2025-04-09,15,2025-04-24,Escalated,0,0.0,,,0,0,1,Low
C000566,12367,NA,Energy,4074.09,4,227,0,0.918,642.3,Fair,4,Phone,0,0,DCA-06,2025-02-13,22,2025-03-07,Escalated,0,0.0,,,0,0,1,Low
C000567,12280,LATAM,FMCG,14820.98,6,249,0,0.74,723.6,Good,5,SMS,0,0,DCA-09,2025-04-20,30,2025-05-20,Closed,1,14052.62,74.0,2025-07-03,0,0,0,Low
C000568,12493,APAC,Healthcare,5661.51,5,155,1,0.873,634.2,Fair,6,Phone,0,0,DCA-01,2025-07-10,23,2025-08-02,In Progress,0,0.0,,,0,0,0,Low
C000569,16425,APAC,Automotive,7370.58,5,35,0,0.783,605.0,Fair,3,Portal,0,0,DCA-02,2025-01-26,21,2025-02-16,Closed,1,6511.53,56.0,2025-03-23,0,1,0,Medium
C000570,15712,APAC,Retail,29980.8,1,47,0,1.0,728.8,Good,2,Phone,1,0,DCA-06,2025-09-27,28,2025-10-25,Dispute,0,0.0,,,0,0,0,Low
C000571,19488,EU,Aviation,20161.75,4,121,0,1.0,658.3,Fair,3,Email,0,0,DCA-03,2025-10-01,8,2025-10-09,In Progress,0,0.0,,,0,0,0,Medium
C000572,14162,NA,Logistics,29864.99,1,231,1,0.697,578.0,Poor,5,Email,0,0,DCA-10,2025-07-17,7,2025-07-24,Escalated,0,0.0,,,0,0,1,Low
C000573,12822,IND,FMCG,39807.44,5,270,1,0.598,581.8,Fair,4,Email,1,1,DCA-01,2025-07-03,8,2025-07-11,Escalated,0,0.0,,,0,0,1,Low
C000574,10492,NA,Automotive,7777.68,1,245,0,1.0,850.0,Excellent,5,SMS,0,0,DCA-04,2025-04-24,27,2025-05-21,Escalated,0,0.0,,,0,0,1,Low
C000575,10070,MEA,Healthcare,38149.97,4,114,0,0.8,712.9,Good,4,Email,0,1,DCA-01,2025-07-05,14,2025-07-19,PTP,0,0.0,,,0,0,0,Medium
C000576,13736,IND,Aviation,4789.33,3,161,0,0.816,637.2,Fair,2,Email,1,0,DCA-01,2025-07-17,15,2025-08-01,Escalated,0,0.0,,,0,0,1,Low
C000577,19258,NA,Technology,22522.5,1,18,1,0.714,631.5,Fair,3,Phone,0,0,DCA-01,2025-08-23,17,2025-09-09,In Progress,0,0.0,,,0,0,0,Low
C000578,15237,NA,Logistics,9458.45,4,291,2,1.0,682.2,Good,3,Email,0,0,DCA-04,2025-08-20,15,2025-09-04,Escalated,0,0.0,,,0,0,1,Low
C000579,18935,IND,Aviation,6965.95,2,129,3,0.792,695.5,Good,2,Phone,0,0,DCA-04,2025-04-09,30,2025-05-09,In Progress,0,0.0,,,0,0,0,Low
C000580,11016,NA,Technology,20539.99,2,186,1,0.789,657.7,Fair,2,In-person,0,1,DCA-05,2025-08-06,22,2025-08-28,PTP,0,0.0,,,0,0,1,Low
C000581,10933,APAC,Healthcare,25886.22,7,164,2,0.666,617.7,Fair,2,Portal,0,0,DCA-04,2025-05-31,23,2025-06-23,In Progress,0,0.0,,,0,0,0,Low
C000582,18334,NA,Manufacturing,25353.9,3,105,0,1.0,785.4,Very Good,5,Portal,0,0,DCA-01,2025-08-12,27,2025-09-08,In Progress,0,0.0,,,0,0,0,Medium
C000583,11067,APAC,Finance,15528.03,3,62,0,0.876,749.6,Very Good,0,Phone,0,1,DCA-07,2025-09-22,22,2025-10-14,PTP,0,0.0,,,0,0,0,High
C000584,10519,NA,Technology,14652.56,1,348,0,0.909,590.6,Fair,9,In-person,0,0,DCA-04,2025-06-24,16,2025-07-10,Escalated,0,0.0,,,0,0,1,Low
C000585,14040,IND,FMCG,19318.27,3,44,0,0.791,671.4,Good,3,Phone,0,1,DCA-06,2025-05-16,18,2025-06-03,PTP,0,0.0,,,0,0,0,Medium
C000586,19248,EU,Healthcare,16525.09,3,344,1,0.754,573.9,Poor,3,Email,0,0,DCA-09,2025-05-11,7,2025-05-18,Escalated,0,0.0,,,0,0,1,Low
C000587,16893,IND,Energy,19515.2,6,42,0,1.0,757.0,Very Good,3,Portal,0,1,DCA-10,2025-12-12,14,2025-12-26,PTP,0,0.0,,,0,0,0,Medium
C000588,10991,EU,Manufacturing,15410.43,1,35,0,0.826,662.9,Fair,2,Portal,0,0,DCA-09,2025-01-28,22,2025-02-19,In Progress,0,0.0,,,0,0,0,Medium
C000589,18371,APAC,Healthcare,24099.56,7,329,4,0.608,554.9,Poor,5,Phone,0,0,DCA-04,2025-11-21,13,2025-12-04,Escalated,0,0.0,,,0,0,1,Low
C000590,18435,MEA,Finance,4276.78,1,345,0,0.876,535.2,Poor,4,Email,0,1,DCA-02,2025-01-19,20,2025-02-08,PTP,0,0.0,,,0,0,1,Low
C000591,18006,MEA,Finance,12186.8,5,326,2,0.801,574.2,Poor,7,Phone,0,1,DCA-06,2025-09-09,18,2025-09-27,PTP,0,0.0,,,0,0,1,Low
C000592,19026,IND,Manufacturing,5071.07,1,283,0,0.927,664.1,Fair,7,Phone,0,1,DCA-09,2025-07-30,30,2025-08-29,PTP,0,0.0,,,0,0,1,Low
C000593,12398,EU,Logistics,16214.99,6,180,0,0.948,626.3,Fair,5,Portal,0,0,DCA-09,2025-10-11,30,2025-11-10,Closed,1,12468.93,51.0,2025-12-01,0,1,0,Medium
C000594,19795,APAC,Automotive,42165.23,5,39,1,0.929,736.5,Good,1,Phone,1,0,DCA-05,2025-12-06,19,2025-12-25,Dispute,0,0.0,,,0,0,0,Low
C000595,13206,IND,FMCG,9586.78,6,216,3,0.649,550.9,Poor,7,Phone,0,1,DCA-08,2025-11-23,14,2025-12-07,PTP,0,0.0,,,0,0,1,Low
C000596,18020,EU,Logistics,14604.38,7,190,1,0.77,718.1,Good,3,Email,0,0,DCA-02,2025-11-07,22,2025-11-29,Escalated,0,0.0,,,0,0,1,Low
C000597,15793,NA,FMCG,22686.85,6,268,0,1.0,729.3,Good,1,SMS,0,1,DCA-01,2025-08-23,29,2025-09-21,PTP,0,0.0,,,0,0,1,Medium
C000598,17794,EU,Automotive,3141.93,5,13,1,0.85,714.8,Good,5,Phone,0,1,DCA-10,2025-07-31,27,2025-08-27,PTP,0,0.0,,,0,0,0,Medium
C000599,16278,EU,Healthcare,9269.85,6,29,3,1.0,672.9,Good,2,Email,0,0,DCA-10,2025-09-30,16,2025-10-16,In Progress,0,0.0,,,0,0,0,Low
C000600,16424,NA,Automotive,17242.99,1,215,0,0.903,724.4,Good,4,Email,0,1,DCA-08,2025-09-10,13,2025-09-23,PTP,0,0.0,,,0,0,1,Low
C000601,16162,NA,Retail,1758.3,5,312,1,0.627,637.4,Fair,6,Email,0,0,DCA-04,2025-07-26,21,2025-08-16,Closed,1,1436.29,79.0,2025-10-13,0,0,0,Low
C000602,17789,NA,Automotive,6742.82,7,340,1,0.717,617.7,Fair,5,Phone,1,0,DCA-01,2026-01-21,7,2026-01-28,Escalated,0,0.0,,,0,0,1,Low
C000603,17390,EU,Retail,28871.22,3,208,2,0.623,634.7,Fair,7,Email,0,1,DCA-01,2025-05-03,16,2025-05-19,Closed,1,24235.96,59.0,2025-07-01,0,1,0,Low
C000604,11345,IND,Technology,26959.68,7,135,1,0.808,542.8,Poor,4,Phone,1,1,DCA-01,2026-01-18,24,2026-02-11,Escalated,0,0.0,,,0,0,1,Low
C000605,18260,LATAM,Energy,17361.71,4,172,1,0.823,604.4,Fair,5,Email,0,0,DCA-03,2025-10-12,19,2025-10-31,In Progress,0,0.0,,,0,0,0,Low
C000606,15360,EU,Technology,24773.71,4,186,1,0.955,682.6,Good,5,Portal,0,1,DCA-03,2026-01-28,23,2026-02-20,PTP,0,0.0,,,0,0,1,Medium
C000607,13230,IND,Finance,15530.68,3,226,1,0.993,658.7,Fair,4,Portal,0,0,DCA-03,2025-04-08,20,2025-04-28,Escalated,0,0.0,,,0,0,1,Low
C000608,15142,LATAM,Manufacturing,19707.93,1,83,0,0.849,689.5,Good,4,Phone,0,0,DCA-09,2025-01-07,28,2025-02-04,Closed,1,14773.59,62.0,2025-03-10,0,0,0,Medium
C000609,19669,NA,FMCG,10711.17,7,142,0,1.0,677.1,Good,2,Email,0,0,DCA-02,2025-05-29,22,2025-06-20,In Progress,0,0.0,,,0,0,0,Medium
C000610,18575,LATAM,Logistics,14487.9,6,197,0,1.0,713.2,Good,4,Email,0,0,DCA-02,2025-09-09,12,2025-09-21,Closed,1,12409.58,60.0,2025-11-08,0,1,0,Medium
C000611,18336,IND,Aviation,8581.3,3,310,1,0.987,631.5,Fair,5,Email,0,0,DCA-04,2026-01-08,28,2026-02-05,Escalated,0,0.0,,,0,0,1,Low
C000612,14627,NA,Technology,32352.23,7,293,0,0.884,611.3,Fair,3,Phone,1,0,DCA-08,2025-10-22,17,2025-11-08,Escalated,0,0.0,,,0,0,1,Low
C000613,17841,IND,Logistics,38757.97,2,275,0,0.855,730.9,Good,3,Email,0,0,DCA-05,2025-04-06,8,2025-04-14,Closed,1,25978.89,68.0,2025-06-13,0,0,0,Low
C000614,13850,APAC,Finance,35099.39,6,79,1,0.968,704.7,Good,2,Phone,0,0,DCA-07,2025-02-10,8,2025-02-18,In Progress,0,0.0,,,0,0,0,Medium
C000615,16861,APAC,Manufacturing,10039.91,4,148,2,0.895,541.8,Poor,1,Portal,1,0,DCA-07,2025-08-09,21,2025-08-30,Closed,1,7235.73,64.0,2025-10-12,0,0,1,Low
C000616,16395,NA,Retail,6852.43,5,202,3,0.959,643.9,Fair,4,Email,0,0,DCA-02,2025-05-24,24,2025-06-17,Escalated,0,0.0,,,0,0,1,Low
C000617,12497,EU,Automotive,32659.19,1,353,1,0.743,516.7,Poor,8,Portal,0,0,DCA-08,2025-05-25,12,2025-06-06,Escalated,0,0.0,,,0,0,1,Low
C000618,12664,EU,Automotive,19550.09,5,130,0,0.849,690.8,Good,9,Phone,0,0,DCA-02,2025-03-07,11,2025-03-18,Closed,1,19028.11,59.0,2025-05-05,0,1,0,Low
C000619,10611,IND,FMCG,16814.7,5,335,0,0.768,615.5,Fair,6,Email,0,0,DCA-08,2025-08-08,15,2025-08-23,Escalated,0,0.0,,,0,0,1,Low
C000620,11397,MEA,Finance,8573.72,7,273,0,0.744,614.2,Fair,3,Email,1,0,DCA-10,2025-06-01,20,2025-06-21,Escalated,0,0.0,,,0,0,1,Low
C000621,14336,IND,Automotive,17997.08,3,231,0,0.985,593.4,Fair,5,Email,0,1,DCA-02,2025-03-02,7,2025-03-09,PTP,0,0.0,,,0,0,1,Medium
C000622,14778,MEA,Finance,6249.8,1,256,2,0.574,583.9,Fair,6,Phone,0,0,DCA-02,2025-06-24,19,2025-07-13,Escalated,0,0.0,,,0,0,1,Low
C000623,11651,IND,Retail,20823.63,1,289,1,0.781,480.0,Poor,8,Email,0,0,DCA-10,2025-02-09,9,2025-02-18,Escalated,0,0.0,,,0,0,1,Low
C000624,14168,NA,Aviation,35074.19,2,255,0,0.857,635.6,Fair,2,Phone,1,0,DCA-10,2025-03-12,16,2025-03-28,Escalated,0,0.0,,,0,0,1,Low
C000625,16041,IND,Automotive,41845.18,3,245,1,0.978,571.7,Poor,3,SMS,0,0,DCA-05,2025-09-03,16,2025-09-19,Escalated,0,0.0,,,0,0,1,Low
C000626,12325,IND,Technology,21937.81,6,138,0,0.817,665.1,Fair,1,Phone,0,0,DCA-02,2025-07-15,8,2025-07-23,In Progress,0,0.0,,,0,0,0,Low
C000627,13382,LATAM,FMCG,5077.55,2,156,0,1.0,740.8,Very Good,3,Email,0,1,DCA-07,2025-02-07,7,2025-02-14,Closed,1,5077.55,29.0,2025-03-08,1,1,0,Medium
C000628,13675,MEA,Energy,15338.65,2,219,1,1.0,606.6,Fair,4,Portal,1,0,DCA-06,2025-03-16,21,2025-04-06,Escalated,0,0.0,,,0,0,1,Low
C000629,15050,IND,Retail,59741.2,1,308,2,0.658,603.7,Fair,4,Email,1,0,DCA-04,2025-01-18,15,2025-02-02,Escalated,0,0.0,,,0,0,1,Low
C000630,13663,NA,Finance,7273.35,3,237,0,0.911,756.4,Very Good,4,SMS,0,0,DCA-08,2025-12-31,19,2026-01-19,Escalated,0,0.0,,,0,0,1,Medium
C000631,17369,EU,Logistics,12817.58,5,360,2,0.768,608.2,Fair,8,Phone,0,1,DCA-03,2025-06-20,11,2025-07-01,PTP,0,0.0,,,0,0,1,Low
C000632,13274,IND,Automotive,35935.0,2,248,0,0.937,772.3,Very Good,6,Portal,0,0,DCA-08,2025-03-08,12,2025-03-20,Escalated,0,0.0,,,0,0,1,Low
C000633,14338,EU,Manufacturing,20578.33,4,149,0,0.961,732.4,Good,1,Phone,0,0,DCA-07,2025-05-16,14,2025-05-30,In Progress,0,0.0,,,0,0,0,Low
C000634,13794,NA,Technology,75819.4,2,210,0,0.658,567.5,Poor,3,Portal,0,0,DCA-02,2025-07-22,22,2025-08-13,Escalated,0,0.0,,,0,0,1,Low
C000635,11829,MEA,Energy,7998.36,6,227,1,0.756,632.1,Fair,4,Email,0,0,DCA-05,2025-01-22,17,2025-02-08,Escalated,0,0.0,,,0,0,1,Low
C000636,16857,EU,Retail,6681.99,1,316,0,0.958,690.6,Good,5,Phone,0,1,DCA-06,2025-05-16,30,2025-06-15,PTP,0,0.0,,,0,0,1,Low
C000637,12354,IND,Technology,31473.08,2,94,3,0.876,700.7,Good,6,SMS,0,0,DCA-05,2025-07-03,28,2025-07-31,In Progress,0,0.0,,,0,0,0,Low
C000638,12968,LATAM,Automotive,5784.2,4,91,0,0.805,664.0,Fair,3,Portal,0,0,DCA-05,2025-06-16,29,2025-07-15,In Progress,0,0.0,,,0,0,0,Medium
C000639,17927,IND,Finance,11640.69,6,74,0,0.887,699.7,Good,4,Phone,1,1,DCA-08,2026-01-25,10,2026-02-04,Dispute,0,0.0,,,0,0,0,Medium
C000640,19488,MEA,Retail,12759.7,3,21,2,0.93,638.7,Fair,0,Phone,0,0,DCA-06,2025-06-03,28,2025-07-01,Closed,1,9922.29,39.0,2025-07-12,0,1,0,Low
C000641,16708,LATAM,FMCG,27589.56,1,246,0,0.819,716.8,Good,3,In-person,0,0,DCA-03,2025-03-13,7,2025-03-20,Escalated,0,0.0,,,0,0,1,Low
C000642,19163,APAC,Technology,20537.09,4,351,0,1.0,675.8,Good,6,Phone,0,1,DCA-06,2026-01-22,25,2026-02-16,PTP,0,0.0,,,0,0,1,Low
C000643,18541,NA,Healthcare,18397.05,2,224,0,0.751,653.6,Fair,1,Phone,0,0,DCA-03,2026-01-19,19,2026-02-07,Escalated,0,0.0,,,0,0,1,Low
C000644,14809,NA,Aviation,10079.9,3,23,1,0.758,702.5,Good,3,Phone,1,1,DCA-02,2025-09-20,26,2025-10-16,Closed,1,9350.29,44.0,2025-11-03,0,1,0,Low
C000645,17702,IND,Logistics,31272.76,7,133,3,0.855,562.0,Poor,5,Email,1,0,DCA-10,2025-11-20,18,2025-12-08,Escalated,0,0.0,,,0,0,1,Low
C000646,13283,IND,Healthcare,223703.51,7,329,0,1.0,625.3,Fair,8,Phone,0,1,DCA-07,2025-01-20,24,2025-02-13,PTP,0,0.0,,,0,0,1,Low
C000647,14604,NA,Healthcare,21674.62,2,19,1,0.794,647.7,Fair,1,Phone,1,1,DCA-04,2025-08-24,14,2025-09-07,Closed,1,19653.1,46.0,2025-10-09,0,1,0,Medium
C000648,15354,APAC,Healthcare,14325.13,5,223,0,0.861,742.1,Very Good,4,Phone,0,1,DCA-03,2025-11-26,16,2025-12-12,PTP,0,0.0,,,0,0,1,Medium
C000649,19604,EU,Healthcare,5385.66,4,161,2,0.537,499.0,Poor,4,Portal,0,0,DCA-05,2025-01-01,29,2025-01-30,In Progress,0,0.0,,,0,0,0,Low
C000650,18485,MEA,Automotive,8550.65,7,335,1,0.917,695.9,Good,6,Phone,0,0,DCA-08,2025-08-04,11,2025-08-15,Escalated,0,0.0,,,0,0,1,Low
C000651,14892,IND,Logistics,11503.46,7,187,0,0.917,566.5,Poor,2,Phone,0,0,DCA-08,2025-03-03,21,2025-03-24,Escalated,0,0.0,,,0,0,1,Low
C000652,16525,APAC,Retail,9189.16,3,206,0,0.883,717.8,Good,0,Email,0,0,DCA-06,2025-02-16,25,2025-03-13,Escalated,0,0.0,,,0,0,1,Low
C000653,12023,MEA,Healthcare,13210.21,1,263,4,0.647,535.4,Poor,8,In-person,0,0,DCA-09,2025-09-17,11,2025-09-28,Escalated,0,0.0,,,0,0,1,Low
C000654,18043,EU,Finance,46379.43,1,299,2,0.654,591.5,Fair,5,In-person,0,0,DCA-06,2025-07-06,21,2025-07-27,Escalated,0,0.0,,,0,0,1,Low
C000655,15530,APAC,FMCG,31984.82,1,188,0,0.833,731.0,Good,6,Phone,0,0,DCA-08,2025-06-19,19,2025-07-08,Escalated,0,0.0,,,0,0,1,Medium
C000656,15327,IND,Finance,11953.95,6,263,1,0.916,642.5,Fair,6,Email,0,1,DCA-09,2025-02-22,26,2025-03-20,Closed,1,11840.49,33.0,2025-03-27,0,1,0,Medium
C000657,17662,NA,Aviation,5734.2,6,294,1,0.717,607.6,Fair,3,Phone,0,0,DCA-06,2025-05-11,22,2025-06-02,Escalated,0,0.0,,,0,0,1,Low
C000658,16329,NA,Finance,34069.48,6,192,2,0.693,637.4,Fair,4,Email,0,0,DCA-02,2025-08-09,29,2025-09-07,Escalated,0,0.0,,,0,0,1,Low
C000659,10724,LATAM,Aviation,12908.77,1,261,0,0.681,642.5,Fair,4,Email,0,0,DCA-08,2025-06-15,20,2025-07-05,Escalated,0,0.0,,,0,0,1,Low
C000660,12881,IND,Retail,3989.61,1,133,1,0.836,649.8,Fair,4,Email,0,0,DCA-09,2025-05-27,16,2025-06-12,In Progress,0,0.0,,,0,0,0,Low
C000661,11767,LATAM,Automotive,21997.87,2,130,2,0.945,616.9,Fair,3,Email,0,0,DCA-06,2026-01-17,20,2026-02-06,In Progress,0,0.0,,,0,0,0,Low
C000662,17348,NA,Retail,27391.3,5,2,1,0.732,719.2,Good,4,In-person,0,0,DCA-07,2025-01-27,28,2025-02-24,Closed,1,23214.11,55.0,2025-03-23,0,1,0,Medium
C000663,10351,APAC,Manufacturing,2445.16,1,244,1,1.0,715.1,Good,7,SMS,0,0,DCA-05,2025-06-14,7,2025-06-21,Escalated,0,0.0,,,0,0,1,Low
C000664,12024,APAC,Manufacturing,7501.15,5,92,1,0.532,683.8,Good,1,SMS,0,1,DCA-01,2025-09-16,8,2025-09-24,PTP,0,0.0,,,0,0,0,Medium
C000665,15974,IND,Retail,12365.7,7,297,2,0.726,645.0,Fair,4,SMS,0,0,DCA-08,2025-08-19,10,2025-08-29,Escalated,0,0.0,,,0,0,1,Low
C000666,16947,MEA,Finance,22340.53,2,347,0,0.475,505.9,Poor,4,Phone,0,1,DCA-05,2025-04-03,13,2025-04-16,PTP,0,0.0,,,0,0,1,Low
C000667,15033,APAC,Manufacturing,9311.24,6,319,2,0.804,538.1,Poor,6,In-person,0,1,DCA-10,2025-08-13,21,2025-09-03,PTP,0,0.0,,,0,0,1,Low
C000668,18607,APAC,FMCG,7461.42,4,101,0,0.862,562.7,Poor,3,Phone,0,0,DCA-01,2025-10-30,18,2025-11-17,Closed,1,6581.85,62.0,2025-12-31,0,0,0,Medium
C000669,19189,EU,Technology,22226.01,7,238,1,0.691,627.0,Fair,2,Email,0,1,DCA-09,2025-07-22,20,2025-08-11,Closed,1,19703.88,36.0,2025-08-27,0,1,0,Low
C000670,11321,NA,Retail,9625.53,2,274,3,0.795,584.2,Fair,1,Phone,1,0,DCA-02,2025-12-24,29,2026-01-22,Escalated,0,0.0,,,0,0,1,Low
C000671,19525,MEA,Technology,19524.75,2,185,0,1.0,624.9,Fair,4,Phone,0,0,DCA-01,2025-09-26,7,2025-10-03,Escalated,0,0.0,,,0,0,1,Low
C000672,16143,APAC,Retail,6136.07,1,186,0,1.0,674.3,Good,4,Phone,0,1,DCA-04,2025-04-06,30,2025-05-06,PTP,0,0.0,,,0,0,1,Medium
C000673,16362,NA,Technology,5184.18,5,160,0,0.9,670.9,Good,5,Email,0,0,DCA-02,2025-09-14,14,2025-09-28,Closed,1,3741.44,72.0,2025-11-25,0,0,0,Low
C000674,10950,APAC,Technology,22667.52,7,113,0,0.735,749.6,Very Good,3,Phone,0,1,DCA-07,2025-05-01,19,2025-05-20,PTP,0,0.0,,,0,0,0,Medium
C000675,16218,IND,Retail,15942.82,1,209,0,0.702,613.3,Fair,5,Email,0,1,DCA-07,2025-04-10,10,2025-04-20,PTP,0,0.0,,,0,0,1,Medium
C000676,17257,NA,Healthcare,25481.78,4,361,0,0.92,546.8,Poor,1,Portal,0,0,DCA-09,2025-01-19,20,2025-02-08,Closed,1,22549.5,66.0,2025-03-26,0,0,0,Low
C000677,15807,IND,Manufacturing,9202.08,6,80,1,1.0,602.1,Fair,3,Phone,0,0,DCA-09,2025-10-24,12,2025-11-05,In Progress,0,0.0,,,0,0,0,Medium
C000678,10844,APAC,Retail,7657.39,6,18,0,0.778,628.9,Fair,1,Phone,0,0,DCA-03,2025-07-10,17,2025-07-27,In Progress,0,0.0,,,0,0,0,Medium
C000679,15232,NA,Aviation,34630.96,7,21,1,0.748,714.6,Good,2,Phone,0,0,DCA-08,2025-11-21,12,2025-12-03,In Progress,0,0.0,,,0,0,0,Medium
C000680,19359,IND,Retail,4600.54,6,212,1,1.0,642.9,Fair,5,In-person,1,0,DCA-10,2025-11-28,28,2025-12-26,Escalated,0,0.0,,,0,0,1,Low
C000681,17234,NA,Aviation,32081.1,7,99,1,0.904,754.6,Very Good,4,Email,0,1,DCA-04,2025-04-18,21,2025-05-09,PTP,0,0.0,,,0,0,0,Medium
C000682,11374,NA,Aviation,33669.69,7,168,0,0.653,615.3,Fair,5,Phone,1,0,DCA-04,2025-02-13,27,2025-03-12,Escalated,0,0.0,,,0,0,1,Low
C000683,19599,APAC,FMCG,24393.27,7,347,1,0.923,637.8,Fair,5,Phone,0,1,DCA-02,2025-10-15,29,2025-11-13,Closed,1,21890.59,46.0,2025-11-30,0,1,0,Low
C000684,19588,NA,Automotive,8254.67,4,28,0,0.926,675.5,Good,1,Phone,0,1,DCA-10,2025-03-08,13,2025-03-21,Closed,1,7606.0,42.0,2025-04-19,0,1,0,Medium
C000685,11693,NA,Logistics,7543.44,3,64,1,0.761,631.5,Fair,1,SMS,1,0,DCA-10,2025-09-27,18,2025-10-15,Dispute,0,0.0,,,0,0,0,Low
C000686,18008,MEA,Technology,11532.92,3,78,0,1.0,700.3,Good,3,In-person,0,0,DCA-07,2025-10-22,8,2025-10-30,In Progress,0,0.0,,,0,0,0,Medium
C000687,14067,NA,Healthcare,5396.32,7,167,1,0.651,657.0,Fair,2,Phone,0,0,DCA-01,2025-10-05,30,2025-11-04,In Progress,0,0.0,,,0,0,0,Low
C000688,15936,IND,Healthcare,6814.54,2,253,0,0.753,698.8,Good,4,SMS,0,1,DCA-06,2025-09-10,8,2025-09-18,PTP,0,0.0,,,0,0,1,Low
C000689,14451,IND,Manufacturing,20979.77,6,67,1,0.825,640.9,Fair,4,Phone,0,0,DCA-09,2025-03-29,10,2025-04-08,In Progress,0,0.0,,,0,0,0,Low
C000690,17826,IND,Logistics,21047.65,5,40,1,0.951,737.5,Good,4,SMS,0,0,DCA-01,2025-03-20,28,2025-04-17,In Progress,0,0.0,,,0,0,0,Low
C000691,19966,MEA,Aviation,6407.97,1,32,2,0.738,567.0,Poor,1,Phone,0,1,DCA-05,2025-09-18,16,2025-10-04,PTP,0,0.0,,,0,0,0,Medium
C000692,17951,APAC,Aviation,21445.83,4,292,0,0.799,557.7,Poor,4,Phone,1,0,DCA-01,2025-03-09,24,2025-04-02,Escalated,0,0.0,,,0,0,1,Low
C000693,19313,MEA,Energy,18361.52,2,11,2,1.0,680.1,Good,1,In-person,0,0,DCA-09,2025-07-07,22,2025-07-29,Closed,1,17716.37,39.0,2025-08-15,0,1,0,Medium
C000694,19460,LATAM,Technology,38442.56,6,228,4,0.525,563.8,Poor,3,Phone,0,0,DCA-07,2025-01-28,11,2025-02-08,Escalated,0,0.0,,,0,0,1,Low
C000695,10901,IND,Finance,19898.42,4,211,1,0.835,643.4,Fair,3,Phone,0,0,DCA-07,2025-04-10,22,2025-05-02,Closed,1,17238.26,57.0,2025-06-06,0,1,0,Low
C000696,12533,NA,Manufacturing,28029.33,3,37,3,0.401,512.6,Poor,2,Phone,0,0,DCA-04,2025-01-07,23,2025-01-30,In Progress,0,0.0,,,0,0,0,Low
C000697,17218,NA,Energy,18656.58,1,202,0,1.0,604.3,Fair,5,Email,1,0,DCA-04,2025-04-26,9,2025-05-05,Escalated,0,0.0,,,0,0,1,Low
C000698,15900,MEA,Finance,26527.85,1,105,1,0.955,628.3,Fair,6,Phone,0,0,DCA-08,2025-06-16,16,2025-07-02,In Progress,0,0.0,,,0,0,0,Low
C000699,10501,NA,FMCG,5426.33,6,188,0,0.844,684.1,Good,5,Email,0,0,DCA-01,2025-02-08,9,2025-02-17,Escalated,0,0.0,,,0,0,1,Low
C000700,10950,IND,Manufacturing,12268.36,7,50,0,1.0,617.6,Fair,2,SMS,0,0,DCA-07,2025-02-12,21,2025-03-05,Closed,1,9980.3,54.0,2025-04-07,0,1,0,Medium
C000701,15205,NA,Aviation,13000.1,3,244,2,0.665,632.2,Fair,3,SMS,0,0,DCA-05,2025-10-25,9,2025-11-03,Escalated,0,0.0,,,0,0,1,Low
C000702,16161,MEA,FMCG,11264.09,6,291,0,0.987,652.4,Fair,3,Email,0,0,DCA-05,2025-04-26,21,2025-05-17,Escalated,0,0.0,,,0,0,1,Low
C000703,11677,IND,Technology,18228.12,4,2,2,0.811,561.2,Poor,3,Phone,0,0,DCA-07,2025-06-24,24,2025-07-18,In Progress,0,0.0,,,0,0,0,Low
C000704,11712,EU,Automotive,20828.26,3,194,0,0.658,585.3,Fair,4,Portal,0,0,DCA-01,2025-12-12,23,2026-01-04,Escalated,0,0.0,,,0,0,1,Low
C000705,11293,MEA,Logistics,17581.1,4,236,0,0.887,599.6,Fair,0,Email,0,0,DCA-06,2025-01-21,8,2025-01-29,Escalated,0,0.0,,,0,0,1,Low
C000706,15649,IND,Logistics,11803.36,5,2,1,0.632,722.6,Good,5,Phone,0,0,DCA-06,2025-01-20,13,2025-02-02,In Progress,0,0.0,,,0,0,0,Low
C000707,10078,IND,Aviation,7982.36,7,264,4,0.899,566.3,Poor,6,Email,0,0,DCA-02,2025-05-23,28,2025-06-20,Escalated,0,0.0,,,0,0,1,Low
C000708,15724,NA,Healthcare,28797.11,4,198,0,0.734,609.3,Fair,2,Phone,0,0,DCA-02,2025-11-11,29,2025-12-10,Escalated,0,0.0,,,0,0,1,Low
C000709,14759,NA,Technology,17065.48,3,112,0,0.991,700.4,Good,3,Phone,0,1,DCA-04,2026-01-18,9,2026-01-27,Closed,1,16678.48,6.0,2026-01-24,1,1,0,Medium
C000710,14659,EU,Aviation,6548.36,6,176,0,1.0,728.2,Good,5,Phone,0,0,DCA-10,2025-05-31,28,2025-06-28,In Progress,0,0.0,,,0,0,0,Low
C000711,16792,NA,Manufacturing,11665.82,4,249,3,0.664,452.6,Poor,6,Portal,1,0,DCA-07,2025-04-28,9,2025-05-07,Escalated,0,0.0,,,0,0,1,Low
C000712,15226,NA,Logistics,3942.97,3,235,0,0.988,672.6,Good,5,Phone,0,1,DCA-06,2025-06-12,7,2025-06-19,PTP,0,0.0,,,0,0,1,Low
C000713,17277,APAC,Energy,13694.64,4,283,0,1.0,705.2,Good,5,Email,0,0,DCA-10,2025-07-31,10,2025-08-10,Escalated,0,0.0,,,0,0,1,Low
C000714,17639,NA,Manufacturing,11627.57,4,13,1,0.888,760.1,Very Good,2,SMS,0,0,DCA-06,2026-01-20,23,2026-02-12,In Progress,0,0.0,,,0,0,0,Low
C000715,19201,NA,Healthcare,8936.27,1,287,0,0.847,603.8,Fair,2,Email,0,1,DCA-01,2025-04-01,30,2025-05-01,PTP,0,0.0,,,0,0,1,Low
C000716,17992,IND,FMCG,40506.6,1,13,0,0.65,673.8,Good,3,SMS,1,0,DCA-09,2025-08-13,19,2025-09-01,Dispute,0,0.0,,,0,0,0,Low
C000717,15177,MEA,Automotive,5947.3,5,237,1,0.758,611.7,Fair,3,Phone,0,0,DCA-10,2025-12-16,11,2025-12-27,Escalated,0,0.0,,,0,0,1,Low
C000718,14921,EU,Aviation,21905.11,2,128,0,0.734,675.1,Good,3,Email,0,0,DCA-10,2025-01-15,19,2025-02-03,In Progress,0,0.0,,,0,0,0,Low
C000719,12357,NA,FMCG,61740.52,4,24,0,0.833,752.2,Very Good,2,Email,0,0,DCA-02,2025-09-07,17,2025-09-24,In Progress,0,0.0,,,0,0,0,Medium
C000720,15995,APAC,Energy,28398.38,6,251,1,0.6,625.8,Fair,5,Portal,0,0,DCA-06,2025-11-10,9,2025-11-19,Closed,1,22314.47,65.0,2026-01-14,0,0,0,Low
C000721,11391,LATAM,Technology,13068.01,2,202,0,0.802,650.6,Fair,3,Email,1,0,DCA-04,2025-05-18,15,2025-06-02,Escalated,0,0.0,,,0,0,1,Low
C000722,19312,EU,Healthcare,6039.96,3,243,0,0.546,658.0,Fair,1,In-person,0,0,DCA-05,2025-08-08,19,2025-08-27,Escalated,0,0.0,,,0,0,1,Low
C000723,18450,LATAM,Aviation,5148.99,7,137,0,0.923,692.8,Good,4,Phone,1,0,DCA-04,2025-11-26,25,2025-12-21,Escalated,0,0.0,,,0,0,1,Low
C000724,11197,APAC,Technology,10015.75,1,102,0,1.0,717.0,Good,2,SMS,0,1,DCA-01,2025-11-03,24,2025-11-27,Closed,1,10015.75,25.0,2025-11-28,1,1,0,High
C000725,17859,LATAM,Healthcare,8259.34,6,228,1,0.4,579.7,Poor,4,Phone,0,0,DCA-02,2025-09-07,11,2025-09-18,Escalated,0,0.0,,,0,0,1,Low
C000726,11171,APAC,Technology,8073.3,2,79,3,0.796,647.4,Fair,3,In-person,1,0,DCA-01,2025-03-01,7,2025-03-08,Closed,1,6613.59,70.0,2025-05-10,0,0,0,Low
C000727,17212,APAC,Logistics,10631.54,7,296,3,0.718,577.2,Poor,6,Email,1,0,DCA-05,2025-03-22,29,2025-04-20,Escalated,0,0.0,,,0,0,1,Low
C000728,10877,NA,Manufacturing,12436.95,3,249,1,0.704,679.5,Good,0,Phone,0,1,DCA-02,2025-04-14,17,2025-05-01,PTP,0,0.0,,,0,0,1,Low
C000729,14881,NA,Healthcare,18763.12,1,364,3,0.705,579.3,Poor,7,Portal,1,0,DCA-06,2025-10-02,15,2025-10-17,Escalated,0,0.0,,,0,0,1,Low
C000730,16578,APAC,FMCG,5616.94,6,10,0,1.0,760.2,Very Good,1,Email,0,0,DCA-02,2025-12-26,21,2026-01-16,In Progress,0,0.0,,,0,0,0,High
C000731,17288,APAC,FMCG,8286.88,2,214,2,0.63,601.8,Fair,7,Phone,1,1,DCA-07,2025-07-23,12,2025-08-04,Escalated,0,0.0,,,0,0,1,Low
C000732,14186,IND,Technology,11946.93,3,203,0,0.838,659.1,Fair,2,Portal,0,0,DCA-10,2025-06-19,10,2025-06-29,Escalated,0,0.0,,,0,0,1,Low
C000733,19216,NA,Retail,11651.15,4,313,1,0.816,628.3,Fair,6,In-person,0,0,DCA-06,2026-01-17,20,2026-02-06,Closed,1,9481.28,66.0,2026-03-24,0,0,0,Low
C000734,17743,MEA,Technology,48314.96,6,155,1,0.706,633.1,Fair,1,Portal,0,0,DCA-02,2025-07-21,30,2025-08-20,In Progress,0,0.0,,,0,0,0,Low
C000735,12082,APAC,Logistics,15718.17,3,341,1,1.0,668.9,Fair,4,Email,0,0,DCA-02,2025-09-29,16,2025-10-15,Escalated,0,0.0,,,0,0,1,Low
C000736,16712,NA,Logistics,4317.74,7,88,0,1.0,805.6,Excellent,2,Phone,0,1,DCA-09,2025-09-12,23,2025-10-05,PTP,0,0.0,,,0,0,0,High
C000737,17305,NA,Technology,17903.06,4,311,0,0.905,671.2,Good,4,Phone,0,0,DCA-05,2025-12-06,17,2025-12-23,Escalated,0,0.0,,,0,0,1,Low
C000738,13336,APAC,Finance,19574.14,3,190,0,1.0,562.7,Poor,6,Email,0,0,DCA-07,2025-07-28,23,2025-08-20,Escalated,0,0.0,,,0,0,1,Medium
C000739,17382,MEA,Energy,12239.34,3,344,2,0.889,509.1,Poor,5,Phone,0,1,DCA-07,2025-05-25,24,2025-06-18,PTP,0,0.0,,,0,0,1,Low
C000740,18983,IND,Technology,5713.7,6,80,0,0.812,826.5,Excellent,3,Portal,0,1,DCA-02,2025-10-24,17,2025-11-10,PTP,0,0.0,,,0,0,0,Medium
C000741,18171,EU,Finance,45735.88,5,95,0,0.921,675.1,Good,2,Phone,0,0,DCA-03,2025-01-23,18,2025-02-10,Closed,1,36041.14,46.0,2025-03-10,0,1,0,Medium
C000742,17625,IND,Finance,6317.52,1,206,0,1.0,686.0,Good,3,Phone,0,0,DCA-08,2025-03-30,9,2025-04-08,Escalated,0,0.0,,,0,0,1,Low
C000743,16344,NA,Technology,21216.63,6,201,0,0.775,702.1,Good,4,SMS,0,1,DCA-01,2025-02-14,26,2025-03-12,Closed,1,18322.56,45.0,2025-03-31,0,1,0,Medium
C000744,12705,LATAM,Finance,15367.89,3,55,0,1.0,706.2,Good,1,Email,0,0,DCA-05,2025-12-30,28,2026-01-27,In Progress,0,0.0,,,0,0,0,Medium
C000745,17952,NA,Finance,20344.53,3,238,0,1.0,688.0,Good,3,Phone,0,1,DCA-02,2025-12-13,7,2025-12-20,PTP,0,0.0,,,0,0,1,Medium
C000746,13641,LATAM,Technology,44125.83,1,148,0,1.0,668.7,Fair,3,Phone,0,1,DCA-06,2025-01-22,8,2025-01-30,Closed,1,38129.35,36.0,2025-02-27,0,1,0,Medium
C000747,15321,EU,Technology,19794.26,7,56,0,0.935,743.9,Very Good,5,Phone,0,1,DCA-05,2025-04-06,22,2025-04-28,Closed,1,19794.26,31.0,2025-05-07,0,1,0,Medium
C000748,13144,EU,Automotive,9035.67,1,186,0,1.0,795.0,Very Good,3,Phone,0,1,DCA-06,2025-07-17,25,2025-08-11,PTP,0,0.0,,,0,0,1,Medium
C000749,13130,LATAM,FMCG,28975.17,7,255,0,0.867,617.5,Fair,8,Phone,1,1,DCA-04,2026-01-17,19,2026-02-05,Escalated,0,0.0,,,0,0,1,Low
C000750,11576,APAC,Aviation,8588.94,1,12,2,0.628,653.8,Fair,1,Email,0,0,DCA-03,2026-01-30,11,2026-02-10,In Progress,0,0.0,,,0,0,0,Low
C000751,19612,NA,Aviation,14980.29,4,336,0,1.0,704.9,Good,6,Phone,0,0,DCA-05,2025-08-24,23,2025-09-16,Escalated,0,0.0,,,0,0,1,Low
C000752,11477,LATAM,Healthcare,5403.71,1,223,1,0.826,646.8,Fair,4,In-person,0,0,DCA-05,2025-09-18,24,2025-10-12,Escalated,0,0.0,,,0,0,1,Medium
C000753,10862,LATAM,Energy,6481.47,4,95,1,0.669,557.8,Poor,1,Phone,0,0,DCA-05,2025-05-09,19,2025-05-28,In Progress,0,0.0,,,0,0,0,Low
C000754,19361,IND,Finance,13849.03,6,274,0,1.0,737.4,Good,1,Phone,0,0,DCA-06,2025-07-10,18,2025-07-28,Closed,1,12368.1,75.0,2025-09-23,0,0,0,Medium
C000755,15550,IND,FMCG,17286.15,5,308,0,0.873,593.9,Fair,8,SMS,0,0,DCA-05,2026-01-04,19,2026-01-23,Escalated,0,0.0,,,0,0,1,Low
C000756,14379,NA,Automotive,4057.52,4,349,2,0.915,550.4,Poor,2,Phone,0,0,DCA-04,2026-01-12,17,2026-01-29,Escalated,0,0.0,,,0,0,1,Low
C000757,17374,MEA,Retail,18922.39,1,288,0,0.918,623.7,Fair,5,Portal,1,0,DCA-03,2025-08-03,26,2025-08-29,Escalated,0,0.0,,,0,0,1,Low
C000758,13833,EU,Energy,7528.11,7,74,1,0.698,650.5,Fair,7,Portal,0,0,DCA-08,2025-01-31,30,2025-03-02,In Progress,0,0.0,,,0,0,0,Low
C000759,11279,EU,Automotive,32721.3,3,60,1,0.58,688.9,Good,2,Portal,1,0,DCA-06,2025-05-07,24,2025-05-31,Dispute,0,0.0,,,0,0,0,Low
C000760,17296,MEA,Aviation,10442.35,4,76,0,1.0,667.3,Fair,1,Phone,0,0,DCA-02,2025-06-16,30,2025-07-16,In Progress,0,0.0,,,0,0,0,Medium
C000761,11759,APAC,Aviation,6084.28,7,319,0,0.792,563.8,Poor,6,Email,0,0,DCA-02,2025-05-01,28,2025-05-29,Escalated,0,0.0,,,0,0,1,Low
C000762,15529,IND,Healthcare,14087.78,5,111,1,0.539,598.8,Fair,4,Phone,0,1,DCA-05,2025-12-23,8,2025-12-31,PTP,0,0.0,,,0,0,0,Low
C000763,19490,EU,Automotive,7034.88,6,121,0,0.846,615.3,Fair,4,Phone,0,0,DCA-01,2025-07-27,17,2025-08-13,In Progress,0,0.0,,,0,0,0,Low
C000764,19361,NA,Automotive,32476.16,2,325,1,0.91,676.5,Good,6,Email,0,0,DCA-02,2025-09-26,28,2025-10-24,Escalated,0,0.0,,,0,0,1,Low
C000765,13607,APAC,Automotive,13364.69,4,75,0,0.733,663.3,Fair,2,Portal,0,0,DCA-02,2025-11-12,17,2025-11-29,In Progress,0,0.0,,,0,0,0,Low
C000766,17803,IND,FMCG,12013.98,4,149,0,0.969,657.9,Fair,4,Portal,0,0,DCA-09,2025-05-26,7,2025-06-02,In Progress,0,0.0,,,0,0,0,Medium
C000767,16126,APAC,Aviation,20216.63,2,108,1,0.46,697.5,Good,4,Phone,0,0,DCA-04,2025-11-21,8,2025-11-29,In Progress,0,0.0,,,0,0,0,Low
C000768,14793,APAC,Energy,6611.31,3,110,1,0.887,766.8,Very Good,2,Phone,0,0,DCA-09,2026-01-22,21,2026-02-12,In Progress,0,0.0,,,0,0,0,Low
C000769,11399,LATAM,Aviation,5418.6,6,217,1,0.692,631.9,Fair,5,Phone,0,1,DCA-04,2025-05-15,27,2025-06-11,PTP,0,0.0,,,0,0,1,Low
C000770,13763,APAC,Logistics,17780.3,7,270,3,0.896,526.0,Poor,2,In-person,0,0,DCA-07,2025-10-27,26,2025-11-22,Escalated,0,0.0,,,0,0,1,Low
C000771,16519,LATAM,Aviation,6187.15,6,97,0,1.0,773.9,Very Good,4,Phone,0,1,DCA-06,2025-08-11,28,2025-09-08,PTP,0,0.0,,,0,0,0,Medium
C000772,19866,IND,Automotive,6185.68,7,14,2,0.676,632.8,Fair,2,Email,1,0,DCA-03,2026-01-22,14,2026-02-05,Dispute,0,0.0,,,0,0,0,Low
C000773,10048,IND,Automotive,23998.08,7,233,5,0.637,463.9,Poor,1,In-person,0,0,DCA-10,2025-09-30,29,2025-10-29,Escalated,0,0.0,,,0,0,1,Low
C000774,17177,EU,Aviation,19293.91,2,200,0,1.0,553.4,Poor,5,Portal,1,0,DCA-09,2025-08-19,23,2025-09-11,Escalated,0,0.0,,,0,0,1,Low
C000775,18463,LATAM,Automotive,5554.25,6,240,2,0.679,546.7,Poor,2,Email,0,1,DCA-08,2025-11-22,11,2025-12-03,PTP,0,0.0,,,0,0,1,Low
C000776,19511,LATAM,Technology,8661.17,5,164,3,0.896,606.9,Fair,1,Phone,0,0,DCA-07,2025-01-04,21,2025-01-25,In Progress,0,0.0,,,0,0,0,Low
C000777,14238,EU,Aviation,7096.72,7,283,0,0.901,701.0,Good,4,Phone,0,0,DCA-05,2025-12-15,7,2025-12-22,Escalated,0,0.0,,,0,0,1,Low
C000778,11184,IND,Technology,46324.37,5,228,0,1.0,737.5,Good,4,Portal,0,0,DCA-02,2026-01-19,18,2026-02-06,Escalated,0,0.0,,,0,0,1,Low
C000779,12709,IND,Automotive,25190.12,1,276,1,0.734,635.8,Fair,3,Phone,0,1,DCA-05,2025-11-09,12,2025-11-21,PTP,0,0.0,,,0,0,1,Low
C000780,18505,EU,Logistics,9950.8,4,267,1,0.953,644.0,Fair,2,Phone,0,1,DCA-08,2025-11-22,27,2025-12-19,PTP,0,0.0,,,0,0,1,Low
C000781,18779,IND,Automotive,19996.97,6,181,0,0.989,694.0,Good,4,Phone,0,1,DCA-05,2025-05-21,10,2025-05-31,PTP,0,0.0,,,0,0,1,Medium
C000782,16370,EU,Finance,5170.22,1,119,1,0.868,709.9,Good,5,In-person,0,1,DCA-10,2025-08-06,23,2025-08-29,Closed,1,5105.39,30.0,2025-09-05,1,1,0,Low
C000783,11227,EU,Aviation,8342.75,4,212,2,0.724,548.3,Poor,5,Email,1,0,DCA-07,2025-03-04,19,2025-03-23,Escalated,0,0.0,,,0,0,1,Low
C000784,11219,NA,Aviation,14377.28,5,232,0,1.0,737.1,Good,6,Phone,0,0,DCA-02,2025-03-05,26,2025-03-31,Escalated,0,0.0,,,0,0,1,Low
C000785,14781,NA,Technology,18334.9,4,209,1,1.0,688.3,Good,2,Email,0,1,DCA-01,2025-07-03,13,2025-07-16,PTP,0,0.0,,,0,0,1,Low
C000786,15882,NA,Manufacturing,12478.7,6,191,1,0.943,576.2,Poor,6,Email,0,0,DCA-02,2025-12-14,8,2025-12-22,Closed,1,11338.85,44.0,2026-01-27,0,1,0,Low
C000787,10323,IND,Finance,15892.61,1,125,1,0.958,715.7,Good,7,Phone,0,0,DCA-06,2025-08-19,22,2025-09-10,In Progress,0,0.0,,,0,0,0,Low
C000788,16860,IND,Manufacturing,14112.77,3,49,1,0.692,598.3,Fair,5,SMS,0,0,DCA-10,2025-09-09,11,2025-09-20,Closed,1,9523.4,65.0,2025-11-13,0,0,0,Low
C000789,15445,MEA,Aviation,11914.31,7,156,1,0.811,743.3,Very Good,1,Portal,0,1,DCA-10,2026-01-15,24,2026-02-08,PTP,0,0.0,,,0,0,0,Low
C000790,10123,APAC,Manufacturing,10858.44,4,321,1,1.0,557.0,Poor,3,Phone,0,1,DCA-08,2025-01-02,21,2025-01-23,PTP,0,0.0,,,0,0,1,Low
C000791,10956,IND,Energy,9913.12,2,261,0,0.734,529.8,Poor,6,Portal,0,0,DCA-03,2025-01-20,17,2025-02-06,Escalated,0,0.0,,,0,0,1,Low
C000792,14543,APAC,FMCG,15714.77,1,275,2,0.895,587.5,Fair,3,Phone,1,0,DCA-10,2025-07-15,26,2025-08-10,Escalated,0,0.0,,,0,0,1,Low
C000793,17225,IND,Retail,17810.99,5,269,3,0.825,552.3,Poor,2,Email,0,0,DCA-10,2025-03-10,12,2025-03-22,Escalated,0,0.0,,,0,0,1,Low
C000794,18253,NA,Manufacturing,15349.7,7,336,1,1.0,721.9,Good,4,Phone,0,0,DCA-07,2026-01-24,25,2026-02-18,Escalated,0,0.0,,,0,0,1,Low
C000795,14313,NA,Logistics,5854.59,1,83,3,0.687,603.1,Fair,5,Email,0,0,DCA-01,2025-05-04,22,2025-05-26,Closed,1,4128.7,62.0,2025-07-05,0,0,0,Low
C000796,12953,APAC,Logistics,6639.22,1,263,0,0.819,726.7,Good,2,Phone,0,1,DCA-03,2025-08-20,18,2025-09-07,PTP,0,0.0,,,0,0,1,Medium
C000797,19683,IND,Manufacturing,17662.82,3,26,2,1.0,693.6,Good,2,Phone,0,0,DCA-05,2025-01-01,19,2025-01-20,In Progress,0,0.0,,,0,0,0,Low
C000798,14585,MEA,Aviation,37427.89,2,90,1,0.927,648.4,Fair,6,Email,0,1,DCA-03,2025-10-08,26,2025-11-03,PTP,0,0.0,,,0,0,0,Medium
C000799,13153,EU,Healthcare,14863.9,1,11,0,0.847,707.1,Good,4,Phone,0,0,DCA-07,2026-01-23,16,2026-02-08,Closed,1,12805.93,54.0,2026-03-18,0,1,0,Medium
C000800,14423,NA,FMCG,10014.93,3,157,1,0.994,617.8,Fair,0,Phone,0,1,DCA-06,2025-09-17,28,2025-10-15,PTP,0,0.0,,,0,0,0,Medium
C000801,10120,LATAM,Healthcare,15631.42,5,52,0,1.0,726.4,Good,0,Phone,0,0,DCA-10,2025-07-02,30,2025-08-01,In Progress,0,0.0,,,0,0,0,Medium
C000802,13019,LATAM,Technology,6028.33,6,141,0,1.0,764.3,Very Good,5,Email,0,0,DCA-05,2025-07-24,21,2025-08-14,In Progress,0,0.0,,,0,0,0,Medium
C000803,15155,NA,Aviation,33398.3,3,50,1,0.775,643.1,Fair,3,In-person,0,0,DCA-01,2025-06-23,18,2025-07-11,In Progress,0,0.0,,,0,0,0,Low
C000804,19184,IND,Healthcare,15223.81,5,14,2,0.936,661.8,Fair,1,Portal,1,1,DCA-01,2025-10-01,10,2025-10-11,Closed,1,11960.47,26.0,2025-10-27,1,1,0,Low
C000805,17382,IND,Healthcare,8361.39,6,174,3,0.775,533.8,Poor,4,Email,1,0,DCA-02,2025-02-25,16,2025-03-13,Escalated,0,0.0,,,0,0,1,Low
C000806,17812,APAC,Manufacturing,11887.51,1,150,3,0.816,664.5,Fair,3,Phone,0,0,DCA-03,2025-03-19,21,2025-04-09,In Progress,0,0.0,,,0,0,0,Low
C000807,15449,NA,Healthcare,9237.94,6,152,0,0.994,720.9,Good,1,Phone,0,1,DCA-07,2025-08-12,14,2025-08-26,Closed,1,9168.22,32.0,2025-09-13,0,1,0,High
C000808,11105,APAC,Retail,33462.11,2,126,0,0.687,611.6,Fair,4,In-person,0,1,DCA-07,2025-05-14,14,2025-05-28,Closed,1,27215.24,49.0,2025-07-02,0,1,0,Medium
C000809,13909,LATAM,Manufacturing,11596.19,5,149,0,0.926,670.2,Good,1,SMS,1,1,DCA-09,2025-12-11,8,2025-12-19,Escalated,0,0.0,,,0,0,1,Low
C000810,19970,IND,Manufacturing,14894.63,6,2,1,0.754,653.9,Fair,2,Phone,0,1,DCA-01,2025-12-18,15,2026-01-02,PTP,0,0.0,,,0,0,0,Medium
C000811,10441,EU,Automotive,19962.45,6,175,0,0.98,685.7,Good,2,Email,0,0,DCA-07,2026-01-07,14,2026-01-21,In Progress,0,0.0,,,0,0,0,Medium
C000812,18792,IND,Aviation,7954.26,3,309,0,0.701,521.5,Poor,4,Email,0,0,DCA-06,2025-04-17,28,2025-05-15,Escalated,0,0.0,,,0,0,1,Low
C000813,16844,APAC,Automotive,15299.82,5,51,0,0.98,764.2,Very Good,2,Portal,0,0,DCA-03,2025-04-30,8,2025-05-08,Closed,1,11615.44,49.0,2025-06-18,0,1,0,Medium
C000814,12839,NA,Retail,16189.29,1,53,1,0.917,721.8,Good,2,Phone,1,0,DCA-06,2025-06-14,30,2025-07-14,Dispute,0,0.0,,,0,0,0,Low
C000815,17779,IND,Finance,4501.4,4,284,2,0.769,695.9,Good,3,Email,0,1,DCA-02,2025-11-07,21,2025-11-28,PTP,0,0.0,,,0,0,1,Low
C000816,18368,LATAM,Aviation,15944.79,7,183,2,0.947,724.7,Good,4,Phone,0,1,DCA-01,2025-02-10,24,2025-03-06,Closed,1,14711.27,38.0,2025-03-20,0,1,0,Medium
C000817,10432,NA,FMCG,12938.55,2,94,1,0.61,633.1,Fair,2,Phone,1,0,DCA-05,2025-10-07,23,2025-10-30,Escalated,0,0.0,,,0,0,1,Low
C000818,11064,MEA,FMCG,14632.15,2,286,2,0.642,526.0,Poor,8,Email,0,0,DCA-07,2026-01-03,14,2026-01-17,Escalated,0,0.0,,,0,0,1,Low
C000819,16657,APAC,Technology,13697.12,5,119,1,0.791,719.6,Good,3,Phone,0,0,DCA-06,2025-12-14,24,2026-01-07,In Progress,0,0.0,,,0,0,0,Medium
C000820,19991,APAC,Automotive,16017.21,4,221,2,0.815,656.2,Fair,4,Email,0,0,DCA-08,2025-04-17,13,2025-04-30,Escalated,0,0.0,,,0,0,1,Low
C000821,10239,NA,Retail,34068.9,4,203,0,1.0,850.0,Excellent,9,Phone,0,0,DCA-03,2025-06-10,13,2025-06-23,Escalated,0,0.0,,,0,0,1,Medium
C000822,16656,IND,Finance,5850.87,2,62,1,0.609,651.2,Fair,1,In-person,0,1,DCA-04,2025-08-18,8,2025-08-26,PTP,0,0.0,,,0,0,0,Low
C000823,11365,IND,Finance,10514.32,2,275,0,1.0,694.9,Good,5,Phone,0,1,DCA-06,2025-05-03,29,2025-06-01,PTP,0,0.0,,,0,0,1,Low
C000824,16501,IND,Logistics,21303.64,6,226,0,0.92,691.0,Good,6,Portal,0,0,DCA-04,2025-06-07,8,2025-06-15,Closed,1,19843.42,62.0,2025-08-08,0,0,0,Low
C000825,16233,LATAM,Energy,18706.91,3,76,0,0.894,583.7,Fair,1,Email,0,1,DCA-08,2025-05-22,16,2025-06-07,PTP,0,0.0,,,0,0,0,Medium
C000826,10904,NA,Logistics,18427.21,6,276,0,0.826,643.4,Fair,6,SMS,0,1,DCA-01,2025-05-17,8,2025-05-25,PTP,0,0.0,,,0,0,1,Low
C000827,16807,LATAM,Healthcare,91812.53,4,226,0,1.0,696.5,Good,2,Phone,0,1,DCA-08,2025-05-22,30,2025-06-21,PTP,0,0.0,,,0,0,1,Medium
C000828,18970,IND,Manufacturing,20535.18,3,312,0,0.757,660.6,Fair,5,Phone,0,0,DCA-09,2025-03-08,23,2025-03-31,Escalated,0,0.0,,,0,0,1,Low
C000829,18634,IND,Finance,29485.58,2,299,0,1.0,697.8,Good,5,Phone,0,0,DCA-07,2025-07-04,20,2025-07-24,Closed,1,27172.38,65.0,2025-09-07,0,0,0,Low
C000830,10289,LATAM,Aviation,10775.71,5,116,0,0.855,696.8,Good,4,Phone,0,0,DCA-06,2026-01-29,11,2026-02-09,Closed,1,8874.56,63.0,2026-04-02,0,0,0,Medium
C000831,12459,EU,Healthcare,6667.24,2,341,2,1.0,514.0,Poor,5,Portal,0,0,DCA-03,2025-04-10,28,2025-05-08,Closed,1,5063.3,81.0,2025-06-30,0,0,0,Low
C000832,12408,APAC,Energy,10721.19,7,13,0,1.0,797.7,Very Good,1,SMS,0,0,DCA-02,2025-04-25,8,2025-05-03,Closed,1,9752.24,40.0,2025-06-04,0,1,0,Medium
C000833,14532,LATAM,Finance,21990.64,3,122,0,1.0,718.2,Good,3,Email,0,0,DCA-09,2025-04-03,17,2025-04-20,In Progress,0,0.0,,,0,0,0,Low
C000834,11430,IND,Healthcare,17761.34,6,222,1,0.952,629.1,Fair,4,Phone,1,1,DCA-10,2025-06-06,30,2025-07-06,Escalated,0,0.0,,,0,0,1,Low
C000835,18543,IND,Healthcare,17716.93,4,195,0,0.638,531.6,Poor,12,Email,0,0,DCA-02,2025-01-25,15,2025-02-09,Escalated,0,0.0,,,0,0,1,Low
C000836,17767,EU,Aviation,11498.35,3,83,3,0.82,682.2,Good,1,Email,1,0,DCA-04,2025-03-18,24,2025-04-11,Dispute,0,0.0,,,0,0,0,Low
C000837,18083,EU,Manufacturing,10283.93,4,73,0,1.0,771.8,Very Good,3,Email,0,0,DCA-03,2025-04-24,8,2025-05-02,In Progress,0,0.0,,,0,0,0,Medium
C000838,11982,IND,Logistics,11779.31,4,285,0,0.774,604.7,Fair,4,Phone,1,0,DCA-02,2025-09-05,21,2025-09-26,Closed,1,9102.25,79.0,2025-11-23,0,0,1,Low
C000839,10145,APAC,Aviation,22184.14,4,319,0,0.958,601.9,Fair,1,SMS,0,0,DCA-07,2025-05-17,22,2025-06-08,Escalated,0,0.0,,,0,0,1,Low
C000840,19106,EU,Finance,24064.89,7,248,1,0.791,636.0,Fair,5,Portal,1,0,DCA-10,2025-02-04,20,2025-02-24,Escalated,0,0.0,,,0,0,1,Low
C000841,12889,NA,Finance,6605.32,5,193,0,1.0,736.5,Good,2,Phone,0,0,DCA-04,2025-07-30,20,2025-08-19,Escalated,0,0.0,,,0,0,1,Low
C000842,16562,NA,Retail,22780.04,1,282,0,0.671,567.8,Poor,9,Email,0,0,DCA-09,2025-09-19,29,2025-10-18,Escalated,0,0.0,,,0,0,1,Low
C000843,19094,EU,Automotive,8471.77,1,88,0,0.676,738.4,Good,2,Phone,0,1,DCA-09,2025-09-09,24,2025-10-03,PTP,0,0.0,,,0,0,0,High
C000844,10361,NA,Technology,18550.37,1,353,0,0.842,698.1,Good,2,Email,0,1,DCA-07,2025-07-18,21,2025-08-08,PTP,0,0.0,,,0,0,1,Low
C000845,10054,IND,Healthcare,11679.89,5,46,0,0.753,636.1,Fair,4,Phone,0,0,DCA-08,2025-03-28,9,2025-04-06,Closed,1,7816.64,57.0,2025-05-24,0,1,0,Medium
C000846,10054,APAC,Logistics,39976.7,2,213,1,0.711,608.7,Fair,0,Phone,0,1,DCA-01,2025-09-13,7,2025-09-20,PTP,0,0.0,,,0,0,1,Low
C000847,11563,IND,Finance,9970.12,3,125,0,0.808,685.6,Good,2,Email,0,0,DCA-08,2025-11-30,7,2025-12-07,Closed,1,8779.31,47.0,2026-01-16,0,1,0,Medium
C000848,10516,APAC,Logistics,15138.98,6,330,1,0.781,537.7,Poor,5,Email,0,0,DCA-02,2025-01-02,21,2025-01-23,Escalated,0,0.0,,,0,0,1,Low
C000849,18199,IND,Automotive,20427.05,1,90,0,0.95,747.4,Very Good,0,Email,0,0,DCA-08,2025-10-14,20,2025-11-03,In Progress,0,0.0,,,0,0,0,Medium
C000850,16059,APAC,Technology,7246.17,2,234,2,0.804,654.6,Fair,1,Email,0,1,DCA-10,2025-09-24,17,2025-10-11,PTP,0,0.0,,,0,0,1,Low
C000851,19800,APAC,Finance,12695.46,1,57,0,0.709,658.8,Fair,2,SMS,0,1,DCA-03,2025-04-26,23,2025-05-19,Closed,1,10155.64,34.0,2025-05-30,0,1,0,Medium
C000852,18014,MEA,Healthcare,11085.47,2,67,0,0.977,697.4,Good,2,Phone,0,0,DCA-05,2025-01-19,30,2025-02-18,In Progress,0,0.0,,,0,0,0,Low
C000853,19631,LATAM,Healthcare,9323.85,1,152,0,0.967,688.1,Good,3,SMS,0,0,DCA-05,2025-07-26,13,2025-08-08,In Progress,0,0.0,,,0,0,0,Medium
C000854,12385,EU,Technology,9820.17,5,291,2,1.0,621.6,Fair,4,Phone,0,0,DCA-02,2025-12-29,18,2026-01-16,Escalated,0,0.0,,,0,0,1,Low
C000855,12877,NA,Healthcare,29097.58,6,102,0,0.886,680.6,Good,5,Email,1,1,DCA-01,2025-10-31,8,2025-11-08,Escalated,0,0.0,,,0,0,1,Low
C000856,18494,NA,Manufacturing,8786.88,2,253,1,0.561,451.2,Poor,2,Email,0,0,DCA-08,2025-11-10,25,2025-12-05,Escalated,0,0.0,,,0,0,1,Low
C000857,12448,EU,Aviation,19860.45,4,208,1,0.894,608.6,Fair,7,Portal,1,1,DCA-09,2025-06-08,7,2025-06-15,Closed,1,17300.78,53.0,2025-07-31,0,1,1,Medium
C000858,10572,NA,Manufacturing,16650.85,3,356,6,0.766,552.9,Poor,6,Phone,0,0,DCA-03,2025-02-18,26,2025-03-16,Escalated,0,0.0,,,0,0,1,Low
C000859,16691,APAC,Manufacturing,5024.66,1,110,1,0.575,462.2,Poor,2,Email,0,0,DCA-07,2025-08-08,25,2025-09-02,In Progress,0,0.0,,,0,0,0,Low
C000860,18009,EU,FMCG,19214.46,4,89,2,0.875,629.2,Fair,6,Phone,0,0,DCA-07,2025-08-08,8,2025-08-16,In Progress,0,0.0,,,0,0,0,Medium
C000861,19681,MEA,Manufacturing,4966.85,5,329,3,0.777,652.8,Fair,4,Email,0,0,DCA-04,2025-08-10,30,2025-09-09,Escalated,0,0.0,,,0,0,1,Low
C000862,19277,APAC,Automotive,20736.78,2,122,0,0.778,580.8,Fair,4,Phone,0,0,DCA-03,2026-01-13,30,2026-02-12,In Progress,0,0.0,,,0,0,0,Medium
C000863,11202,NA,Finance,9367.17,6,79,0,0.955,734.9,Good,3,Email,0,0,DCA-09,2025-10-30,15,2025-11-14,In Progress,0,0.0,,,0,0,0,Medium
C000864,17721,APAC,Energy,13438.21,7,300,0,0.801,708.7,Good,2,Email,0,0,DCA-04,2025-04-06,19,2025-04-25,Escalated,0,0.0,,,0,0,1,Low
C000865,18461,MEA,FMCG,5399.19,1,296,0,0.653,611.9,Fair,7,Phone,0,0,DCA-10,2025-11-03,25,2025-11-28,Escalated,0,0.0,,,0,0,1,Low
C000866,16981,APAC,Technology,14554.68,2,23,0,0.689,639.4,Fair,2,Phone,1,0,DCA-09,2025-01-29,26,2025-02-24,Dispute,0,0.0,,,0,0,0,Low
C000867,18197,APAC,Finance,25562.08,3,312,0,0.895,633.9,Fair,3,Phone,0,0,DCA-09,2025-06-01,7,2025-06-08,Escalated,0,0.0,,,0,0,1,Medium
C000868,18379,EU,Finance,7594.08,6,231,0,0.964,648.4,Fair,10,Portal,0,1,DCA-02,2025-06-16,22,2025-07-08,Closed,1,6923.38,38.0,2025-07-24,0,1,0,Low
C000869,14465,MEA,Technology,8734.04,1,102,1,0.815,606.4,Fair,3,Email,0,0,DCA-05,2025-06-04,10,2025-06-14,Closed,1,7887.8,43.0,2025-07-17,0,1,0,Low
C000870,10401,MEA,FMCG,18365.6,4,195,1,0.713,568.1,Poor,4,Phone,0,0,DCA-02,2025-02-24,17,2025-03-13,Escalated,0,0.0,,,0,0,1,Low
C000871,14561,LATAM,Retail,18689.79,4,87,1,0.788,703.6,Good,2,Portal,0,0,DCA-04,2025-04-18,29,2025-05-17,In Progress,0,0.0,,,0,0,0,Low
C000872,12017,LATAM,Finance,2431.04,1,62,0,0.909,721.2,Good,4,Phone,1,1,DCA-10,2025-11-04,13,2025-11-17,Dispute,0,0.0,,,0,0,0,Low
C000873,11137,EU,Technology,54763.79,1,49,4,0.597,641.6,Fair,3,SMS,0,1,DCA-07,2025-01-08,19,2025-01-27,PTP,0,0.0,,,0,0,0,Low
C000874,11249,IND,Energy,19341.1,1,61,1,0.503,670.6,Good,4,Phone,1,1,DCA-04,2025-12-27,11,2026-01-07,Dispute,0,0.0,,,0,0,0,Low
C000875,16973,IND,Healthcare,21760.31,1,213,0,0.857,691.1,Good,5,Phone,0,0,DCA-03,2025-11-23,30,2025-12-23,Escalated,0,0.0,,,0,0,1,Low
C000876,15045,NA,Energy,12082.6,4,295,2,1.0,681.2,Good,6,Portal,0,0,DCA-02,2025-06-27,24,2025-07-21,Escalated,0,0.0,,,0,0,1,Low
C000877,15398,IND,Energy,3645.51,7,178,1,1.0,636.7,Fair,3,Phone,0,0,DCA-02,2025-03-20,11,2025-03-31,In Progress,0,0.0,,,0,0,0,Low
C000878,17451,EU,Automotive,21424.82,3,6,2,0.847,680.7,Good,2,Phone,0,1,DCA-02,2026-01-30,8,2026-02-07,PTP,0,0.0,,,0,0,0,Low
C000879,15482,NA,Retail,8994.5,2,157,2,0.734,623.4,Fair,8,Phone,0,0,DCA-04,2026-01-14,25,2026-02-08,In Progress,0,0.0,,,0,0,0,Low
C000880,16300,MEA,Energy,19550.42,2,272,2,0.649,679.9,Good,5,Phone,0,0,DCA-05,2025-03-17,12,2025-03-29,Escalated,0,0.0,,,0,0,1,Low
C000881,10860,APAC,Finance,11462.54,7,305,0,0.76,588.9,Fair,4,Phone,0,0,DCA-04,2025-11-15,25,2025-12-10,Escalated,0,0.0,,,0,0,1,Low
C000882,18511,IND,Technology,15782.04,7,267,1,0.916,615.3,Fair,4,Phone,0,1,DCA-02,2025-12-29,19,2026-01-17,PTP,0,0.0,,,0,0,1,Low
C000883,14487,APAC,Finance,7765.94,5,135,1,1.0,688.7,Good,4,Phone,0,0,DCA-03,2025-11-26,28,2025-12-24,In Progress,0,0.0,,,0,0,0,Low
C000884,11552,LATAM,Retail,24466.8,4,237,0,0.964,620.1,Fair,6,Phone,0,0,DCA-05,2025-05-08,12,2025-05-20,Escalated,0,0.0,,,0,0,1,Medium
C000885,18133,NA,Technology,5814.64,2,25,0,0.993,720.9,Good,1,Phone,0,0,DCA-01,2025-09-02,14,2025-09-16,In Progress,0,0.0,,,0,0,0,Medium
C000886,17346,APAC,Technology,64337.54,7,150,1,1.0,626.0,Fair,1,Email,0,1,DCA-01,2025-12-23,20,2026-01-12,PTP,0,0.0,,,0,0,0,Medium
C000887,10530,MEA,Aviation,63995.24,1,196,1,1.0,792.1,Very Good,4,SMS,0,0,DCA-08,2025-08-30,28,2025-09-27,Escalated,0,0.0,,,0,0,1,Low
C000888,11930,NA,Energy,41893.66,2,11,0,1.0,713.3,Good,2,In-person,0,0,DCA-02,2025-12-24,15,2026-01-08,In Progress,0,0.0,,,0,0,0,Medium
C000889,10157,LATAM,FMCG,32625.04,5,6,0,0.601,633.4,Fair,2,Email,0,0,DCA-04,2025-03-17,21,2025-04-07,Closed,1,22650.88,56.0,2025-05-12,0,1,0,Low
C000890,12707,IND,Manufacturing,12591.99,2,292,0,0.79,696.0,Good,5,Email,0,0,DCA-02,2025-05-18,13,2025-05-31,Closed,1,10802.35,66.0,2025-07-23,0,0,0,Low
C000891,10999,EU,FMCG,30229.78,1,81,1,0.904,576.4,Poor,5,Portal,1,0,DCA-02,2026-01-17,23,2026-02-09,Dispute,0,0.0,,,0,0,0,Low
C000892,17099,LATAM,FMCG,12489.91,5,46,3,0.857,656.4,Fair,1,Phone,0,0,DCA-09,2025-01-09,24,2025-02-02,In Progress,0,0.0,,,0,0,0,Low
C000893,15225,LATAM,Technology,4503.17,1,216,1,0.958,718.9,Good,9,Phone,0,0,DCA-10,2025-11-28,9,2025-12-07,Escalated,0,0.0,,,0,0,1,Low
C000894,19802,IND,Automotive,38263.09,2,103,0,0.986,691.2,Good,5,Phone,0,1,DCA-05,2025-04-30,12,2025-05-12,PTP,0,0.0,,,0,0,0,Medium
C000895,17494,NA,Automotive,29441.99,5,357,0,1.0,647.1,Fair,4,Phone,0,1,DCA-02,2025-02-27,19,2025-03-18,PTP,0,0.0,,,0,0,1,Low
C000896,16115,MEA,Energy,13069.84,2,345,1,0.693,544.5,Poor,4,Email,0,0,DCA-07,2025-06-22,11,2025-07-03,Escalated,0,0.0,,,0,0,1,Low
C000897,15093,APAC,Technology,5666.75,6,300,3,0.525,515.0,Poor,5,SMS,1,0,DCA-02,2025-06-10,12,2025-06-22,Escalated,0,0.0,,,0,0,1,Low
C000898,10545,APAC,Automotive,8863.17,1,110,2,0.959,672.6,Good,3,Phone,0,1,DCA-07,2026-01-24,11,2026-02-04,PTP,0,0.0,,,0,0,0,Low
C000899,10702,LATAM,Aviation,3733.86,5,319,0,1.0,713.3,Good,3,Phone,0,0,DCA-07,2025-05-23,23,2025-06-15,Escalated,0,0.0,,,0,0,1,Low
C000900,16163,IND,FMCG,25888.56,1,93,2,1.0,678.4,Good,3,Phone,0,0,DCA-08,2025-09-30,11,2025-10-11,In Progress,0,0.0,,,0,0,0,Low
C000901,10043,MEA,Technology,4348.92,6,88,0,0.843,656.6,Fair,3,Portal,0,1,DCA-03,2025-05-07,30,2025-06-06,PTP,0,0.0,,,0,0,0,Medium
C000902,10423,NA,Finance,16330.37,6,355,0,0.664,662.8,Fair,6,Portal,0,0,DCA-04,2025-09-08,7,2025-09-15,Escalated,0,0.0,,,0,0,1,Low
C000903,12191,APAC,FMCG,7401.33,6,246,0,0.795,620.3,Fair,11,Email,0,0,DCA-03,2025-11-06,14,2025-11-20,Closed,1,6455.75,74.0,2026-01-19,0,0,0,Low
C000904,18841,MEA,FMCG,4921.2,2,32,0,0.778,716.1,Good,1,Phone,0,0,DCA-07,2025-09-12,24,2025-10-06,In Progress,0,0.0,,,0,0,0,Medium
C000905,14589,NA,Aviation,15785.52,2,323,0,0.871,598.3,Fair,1,Email,0,0,DCA-10,2025-09-10,17,2025-09-27,Escalated,0,0.0,,,0,0,1,Low
C000906,17095,EU,FMCG,10575.98,7,59,1,0.878,618.4,Fair,2,Portal,0,0,DCA-05,2025-06-06,20,2025-06-26,In Progress,0,0.0,,,0,0,0,Medium
C000907,14115,NA,Energy,24022.17,6,248,1,0.88,572.6,Poor,3,Email,0,0,DCA-04,2025-10-14,8,2025-10-22,Escalated,0,0.0,,,0,0,1,Low
C000908,11731,EU,FMCG,5500.95,2,160,0,0.936,764.6,Very Good,4,SMS,0,0,DCA-06,2025-09-30,8,2025-10-08,In Progress,0,0.0,,,0,0,0,Medium
C000909,13711,IND,Retail,7862.66,1,7,1,0.981,713.1,Good,4,Phone,0,0,DCA-04,2025-05-04,11,2025-05-15,Closed,1,7027.14,58.0,2025-07-01,0,1,0,Low
C000910,10917,IND,Logistics,2511.54,3,287,0,1.0,743.7,Very Good,1,SMS,0,1,DCA-02,2025-04-21,18,2025-05-09,PTP,0,0.0,,,0,0,1,Low
C000911,17702,MEA,FMCG,2895.63,5,250,1,1.0,689.9,Good,3,Phone,0,1,DCA-05,2025-01-21,19,2025-02-09,Closed,1,2842.66,43.0,2025-03-05,0,1,0,Medium
C000912,11835,NA,Technology,47039.11,3,322,0,0.994,637.2,Fair,7,Email,0,0,DCA-06,2025-10-25,27,2025-11-21,Closed,1,40865.1,67.0,2025-12-31,0,0,0,Low
C000913,13763,MEA,Technology,57441.3,6,223,0,0.876,725.1,Good,4,Phone,0,0,DCA-05,2025-01-07,9,2025-01-16,Escalated,0,0.0,,,0,0,1,Low
C000914,19800,MEA,Automotive,14255.65,4,276,2,0.894,612.6,Fair,7,Email,0,0,DCA-08,2025-09-15,18,2025-10-03,Escalated,0,0.0,,,0,0,1,Low
C000915,15919,NA,Energy,7504.96,7,330,2,0.987,671.4,Good,4,Email,0,0,DCA-07,2025-06-13,15,2025-06-28,Escalated,0,0.0,,,0,0,1,Low
C000916,14585,APAC,Healthcare,10840.95,7,356,0,1.0,714.7,Good,5,Email,0,0,DCA-05,2025-10-22,30,2025-11-21,Escalated,0,0.0,,,0,0,1,Low
C000917,15430,APAC,Aviation,24624.62,4,205,0,0.725,595.0,Fair,3,Portal,0,1,DCA-10,2025-02-05,29,2025-03-06,PTP,0,0.0,,,0,0,1,Low
C000918,17840,LATAM,Logistics,9320.09,6,7,0,0.983,786.8,Very Good,3,Email,1,0,DCA-06,2025-03-01,9,2025-03-10,Dispute,0,0.0,,,0,0,0,Low
C000919,12544,MEA,Finance,15777.56,4,126,0,0.858,569.2,Poor,3,Email,0,1,DCA-04,2025-11-02,22,2025-11-24,PTP,0,0.0,,,0,0,0,Medium
C000920,16364,NA,Manufacturing,13240.97,1,226,0,0.904,714.4,Good,3,Email,0,1,DCA-04,2025-08-07,21,2025-08-28,PTP,0,0.0,,,0,0,1,Low
C000921,18726,EU,Retail,8971.71,3,40,0,0.725,716.2,Good,4,Email,0,1,DCA-01,2025-12-29,7,2026-01-05,PTP,0,0.0,,,0,0,0,Low
C000922,15724,IND,Technology,9243.4,3,43,0,0.947,629.4,Fair,4,Email,0,0,DCA-07,2025-03-17,19,2025-04-05,Closed,1,7157.93,39.0,2025-04-25,0,1,0,Medium
C000923,14465,APAC,Finance,16404.72,7,144,0,0.912,648.1,Fair,5,Phone,0,0,DCA-08,2025-01-09,23,2025-02-01,In Progress,0,0.0,,,0,0,0,Low
C000924,11451,IND,Energy,6742.45,6,332,5,1.0,557.2,Poor,3,Phone,0,0,DCA-03,2025-05-04,21,2025-05-25,Escalated,0,0.0,,,0,0,1,Low
C000925,12482,EU,Logistics,18328.46,2,118,0,0.961,621.2,Fair,2,Phone,0,0,DCA-08,2025-03-17,22,2025-04-08,In Progress,0,0.0,,,0,0,0,Medium
C000926,19460,IND,Retail,9603.61,1,341,0,0.889,669.6,Fair,13,Portal,0,1,DCA-07,2025-11-09,19,2025-11-28,Closed,1,9603.61,40.0,2025-12-19,0,1,0,Medium
C000927,15412,APAC,Aviation,14605.55,4,293,0,1.0,709.0,Good,5,Email,0,0,DCA-01,2025-08-17,29,2025-09-15,Escalated,0,0.0,,,0,0,1,Low
C000928,13013,APAC,Finance,35199.03,4,111,0,1.0,682.6,Good,2,Phone,0,1,DCA-03,2025-06-14,20,2025-07-04,PTP,0,0.0,,,0,0,0,Medium
C000929,14183,EU,Energy,11875.89,6,85,1,0.61,718.0,Good,5,Phone,1,0,DCA-10,2026-01-16,24,2026-02-09,Dispute,0,0.0,,,0,0,0,Low
C000930,15780,IND,Retail,25434.53,2,302,1,0.799,663.9,Fair,3,SMS,0,0,DCA-01,2025-01-20,28,2025-02-17,Escalated,0,0.0,,,0,0,1,Low
C000931,15375,MEA,FMCG,3810.73,6,276,0,0.716,576.4,Poor,5,Email,0,0,DCA-10,2025-11-10,19,2025-11-29,Escalated,0,0.0,,,0,0,1,Low
C000932,16997,IND,Healthcare,9611.79,3,230,2,0.984,613.4,Fair,3,Phone,0,0,DCA-09,2025-12-19,15,2026-01-03,Escalated,0,0.0,,,0,0,1,Low
C000933,12574,APAC,Energy,13621.19,3,357,0,0.68,676.5,Good,3,Email,0,0,DCA-08,2025-01-02,23,2025-01-25,Escalated,0,0.0,,,0,0,1,Low
C000934,16492,IND,Finance,51345.44,3,37,0,0.869,779.5,Very Good,4,Phone,0,0,DCA-06,2025-02-12,22,2025-03-06,In Progress,0,0.0,,,0,0,0,Medium
C000935,14426,APAC,Technology,3388.13,7,141,0,0.917,626.6,Fair,3,Phone,0,0,DCA-03,2025-03-13,25,2025-04-07,In Progress,0,0.0,,,0,0,0,Low
C000936,19405,EU,FMCG,12489.62,3,220,0,0.471,605.0,Fair,5,Email,0,0,DCA-02,2025-07-16,12,2025-07-28,Escalated,0,0.0,,,0,0,1,Low
C000937,11579,IND,Aviation,37037.35,4,27,0,0.714,543.4,Poor,2,Portal,0,0,DCA-01,2025-06-15,7,2025-06-22,In Progress,0,0.0,,,0,0,0,Medium
C000938,11484,EU,Retail,7711.64,7,356,0,1.0,692.6,Good,4,In-person,0,0,DCA-06,2025-07-07,15,2025-07-22,Escalated,0,0.0,,,0,0,1,Low
C000939,14616,NA,Technology,11510.48,1,209,1,0.757,684.6,Good,3,Phone,1,0,DCA-09,2025-11-04,25,2025-11-29,Escalated,0,0.0,,,0,0,1,Low
C000940,15083,LATAM,FMCG,16851.88,4,113,1,0.66,630.6,Fair,3,In-person,0,0,DCA-02,2025-06-07,19,2025-06-26,In Progress,0,0.0,,,0,0,0,Low
C000941,16908,IND,Logistics,15201.6,5,88,0,0.749,658.4,Fair,0,Phone,0,0,DCA-03,2026-01-30,8,2026-02-07,Closed,1,9212.71,47.0,2026-03-18,0,1,0,Medium
C000942,14040,NA,FMCG,39976.19,7,1,3,0.589,696.8,Good,2,Email,0,0,DCA-02,2025-01-03,24,2025-01-27,In Progress,0,0.0,,,0,0,0,Low
C000943,19137,IND,Logistics,18286.74,1,216,0,0.997,728.8,Good,6,Portal,0,0,DCA-07,2025-03-13,21,2025-04-03,Escalated,0,0.0,,,0,0,1,Medium
C000944,14741,IND,Logistics,33841.43,6,356,0,0.938,677.3,Good,5,Email,0,1,DCA-08,2025-04-11,28,2025-05-09,PTP,0,0.0,,,0,0,1,Low
C000945,11293,APAC,Finance,10383.72,6,14,0,0.833,762.4,Very Good,2,Email,0,0,DCA-09,2025-02-12,16,2025-02-28,In Progress,0,0.0,,,0,0,0,Medium
C000946,11192,IND,FMCG,7955.61,3,151,1,1.0,810.9,Excellent,6,Email,0,0,DCA-03,2025-03-03,23,2025-03-26,In Progress,0,0.0,,,0,0,0,Medium
C000947,19734,NA,FMCG,11407.13,6,242,1,0.958,662.0,Fair,9,SMS,0,0,DCA-07,2025-02-09,27,2025-03-08,Escalated,0,0.0,,,0,0,1,Low
C000948,11340,LATAM,Logistics,5935.03,4,157,0,1.0,642.6,Fair,3,Email,0,0,DCA-05,2025-03-06,23,2025-03-29,In Progress,0,0.0,,,0,0,0,Low
C000949,19478,IND,Aviation,18740.8,5,237,0,0.732,696.9,Good,4,SMS,1,0,DCA-10,2025-06-08,28,2025-07-06,Escalated,0,0.0,,,0,0,1,Low
C000950,12780,APAC,Manufacturing,10197.37,3,260,2,0.867,606.4,Fair,2,Portal,0,0,DCA-07,2025-02-19,17,2025-03-08,Escalated,0,0.0,,,0,0,1,Low
C000951,10934,IND,FMCG,8347.75,2,352,0,1.0,693.5,Good,9,Portal,0,0,DCA-02,2025-07-11,7,2025-07-18,Escalated,0,0.0,,,0,0,1,Low
C000952,13047,LATAM,Healthcare,18940.56,6,220,1,0.832,633.1,Fair,5,Portal,0,0,DCA-04,2025-11-22,12,2025-12-04,Escalated,0,0.0,,,0,0,1,Low
C000953,16146,EU,Retail,5999.31,2,259,1,1.0,699.1,Good,3,Email,1,0,DCA-07,2025-07-15,10,2025-07-25,Escalated,0,0.0,,,0,0,1,Low
C000954,14279,IND,Technology,22910.52,2,110,0,1.0,707.6,Good,3,Phone,0,0,DCA-07,2025-02-09,24,2025-03-05,In Progress,0,0.0,,,0,0,0,Low
C000955,17855,EU,Technology,9558.29,7,55,0,0.852,592.6,Fair,4,Portal,0,1,DCA-04,2025-07-27,22,2025-08-18,PTP,0,0.0,,,0,0,0,Medium
C000956,16109,NA,Technology,30072.53,7,37,2,0.952,631.9,Fair,2,Email,0,0,DCA-03,2025-05-12,15,2025-05-27,In Progress,0,0.0,,,0,0,0,Low
C000957,14007,EU,Manufacturing,10148.53,5,40,0,0.848,768.6,Very Good,2,In-person,0,1,DCA-03,2025-11-26,18,2025-12-14,PTP,0,0.0,,,0,0,0,High
C000958,16346,IND,Energy,20792.27,5,302,3,0.673,577.1,Poor,8,SMS,1,0,DCA-04,2025-08-18,27,2025-09-14,Escalated,0,0.0,,,0,0,1,Low
C000959,19714,MEA,Manufacturing,15149.06,3,15,0,0.939,796.1,Very Good,4,Portal,0,1,DCA-01,2025-04-12,15,2025-04-27,PTP,0,0.0,,,0,0,0,High
C000960,14118,MEA,Healthcare,22487.87,5,176,0,1.0,791.9,Very Good,6,Email,0,0,DCA-04,2025-01-17,27,2025-02-13,In Progress,0,0.0,,,0,0,0,Low
C000961,11534,NA,Energy,14428.53,5,224,0,0.732,614.6,Fair,3,Email,1,1,DCA-02,2025-06-20,11,2025-07-01,Escalated,0,0.0,,,0,0,1,Low
C000962,14087,IND,Energy,4169.79,4,245,4,0.566,471.8,Poor,7,Portal,0,0,DCA-03,2025-07-27,8,2025-08-04,Escalated,0,0.0,,,0,0,1,Low
C000963,18401,LATAM,Finance,27069.3,5,25,1,0.99,658.9,Fair,3,Email,0,0,DCA-03,2025-01-26,13,2025-02-08,In Progress,0,0.0,,,0,0,0,Medium
C000964,12176,NA,Automotive,12564.39,4,314,1,1.0,691.3,Good,1,Portal,0,0,DCA-02,2025-07-03,7,2025-07-10,Escalated,0,0.0,,,0,0,1,Low
C000965,19491,APAC,Healthcare,23217.49,7,160,0,1.0,780.9,Very Good,4,Email,0,0,DCA-06,2025-10-22,8,2025-10-30,In Progress,0,0.0,,,0,0,0,Low
C000966,15883,EU,Automotive,21658.92,5,7,0,0.929,850.0,Excellent,3,Phone,0,0,DCA-07,2025-12-05,18,2025-12-23,In Progress,0,0.0,,,0,0,0,High
C000967,16015,MEA,Retail,7775.18,3,49,0,1.0,715.8,Good,2,Phone,0,1,DCA-09,2025-10-12,16,2025-10-28,PTP,0,0.0,,,0,0,0,High
C000968,13170,APAC,Energy,7041.97,5,313,1,0.949,628.9,Fair,0,Portal,0,0,DCA-06,2025-02-15,12,2025-02-27,Escalated,0,0.0,,,0,0,1,Low
C000969,19204,MEA,Logistics,21136.33,2,344,0,1.0,642.5,Fair,4,Phone,0,1,DCA-01,2025-04-18,10,2025-04-28,PTP,0,0.0,,,0,0,1,Low
C000970,10360,IND,Energy,10804.58,2,274,1,0.855,639.5,Fair,4,Phone,0,1,DCA-04,2025-01-24,12,2025-02-05,PTP,0,0.0,,,0,0,1,Low
C000971,12986,APAC,Healthcare,25732.25,6,122,2,0.74,707.1,Good,1,Email,0,0,DCA-06,2025-08-06,24,2025-08-30,In Progress,0,0.0,,,0,0,0,Low
C000972,14184,IND,Technology,11792.98,5,345,3,0.687,501.8,Poor,6,Email,0,1,DCA-08,2025-02-28,16,2025-03-16,PTP,0,0.0,,,0,0,1,Low
C000973,14772,EU,Technology,27347.68,1,101,1,0.915,670.8,Good,2,SMS,0,1,DCA-03,2025-02-03,20,2025-02-23,PTP,0,0.0,,,0,0,0,Medium
C000974,14741,EU,Aviation,17967.38,3,86,0,0.649,533.3,Poor,3,SMS,0,0,DCA-08,2025-07-08,25,2025-08-02,Closed,1,14562.59,61.0,2025-09-07,0,0,0,Medium
C000975,11479,NA,Aviation,16343.45,7,279,1,0.901,617.9,Fair,5,Portal,0,1,DCA-08,2025-09-28,25,2025-10-23,PTP,0,0.0,,,0,0,1,Low
C000976,12255,MEA,Retail,10282.43,5,118,0,0.865,619.5,Fair,3,Email,0,1,DCA-08,2025-02-11,10,2025-02-21,PTP,0,0.0,,,0,0,0,Low
C000977,10952,IND,FMCG,15720.16,7,190,2,0.595,608.3,Fair,4,Email,1,0,DCA-07,2025-03-17,21,2025-04-07,Escalated,0,0.0,,,0,0,1,Low
C000978,15724,NA,Energy,30791.59,4,241,0,1.0,674.3,Good,5,Phone,1,0,DCA-03,2025-09-01,29,2025-09-30,Escalated,0,0.0,,,0,0,1,Low
C000979,13508,IND,FMCG,12862.21,1,61,0,0.584,556.4,Poor,2,Phone,0,0,DCA-06,2025-08-03,18,2025-08-21,In Progress,0,0.0,,,0,0,0,Low
C000980,15657,EU,Energy,19376.61,2,337,0,0.845,574.3,Poor,6,Phone,0,0,DCA-03,2025-11-10,21,2025-12-01,Escalated,0,0.0,,,0,0,1,Low
C000981,15897,LATAM,Technology,13800.39,1,61,2,0.871,639.8,Fair,3,Email,0,0,DCA-10,2025-01-27,28,2025-02-24,In Progress,0,0.0,,,0,0,0,Medium
C000982,17020,IND,Finance,14577.33,6,362,1,0.572,521.5,Poor,6,Portal,0,1,DCA-01,2025-08-08,25,2025-09-02,PTP,0,0.0,,,0,0,1,Low
C000983,15470,APAC,Energy,44640.09,6,101,3,0.566,575.8,Poor,3,Phone,0,0,DCA-07,2025-07-08,15,2025-07-23,In Progress,0,0.0,,,0,0,0,Low
C000984,16479,IND,Manufacturing,30983.53,4,152,2,0.572,631.7,Fair,2,Phone,0,0,DCA-09,2025-05-22,10,2025-06-01,In Progress,0,0.0,,,0,0,0,Low
C000985,15871,IND,Healthcare,14123.32,6,93,0,1.0,805.9,Excellent,4,Email,0,1,DCA-04,2025-09-16,23,2025-10-09,Closed,1,14123.32,26.0,2025-10-12,1,1,0,Medium
C000986,16524,EU,Manufacturing,15523.62,4,197,5,0.721,589.5,Fair,1,Email,0,0,DCA-03,2025-06-26,10,2025-07-06,Closed,1,14162.94,58.0,2025-08-23,0,1,0,Low
C000987,16166,APAC,Energy,8173.81,6,1,0,0.908,734.2,Good,1,Phone,0,0,DCA-02,2026-01-08,15,2026-01-23,In Progress,0,0.0,,,0,0,0,Medium
C000988,13162,LATAM,Finance,11836.22,5,63,0,0.979,698.7,Good,1,Phone,0,0,DCA-06,2025-04-06,14,2025-04-20,In Progress,0,0.0,,,0,0,0,Medium
C000989,12462,IND,Energy,16590.38,4,190,0,0.824,753.6,Very Good,7,Phone,1,0,DCA-02,2025-11-06,10,2025-11-16,Escalated,0,0.0,,,0,0,1,Low
C000990,17874,IND,Technology,24232.0,5,253,0,0.691,636.9,Fair,6,Email,0,1,DCA-06,2025-12-03,28,2025-12-31,PTP,0,0.0,,,0,0,1,Low
C000991,13427,NA,FMCG,22571.76,3,351,0,0.978,597.9,Fair,2,Phone,0,0,DCA-06,2026-01-07,27,2026-02-03,Escalated,0,0.0,,,0,0,1,Low
C000992,15491,LATAM,Aviation,6145.77,6,305,1,0.87,601.6,Fair,10,Phone,0,0,DCA-02,2025-05-08,27,2025-06-04,Escalated,0,0.0,,,0,0,1,Low
C000993,11969,IND,Technology,26473.19,7,336,0,0.726,576.2,Poor,7,Email,0,0,DCA-07,2025-05-31,14,2025-06-14,Escalated,0,0.0,,,0,0,1,Low
C000994,14314,EU,Finance,12554.8,2,291,3,0.763,523.4,Poor,7,Email,0,0,DCA-10,2025-12-06,13,2025-12-19,Escalated,0,0.0,,,0,0,1,Low
C000995,15296,APAC,Automotive,6694.93,5,283,0,0.797,567.4,Poor,6,Phone,0,0,DCA-10,2025-10-07,18,2025-10-25,Escalated,0,0.0,,,0,0,1,Low
C000996,16260,MEA,Aviation,34046.05,1,126,1,0.895,697.1,Good,4,Email,0,1,DCA-02,2026-01-17,16,2026-02-02,PTP,0,0.0,,,0,0,0,Medium
C000997,15263,APAC,Automotive,37208.6,3,330,1,0.661,592.4,Fair,3,Email,0,0,DCA-09,2025-05-15,15,2025-05-30,Escalated,0,0.0,,,0,0,1,Low
C000998,13606,NA,Healthcare,16068.61,5,351,0,0.914,652.3,Fair,6,Phone,0,1,DCA-08,2025-04-11,18,2025-04-29,PTP,0,0.0,,,0,0,1,Medium
C000999,19617,NA,Energy,21941.95,2,187,0,0.758,599.1,Fair,2,Email,1,0,DCA-10,2025-09-23,23,2025-10-16,Escalated,0,0.0,,,0,0,1,Low
C001000,15127,LATAM,Manufacturing,22861.61,2,44,0,0.857,716.9,Good,2,SMS,0,1,DCA-03,2025-12-05,14,2025-12-19,PTP,0,0.0,,,0,0,0,Medium
C001001,18083,IND,Logistics,35491.22,3,16,2,1.0,675.7,Good,4,Phone,0,0,DCA-06,2025-12-31,25,2026-01-25,In Progress,0,0.0,,,0,0,0,Low
C001002,17367,NA,Technology,22240.0,1,180,0,0.719,642.3,Fair,3,Email,0,0,DCA-06,2025-11-27,29,2025-12-26,In Progress,0,0.0,,,0,0,0,Low
C001003,15583,APAC,FMCG,5274.39,5,232,1,1.0,633.1,Fair,2,Email,0,0,DCA-09,2026-01-21,21,2026-02-11,Escalated,0,0.0,,,0,0,1,Low
C001004,18864,NA,Aviation,54549.59,1,202,0,0.949,638.9,Fair,4,Email,0,1,DCA-01,2025-08-30,23,2025-09-22,PTP,0,0.0,,,0,0,1,Medium
C001005,11282,IND,Technology,28168.51,3,327,0,1.0,746.7,Very Good,5,Portal,0,0,DCA-06,2025-01-02,20,2025-01-22,Escalated,0,0.0,,,0,0,1,Low
C001006,19210,IND,Finance,9351.88,3,196,2,0.876,595.7,Fair,3,Email,0,1,DCA-05,2025-11-26,17,2025-12-13,Closed,1,9351.88,37.0,2026-01-02,0,1,0,Low
C001007,18502,MEA,FMCG,6498.08,7,241,7,0.801,526.1,Poor,7,Phone,0,0,DCA-10,2025-04-23,7,2025-04-30,Escalated,0,0.0,,,0,0,1,Low
C001008,15036,MEA,Retail,19022.34,7,276,2,0.871,591.9,Fair,6,SMS,0,1,DCA-09,2025-06-18,7,2025-06-25,Closed,1,19022.34,44.0,2025-08-01,0,1,0,Medium
C001009,17333,IND,Aviation,10995.24,1,326,1,0.665,533.1,Poor,3,Email,0,1,DCA-10,2025-10-14,17,2025-10-31,PTP,0,0.0,,,0,0,1,Low
C001010,15202,MEA,Logistics,16831.32,2,222,0,0.872,699.3,Good,2,Email,0,0,DCA-07,2025-08-27,8,2025-09-04,Escalated,0,0.0,,,0,0,1,Low
C001011,12687,LATAM,Retail,22480.08,6,203,0,0.687,642.6,Fair,7,Portal,0,1,DCA-03,2025-09-14,13,2025-09-27,PTP,0,0.0,,,0,0,1,Low
C001012,17998,MEA,FMCG,8986.61,3,29,0,0.67,752.0,Very Good,2,Phone,0,0,DCA-07,2025-06-10,20,2025-06-30,Closed,1,7947.82,61.0,2025-08-10,0,0,0,Medium
C001013,12459,NA,Technology,6116.37,5,234,0,0.898,623.8,Fair,3,Email,0,0,DCA-09,2025-04-17,7,2025-04-24,Escalated,0,0.0,,,0,0,1,Low
C001014,13144,EU,FMCG,17502.04,7,66,1,0.711,582.9,Fair,3,Email,0,0,DCA-03,2026-01-30,25,2026-02-24,Closed,1,15671.18,64.0,2026-04-04,0,0,0,Medium
C001015,15192,MEA,Logistics,9196.96,2,135,0,0.798,695.1,Good,1,SMS,0,0,DCA-06,2025-09-26,19,2025-10-15,In Progress,0,0.0,,,0,0,0,Low
C001016,18373,IND,FMCG,14798.29,7,194,0,1.0,772.8,Very Good,3,Email,0,0,DCA-02,2025-07-30,21,2025-08-20,Closed,1,12918.17,58.0,2025-09-26,0,1,0,Low
C001017,13839,NA,Aviation,5216.97,1,31,0,0.994,783.0,Very Good,0,Phone,0,0,DCA-02,2025-05-03,11,2025-05-14,In Progress,0,0.0,,,0,0,0,Medium
C001018,14941,EU,Energy,11197.79,2,253,0,1.0,731.1,Good,3,Email,0,0,DCA-04,2025-04-04,26,2025-04-30,Escalated,0,0.0,,,0,0,1,Low
C001019,10416,APAC,Aviation,22036.74,4,103,1,0.722,612.7,Fair,2,Phone,0,1,DCA-06,2025-09-12,21,2025-10-03,PTP,0,0.0,,,0,0,0,Low
C001020,11158,IND,Manufacturing,20417.6,7,188,2,0.486,443.8,Poor,2,Email,0,0,DCA-05,2025-09-22,25,2025-10-17,Closed,1,12983.76,63.0,2025-11-24,0,0,0,Low
C001021,10559,EU,Logistics,7693.64,4,128,1,0.536,577.5,Poor,2,Email,0,0,DCA-01,2025-11-08,9,2025-11-17,In Progress,0,0.0,,,0,0,0,Low
C001022,10720,NA,Technology,5897.09,1,130,0,1.0,714.9,Good,9,Phone,0,1,DCA-09,2025-10-27,26,2025-11-22,Closed,1,5757.57,28.0,2025-11-24,1,1,0,Medium
C001023,18685,IND,Manufacturing,13507.96,2,144,1,0.818,585.2,Fair,4,Phone,0,0,DCA-03,2025-07-27,19,2025-08-15,In Progress,0,0.0,,,0,0,0,Low
C001024,18419,APAC,Automotive,19785.86,6,19,3,0.666,684.7,Good,3,Email,0,1,DCA-10,2025-12-07,21,2025-12-28,PTP,0,0.0,,,0,0,0,Low
C001025,18218,IND,Aviation,17740.8,4,72,0,0.908,753.2,Very Good,3,Email,0,1,DCA-03,2025-08-29,7,2025-09-05,Closed,1,17740.8,13.0,2025-09-11,1,1,0,High
C001026,10555,NA,Manufacturing,9334.65,1,287,2,1.0,626.9,Fair,7,SMS,0,0,DCA-07,2025-01-06,27,2025-02-02,Escalated,0,0.0,,,0,0,1,Low
C001027,10776,IND,Finance,16456.52,4,45,0,0.544,587.8,Fair,1,Phone,0,0,DCA-05,2025-02-14,7,2025-02-21,In Progress,0,0.0,,,0,0,0,Low
C001028,12806,IND,Technology,38240.44,3,181,0,0.905,623.3,Fair,4,Phone,0,0,DCA-01,2025-10-23,15,2025-11-07,Closed,1,35123.91,61.0,2025-12-23,0,0,0,Medium
C001029,15652,EU,Logistics,15422.79,1,51,1,0.939,764.6,Very Good,3,Email,0,1,DCA-07,2025-12-16,13,2025-12-29,Closed,1,11952.62,26.0,2026-01-11,1,1,0,High
C001030,13341,NA,Healthcare,4259.03,2,197,0,0.824,578.4,Poor,2,Phone,0,1,DCA-01,2025-07-29,10,2025-08-08,Closed,1,3531.64,45.0,2025-09-12,0,1,0,Medium
C001031,14875,APAC,Healthcare,15401.81,7,235,0,1.0,801.4,Excellent,1,Phone,0,0,DCA-01,2026-01-12,28,2026-02-09,Closed,1,13597.64,68.0,2026-03-21,0,0,0,Medium
C001032,11729,EU,Healthcare,55869.28,5,171,0,0.934,765.2,Very Good,3,Email,0,1,DCA-07,2025-10-14,26,2025-11-09,PTP,0,0.0,,,0,0,0,Medium
C001033,17307,IND,Manufacturing,5425.29,1,281,2,0.678,603.1,Fair,6,Phone,0,1,DCA-05,2025-11-13,21,2025-12-04,Closed,1,4628.59,46.0,2025-12-29,0,1,0,Low
C001034,13138,NA,Energy,13640.62,1,97,1,1.0,670.8,Good,2,Email,0,1,DCA-09,2025-07-28,14,2025-08-11,Closed,1,13640.62,21.0,2025-08-18,1,1,0,Medium
C001035,10665,NA,Healthcare,11402.24,3,204,1,0.945,674.6,Good,6,Email,0,1,DCA-05,2025-09-30,26,2025-10-26,PTP,0,0.0,,,0,0,1,Low
C001036,17426,LATAM,Aviation,14287.18,4,101,0,1.0,603.4,Fair,6,Phone,0,1,DCA-10,2025-05-11,12,2025-05-23,PTP,0,0.0,,,0,0,0,Medium
C001037,19027,IND,Healthcare,15305.64,4,186,0,0.528,576.3,Poor,3,Email,0,0,DCA-01,2025-12-29,15,2026-01-13,Escalated,0,0.0,,,0,0,1,Medium
C001038,10146,NA,Retail,29672.63,5,24,0,0.486,648.9,Fair,1,Portal,0,0,DCA-10,2025-01-14,20,2025-02-03,In Progress,0,0.0,,,0,0,0,Low
C001039,14366,EU,Logistics,14176.6,2,98,2,0.864,658.1,Fair,7,Email,0,0,DCA-02,2025-01-10,21,2025-01-31,Closed,1,11206.37,45.0,2025-02-24,0,1,0,Low
C001040,18271,LATAM,Finance,32665.73,1,258,4,0.716,529.7,Poor,4,Email,0,1,DCA-02,2025-05-07,20,2025-05-27,PTP,0,0.0,,,0,0,1,Low
C001041,17061,EU,Manufacturing,12303.52,5,284,4,0.857,597.8,Fair,5,Email,1,0,DCA-05,2025-03-24,11,2025-04-04,Escalated,0,0.0,,,0,0,1,Low
C001042,18565,LATAM,Automotive,10455.72,7,99,1,0.686,698.2,Good,4,Portal,0,0,DCA-07,2025-09-17,8,2025-09-25,In Progress,0,0.0,,,0,0,0,Medium
C001043,14152,LATAM,Automotive,8363.0,2,94,0,0.846,658.9,Fair,2,Portal,0,1,DCA-07,2025-10-12,17,2025-10-29,PTP,0,0.0,,,0,0,0,High
C001044,13722,APAC,Aviation,3744.48,3,109,0,0.933,679.6,Good,2,Portal,0,0,DCA-04,2025-01-04,21,2025-01-25,In Progress,0,0.0,,,0,0,0,Medium
C001045,17091,IND,Logistics,16204.54,5,102,0,0.93,771.6,Very Good,4,Portal,1,0,DCA-07,2025-03-26,7,2025-04-02,Escalated,0,0.0,,,0,0,1,Low
C001046,11536,NA,Aviation,56263.44,2,362,0,0.992,692.2,Good,4,Portal,0,1,DCA-05,2025-12-30,12,2026-01-11,PTP,0,0.0,,,0,0,1,Low
C001047,12394,NA,Manufacturing,18412.13,7,238,1,0.72,672.4,Good,2,In-person,0,0,DCA-02,2025-09-12,18,2025-09-30,Escalated,0,0.0,,,0,0,1,Low
C001048,16008,NA,Retail,21605.93,2,141,0,0.868,659.2,Fair,2,Phone,0,0,DCA-01,2025-06-07,10,2025-06-17,In Progress,0,0.0,,,0,0,0,Low
C001049,16684,IND,Manufacturing,10005.38,4,169,1,0.851,584.9,Fair,6,Phone,0,0,DCA-07,2025-05-31,28,2025-06-28,Closed,1,9104.39,51.0,2025-07-21,0,1,0,Low
C001050,11196,EU,FMCG,11259.49,3,186,0,0.707,646.3,Fair,1,Email,0,0,DCA-06,2025-01-25,30,2025-02-24,Escalated,0,0.0,,,0,0,1,Low
C001051,15083,APAC,Technology,26615.5,5,202,1,0.574,550.2,Poor,5,Portal,0,0,DCA-06,2025-06-20,20,2025-07-10,Escalated,0,0.0,,,0,0,1,Low
C001052,13649,EU,Aviation,54507.06,2,141,3,0.863,545.5,Poor,2,Email,0,0,DCA-05,2025-12-15,13,2025-12-28,In Progress,0,0.0,,,0,0,0,Low
C001053,15017,MEA,Finance,37856.71,1,355,0,0.72,646.0,Fair,1,Phone,0,0,DCA-06,2025-08-03,28,2025-08-31,Escalated,0,0.0,,,0,0,1,Low
C001054,19584,EU,Healthcare,23474.53,4,106,0,0.88,641.6,Fair,1,Email,0,0,DCA-02,2025-03-13,16,2025-03-29,In Progress,0,0.0,,,0,0,0,Low
C001055,10766,LATAM,Manufacturing,13692.53,7,156,0,0.886,691.6,Good,3,Phone,0,1,DCA-07,2026-01-23,20,2026-02-12,PTP,0,0.0,,,0,0,0,High
C001056,19954,NA,Retail,15472.25,5,3,2,0.641,590.9,Fair,0,SMS,0,0,DCA-09,2025-01-24,10,2025-02-03,In Progress,0,0.0,,,0,0,0,Low
C001057,14495,IND,Energy,7883.64,6,179,1,0.95,620.7,Fair,4,Phone,0,0,DCA-02,2025-01-07,14,2025-01-21,In Progress,0,0.0,,,0,0,0,Low
C001058,17721,IND,Finance,4847.81,4,312,0,1.0,696.2,Good,10,In-person,0,1,DCA-08,2025-01-31,29,2025-03-01,Closed,1,4679.26,55.0,2025-03-27,0,1,0,Medium
C001059,14244,EU,Logistics,6070.77,1,364,1,0.864,644.1,Fair,4,Email,0,0,DCA-05,2025-02-09,21,2025-03-02,Escalated,0,0.0,,,0,0,1,Low
C001060,13109,NA,Finance,13833.66,3,173,1,0.394,587.7,Fair,2,Phone,0,0,DCA-08,2025-07-28,7,2025-08-04,In Progress,0,0.0,,,0,0,0,Low
C001061,17705,EU,Automotive,10890.06,7,51,0,0.957,672.2,Good,2,Portal,0,0,DCA-06,2025-11-23,17,2025-12-10,In Progress,0,0.0,,,0,0,0,Medium
C001062,16876,NA,Energy,4776.15,6,263,0,0.668,625.0,Fair,3,Phone,0,1,DCA-03,2025-04-23,7,2025-04-30,PTP,0,0.0,,,0,0,1,Low
C001063,11440,IND,Healthcare,13015.21,5,234,1,0.758,582.6,Fair,12,Phone,0,0,DCA-05,2025-09-22,18,2025-10-10,Escalated,0,0.0,,,0,0,1,Low
C001064,17054,IND,Automotive,10690.37,3,349,0,0.975,583.5,Fair,10,Phone,0,1,DCA-02,2025-11-29,16,2025-12-15,PTP,0,0.0,,,0,0,1,Low
C001065,17530,EU,Manufacturing,5878.2,5,184,0,1.0,683.8,Good,3,SMS,1,0,DCA-01,2025-09-02,20,2025-09-22,Escalated,0,0.0,,,0,0,1,Low
C001066,13878,IND,Automotive,10310.05,5,2,0,0.987,770.0,Very Good,1,Phone,0,0,DCA-01,2025-08-04,9,2025-08-13,In Progress,0,0.0,,,0,0,0,Medium
C001067,19256,IND,Healthcare,10671.51,5,328,0,0.754,691.9,Good,0,Email,0,1,DCA-10,2025-01-21,12,2025-02-02,PTP,0,0.0,,,0,0,1,Low
C001068,16408,IND,Logistics,8676.33,7,246,1,0.897,550.8,Poor,6,Email,0,0,DCA-10,2025-04-20,11,2025-05-01,Escalated,0,0.0,,,0,0,1,Low
C001069,13336,NA,Healthcare,25557.07,5,292,0,0.894,577.3,Poor,2,Phone,0,0,DCA-01,2025-12-23,26,2026-01-18,Escalated,0,0.0,,,0,0,1,Low
C001070,10107,IND,FMCG,3526.17,2,44,1,0.978,688.1,Good,6,Email,0,0,DCA-02,2025-08-19,13,2025-09-01,In Progress,0,0.0,,,0,0,0,Low
C001071,16749,APAC,Energy,3327.38,2,167,0,0.975,640.3,Fair,5,In-person,0,0,DCA-05,2025-06-30,23,2025-07-23,In Progress,0,0.0,,,0,0,0,Medium
C001072,12090,IND,Energy,13390.49,5,167,0,1.0,668.0,Fair,4,Phone,0,1,DCA-07,2026-01-08,18,2026-01-26,Closed,1,12332.69,32.0,2026-02-09,0,1,0,High
C001073,17565,EU,Energy,14289.63,7,98,0,0.741,692.2,Good,1,In-person,0,0,DCA-02,2025-09-20,15,2025-10-05,In Progress,0,0.0,,,0,0,0,Low
C001074,15250,IND,Retail,17728.89,7,309,1,0.604,566.0,Poor,5,Phone,0,0,DCA-02,2025-12-07,28,2026-01-04,Escalated,0,0.0,,,0,0,1,Low
C001075,14667,EU,Technology,9161.07,5,69,0,1.0,727.8,Good,2,Portal,0,0,DCA-06,2025-02-19,20,2025-03-11,Closed,1,7529.81,63.0,2025-04-23,0,0,0,Low
C001076,11637,NA,Technology,7026.57,4,27,0,0.814,661.3,Fair,4,Email,0,0,DCA-01,2025-02-23,17,2025-03-12,In Progress,0,0.0,,,0,0,0,Medium
C001077,17115,NA,Manufacturing,13291.48,6,86,1,0.867,748.7,Very Good,4,Phone,0,1,DCA-06,2025-12-16,7,2025-12-23,PTP,0,0.0,,,0,0,0,Medium
C001078,11659,EU,Energy,9807.43,7,361,0,0.906,658.9,Fair,4,Email,0,0,DCA-09,2025-12-11,25,2026-01-05,Escalated,0,0.0,,,0,0,1,Low
C001079,14177,APAC,Aviation,39566.97,1,42,0,1.0,716.0,Good,1,Email,0,0,DCA-10,2025-05-07,20,2025-05-27,Closed,1,33558.86,59.0,2025-07-05,0,1,0,Medium
C001080,18363,IND,Finance,10647.08,3,212,2,0.71,538.1,Poor,6,Email,0,0,DCA-06,2025-05-25,30,2025-06-24,Escalated,0,0.0,,,0,0,1,Low
C001081,19203,NA,Finance,12871.49,3,67,0,0.785,743.8,Very Good,1,Phone,0,0,DCA-04,2025-04-08,26,2025-05-04,In Progress,0,0.0,,,0,0,0,Medium
C001082,19891,EU,Energy,75568.34,4,144,0,0.842,770.3,Very Good,2,Phone,1,1,DCA-08,2025-06-01,27,2025-06-28,Escalated,0,0.0,,,0,0,1,Low
C001083,19580,LATAM,FMCG,11657.07,3,201,0,1.0,712.3,Good,2,Email,0,0,DCA-10,2025-01-09,25,2025-02-03,Closed,1,11444.85,64.0,2025-03-14,0,0,0,Medium
C001084,15559,IND,Logistics,19718.45,3,8,0,0.894,733.5,Good,5,Portal,0,0,DCA-05,2025-07-19,27,2025-08-15,In Progress,0,0.0,,,0,0,0,Medium
C001085,12004,MEA,Manufacturing,21002.92,1,88,2,0.797,602.4,Fair,4,Portal,0,0,DCA-09,2025-10-25,25,2025-11-19,In Progress,0,0.0,,,0,0,0,Low
C001086,18390,IND,Energy,22291.96,1,214,0,0.62,667.3,Fair,3,Portal,0,1,DCA-05,2025-10-31,26,2025-11-26,Closed,1,19887.0,41.0,2025-12-11,0,1,0,Medium
C001087,18016,IND,Technology,16360.76,4,6,3,0.7,644.4,Fair,5,Phone,1,0,DCA-05,2025-07-23,23,2025-08-15,Dispute,0,0.0,,,0,0,0,Low
C001088,19903,NA,Energy,15301.23,7,181,1,0.722,635.7,Fair,4,Phone,0,0,DCA-06,2025-06-16,9,2025-06-25,Escalated,0,0.0,,,0,0,1,Low
C001089,16509,EU,Energy,14331.77,3,220,0,0.798,622.7,Fair,4,Phone,0,0,DCA-05,2025-02-20,13,2025-03-05,Escalated,0,0.0,,,0,0,1,Low
C001090,11415,IND,Energy,8926.72,2,79,0,1.0,706.0,Good,3,Phone,0,0,DCA-03,2025-09-19,11,2025-09-30,Closed,1,6735.58,37.0,2025-10-26,0,1,0,Medium
C001091,15029,MEA,Technology,16778.66,2,60,0,0.782,679.3,Good,2,Email,0,0,DCA-09,2025-06-30,30,2025-07-30,In Progress,0,0.0,,,0,0,0,Medium
C001092,14482,IND,Finance,55273.68,7,179,0,0.892,659.7,Fair,2,In-person,0,1,DCA-10,2025-03-09,13,2025-03-22,PTP,0,0.0,,,0,0,0,Low
C001093,18429,IND,Finance,31178.29,5,262,0,0.748,539.4,Poor,4,Phone,0,1,DCA-06,2025-07-15,13,2025-07-28,PTP,0,0.0,,,0,0,1,Low
C001094,13925,NA,Aviation,16526.87,5,5,1,0.761,729.9,Good,0,Phone,0,1,DCA-08,2025-04-27,23,2025-05-20,PTP,0,0.0,,,0,0,0,Medium
C001095,13285,LATAM,Finance,24320.65,2,123,1,0.72,642.4,Fair,3,Email,0,0,DCA-03,2025-02-03,9,2025-02-12,In Progress,0,0.0,,,0,0,0,Low
C001096,10800,IND,Automotive,7270.47,7,364,1,0.942,559.8,Poor,1,Phone,0,1,DCA-07,2026-01-10,17,2026-01-27,PTP,0,0.0,,,0,0,1,Low
C001097,18354,LATAM,Finance,11132.69,2,123,0,0.808,705.7,Good,3,Email,0,0,DCA-04,2025-12-03,21,2025-12-24,In Progress,0,0.0,,,0,0,0,Low
C001098,17553,NA,Energy,25938.79,7,121,0,0.938,679.6,Good,6,SMS,0,0,DCA-02,2025-06-15,19,2025-07-04,In Progress,0,0.0,,,0,0,0,Low
C001099,10412,MEA,Logistics,37836.03,7,269,0,0.981,580.2,Fair,2,SMS,1,0,DCA-05,2025-12-25,7,2026-01-01,Closed,1,28923.67,63.0,2026-02-26,0,0,1,Low
C001100,14337,APAC,FMCG,7788.42,4,175,0,1.0,677.2,Good,11,SMS,0,0,DCA-01,2025-10-14,26,2025-11-09,In Progress,0,0.0,,,0,0,0,Low
C001101,14797,LATAM,Finance,9523.22,7,143,2,0.697,552.4,Poor,4,Phone,1,0,DCA-03,2025-06-11,18,2025-06-29,Escalated,0,0.0,,,0,0,1,Low
C001102,14693,IND,Aviation,61510.49,7,286,2,0.672,559.5,Poor,5,Portal,0,0,DCA-03,2025-02-01,7,2025-02-08,Escalated,0,0.0,,,0,0,1,Low
C001103,19189,NA,Healthcare,14290.97,5,12,0,0.923,802.4,Excellent,1,Email,0,0,DCA-05,2026-01-25,8,2026-02-02,In Progress,0,0.0,,,0,0,0,High
C001104,11506,EU,Retail,47875.22,6,260,3,0.859,572.4,Poor,4,Phone,0,1,DCA-05,2025-01-12,27,2025-02-08,PTP,0,0.0,,,0,0,1,Low
C001105,13063,NA,Manufacturing,15441.29,5,139,1,0.684,764.5,Very Good,4,Phone,0,0,DCA-07,2026-01-01,30,2026-01-31,In Progress,0,0.0,,,0,0,0,Low
C001106,11809,LATAM,Retail,15872.23,4,324,0,1.0,685.0,Good,5,In-person,0,0,DCA-02,2025-01-21,20,2025-02-10,Escalated,0,0.0,,,0,0,1,Low
C001107,12440,NA,FMCG,10787.64,3,264,2,0.666,627.0,Fair,5,Phone,0,0,DCA-05,2025-11-21,23,2025-12-14,Escalated,0,0.0,,,0,0,1,Low
C001108,19071,EU,FMCG,25842.83,5,343,0,1.0,705.6,Good,5,Email,0,0,DCA-01,2025-10-05,21,2025-10-26,Escalated,0,0.0,,,0,0,1,Low
C001109,19407,IND,Automotive,34559.73,2,47,0,0.729,617.7,Fair,3,Email,0,0,DCA-09,2025-11-01,20,2025-11-21,In Progress,0,0.0,,,0,0,0,Medium
C001110,10446,NA,Automotive,6473.67,2,69,1,0.876,697.1,Good,3,In-person,0,0,DCA-09,2025-01-23,13,2025-02-05,In Progress,0,0.0,,,0,0,0,Low
C001111,16320,EU,Energy,10438.8,2,329,0,0.718,675.7,Good,6,Email,0,0,DCA-10,2025-12-26,12,2026-01-07,Escalated,0,0.0,,,0,0,1,Low
C001112,12328,IND,Finance,25350.53,1,143,0,0.819,645.2,Fair,1,Email,0,1,DCA-06,2025-08-26,10,2025-09-05,PTP,0,0.0,,,0,0,0,Medium
C001113,11925,IND,Automotive,12201.52,7,297,1,0.852,598.2,Fair,2,Portal,0,0,DCA-09,2025-12-06,8,2025-12-14,Escalated,0,0.0,,,0,0,1,Low
C001114,12920,IND,Healthcare,9458.13,2,251,0,0.704,709.1,Good,2,Portal,0,0,DCA-05,2025-04-10,20,2025-04-30,Escalated,0,0.0,,,0,0,1,Low
C001115,11943,LATAM,Automotive,27083.49,6,182,0,0.608,580.6,Fair,6,Phone,0,0,DCA-02,2025-07-13,22,2025-08-04,Escalated,0,0.0,,,0,0,1,Low
C001116,14901,MEA,Energy,28923.72,4,17,1,0.944,700.7,Good,3,Email,0,0,DCA-09,2025-02-25,27,2025-03-24,In Progress,0,0.0,,,0,0,0,Medium
C001117,19956,MEA,Energy,9752.22,3,27,0,1.0,746.6,Very Good,3,Phone,0,0,DCA-01,2025-09-28,29,2025-10-27,In Progress,0,0.0,,,0,0,0,Medium
C001118,15864,APAC,Logistics,15500.95,2,261,0,0.906,696.4,Good,1,Email,0,1,DCA-06,2025-10-01,25,2025-10-26,PTP,0,0.0,,,0,0,1,Low
C001119,17232,APAC,Manufacturing,5733.42,6,36,1,0.602,622.8,Fair,2,Email,1,0,DCA-10,2025-02-17,24,2025-03-13,Dispute,0,0.0,,,0,0,0,Low
C001120,14932,NA,Retail,7137.82,4,2,3,0.735,623.1,Fair,3,Phone,0,0,DCA-03,2025-08-03,26,2025-08-29,In Progress,0,0.0,,,0,0,0,Low
C001121,10139,IND,Aviation,14572.85,4,80,3,0.62,565.6,Poor,6,Portal,0,1,DCA-03,2025-08-28,19,2025-09-16,PTP,0,0.0,,,0,0,0,Medium
C001122,10841,APAC,Technology,13656.69,5,333,0,0.976,712.9,Good,2,Email,0,0,DCA-02,2025-12-19,15,2026-01-03,Escalated,0,0.0,,,0,0,1,Low
C001123,12688,IND,Finance,6789.87,6,229,1,0.634,607.1,Fair,1,Phone,1,0,DCA-06,2025-02-11,17,2025-02-28,Escalated,0,0.0,,,0,0,1,Low
C001124,12436,APAC,Manufacturing,8093.51,5,262,0,0.728,533.1,Poor,4,Email,0,1,DCA-07,2025-10-15,22,2025-11-06,Closed,1,7302.11,41.0,2025-11-25,0,1,0,Medium
C001125,18405,LATAM,Logistics,6338.95,4,238,0,0.639,600.3,Fair,5,Email,0,1,DCA-06,2025-09-01,21,2025-09-22,PTP,0,0.0,,,0,0,1,Medium
C001126,18435,IND,Automotive,18371.24,7,206,2,0.847,548.3,Poor,0,Email,1,0,DCA-04,2025-05-08,20,2025-05-28,Escalated,0,0.0,,,0,0,1,Low
C001127,18541,NA,Retail,3369.95,7,94,0,0.858,676.1,Good,2,Email,0,0,DCA-05,2025-03-18,27,2025-04-14,Closed,1,2588.58,49.0,2025-05-06,0,1,0,Medium
C001128,16375,EU,FMCG,6580.7,7,157,0,0.79,715.3,Good,4,Email,0,0,DCA-09,2025-02-19,9,2025-02-28,In Progress,0,0.0,,,0,0,0,Low
C001129,15561,EU,Technology,3626.2,1,199,0,1.0,624.1,Fair,4,Email,0,1,DCA-10,2025-02-09,22,2025-03-03,PTP,0,0.0,,,0,0,1,Medium
C001130,16491,IND,Finance,17913.58,7,360,0,0.963,722.8,Good,4,Email,0,0,DCA-04,2025-09-09,19,2025-09-28,Escalated,0,0.0,,,0,0,1,Low
C001131,14068,NA,Healthcare,3782.3,2,328,0,0.805,591.9,Fair,6,Phone,0,0,DCA-07,2025-10-10,8,2025-10-18,Escalated,0,0.0,,,0,0,1,Low
C001132,16702,IND,Automotive,13659.77,5,269,2,0.754,552.0,Poor,4,Email,0,0,DCA-09,2025-05-18,7,2025-05-25,Closed,1,9828.72,71.0,2025-07-28,0,0,0,Low
C001133,17944,NA,FMCG,42094.27,5,297,0,0.872,624.4,Fair,4,Email,0,0,DCA-07,2026-01-02,7,2026-01-09,Escalated,0,0.0,,,0,0,1,Low
C001134,17629,IND,Finance,43105.41,2,294,0,1.0,728.7,Good,5,SMS,0,1,DCA-09,2025-03-07,24,2025-03-31,Closed,1,38092.34,45.0,2025-04-21,0,1,0,Low
C001135,16138,NA,Manufacturing,3773.9,1,244,1,0.929,671.2,Good,3,SMS,0,0,DCA-07,2025-02-26,30,2025-03-28,Escalated,0,0.0,,,0,0,1,Medium
C001136,10581,NA,FMCG,16463.26,7,301,3,0.613,518.8,Poor,9,Phone,0,1,DCA-03,2025-08-15,28,2025-09-12,PTP,0,0.0,,,0,0,1,Low
C001137,17249,IND,Aviation,6685.66,7,27,2,0.485,657.8,Fair,1,In-person,0,0,DCA-07,2025-10-17,7,2025-10-24,In Progress,0,0.0,,,0,0,0,Medium
C001138,13666,IND,Manufacturing,5795.31,2,8,1,0.806,719.7,Good,4,Email,0,0,DCA-06,2025-09-19,28,2025-10-17,In Progress,0,0.0,,,0,0,0,Low
C001139,17436,APAC,Logistics,12339.63,5,162,1,1.0,685.9,Good,2,SMS,0,0,DCA-04,2026-01-23,21,2026-02-13,In Progress,0,0.0,,,0,0,0,Low
C001140,15395,LATAM,Retail,31564.99,2,20,1,0.567,556.8,Poor,2,Phone,0,0,DCA-01,2025-04-23,14,2025-05-07,In Progress,0,0.0,,,0,0,0,Low
C001141,18811,NA,Finance,20328.14,4,124,0,0.743,760.3,Very Good,3,Email,0,0,DCA-09,2025-05-28,11,2025-06-08,Closed,1,15805.05,66.0,2025-08-02,0,0,0,Medium
C001142,13384,IND,FMCG,8098.23,3,73,1,0.88,587.1,Fair,3,Email,0,0,DCA-08,2025-10-13,21,2025-11-03,Closed,1,7970.64,53.0,2025-12-05,0,1,0,Low
C001143,19313,IND,Healthcare,21884.28,6,349,0,1.0,712.4,Good,3,Email,0,0,DCA-01,2025-04-10,11,2025-04-21,Escalated,0,0.0,,,0,0,1,Low
C001144,18444,IND,Automotive,2777.77,5,239,0,0.828,701.1,Good,3,Phone,0,0,DCA-08,2025-01-27,24,2025-02-20,Escalated,0,0.0,,,0,0,1,Medium
C001145,13311,IND,Aviation,7886.74,4,16,1,0.826,609.9,Fair,2,Email,1,1,DCA-07,2025-10-15,11,2025-10-26,Closed,1,6696.21,45.0,2025-11-29,0,1,0,Low
C001146,14825,APAC,Energy,7504.63,5,228,1,0.587,575.6,Poor,5,Portal,0,0,DCA-04,2025-10-16,22,2025-11-07,Escalated,0,0.0,,,0,0,1,Low
C001147,15313,EU,Logistics,14112.62,4,267,3,0.697,455.7,Poor,9,Email,0,0,DCA-08,2025-03-22,29,2025-04-20,Escalated,0,0.0,,,0,0,1,Low
C001148,17686,IND,Aviation,11591.42,1,119,0,0.803,622.0,Fair,5,Phone,0,1,DCA-09,2025-02-11,7,2025-02-18,Closed,1,9737.15,28.0,2025-03-11,1,1,0,Medium
C001149,16891,APAC,Automotive,12100.11,5,322,1,0.755,665.9,Fair,4,Phone,0,0,DCA-09,2025-02-04,10,2025-02-14,Escalated,0,0.0,,,0,0,1,Low
C001150,18520,IND,Healthcare,11821.75,6,355,1,0.55,456.9,Poor,5,Portal,1,0,DCA-01,2025-09-30,19,2025-10-19,Escalated,0,0.0,,,0,0,1,Low
C001151,13698,EU,Energy,13570.93,4,357,3,0.813,680.4,Good,3,Email,0,0,DCA-04,2025-01-25,20,2025-02-14,Escalated,0,0.0,,,0,0,1,Low
C001152,15047,LATAM,Logistics,19498.48,2,34,0,1.0,728.0,Good,1,Phone,0,1,DCA-01,2025-06-21,19,2025-07-10,Closed,1,19498.48,16.0,2025-07-07,1,1,0,Medium
C001153,14308,APAC,Healthcare,14831.84,1,164,1,1.0,764.2,Very Good,3,Phone,0,0,DCA-08,2025-01-08,11,2025-01-19,In Progress,0,0.0,,,0,0,0,Low
C001154,19095,EU,Technology,10948.46,3,283,2,0.668,583.9,Fair,5,Email,0,0,DCA-05,2025-03-01,26,2025-03-27,Escalated,0,0.0,,,0,0,1,Low
C001155,13049,EU,Energy,17698.3,6,162,2,0.744,589.6,Fair,4,Phone,0,1,DCA-08,2025-12-14,14,2025-12-28,PTP,0,0.0,,,0,0,0,Medium
C001156,15871,IND,Aviation,23820.13,3,176,4,0.682,510.1,Poor,0,Email,1,0,DCA-08,2025-01-09,26,2025-02-04,Escalated,0,0.0,,,0,0,1,Low
C001157,11201,EU,Finance,9052.37,7,120,1,0.996,757.1,Very Good,4,Portal,0,0,DCA-01,2025-12-23,28,2026-01-20,In Progress,0,0.0,,,0,0,0,Low
C001158,18502,MEA,Retail,12815.6,3,153,1,0.766,571.9,Poor,2,Portal,1,0,DCA-10,2025-11-30,22,2025-12-22,Escalated,0,0.0,,,0,0,1,Low
C001159,13842,APAC,Logistics,30131.75,3,253,0,1.0,673.1,Good,2,Email,0,0,DCA-05,2025-09-18,26,2025-10-14,Escalated,0,0.0,,,0,0,1,Low
C001160,13405,NA,Logistics,6173.79,6,10,4,0.694,625.8,Fair,1,SMS,0,0,DCA-10,2025-12-14,10,2025-12-24,In Progress,0,0.0,,,0,0,0,Low
C001161,15829,EU,Automotive,47253.95,5,291,1,1.0,697.1,Good,5,Email,0,0,DCA-02,2025-11-10,13,2025-11-23,Escalated,0,0.0,,,0,0,1,Low
C001162,14988,EU,Healthcare,5232.22,1,265,4,0.836,508.5,Poor,10,Portal,0,0,DCA-04,2025-05-27,20,2025-06-16,Escalated,0,0.0,,,0,0,1,Low
C001163,18479,EU,Aviation,10490.7,1,51,1,0.785,565.1,Poor,2,Email,1,0,DCA-05,2025-06-30,17,2025-07-17,Closed,1,7303.2,61.0,2025-08-30,0,0,0,Low
C001164,15314,NA,Energy,6869.64,2,281,0,0.801,684.0,Good,2,Phone,0,1,DCA-10,2025-09-18,28,2025-10-16,PTP,0,0.0,,,0,0,1,Low
C001165,15169,NA,Retail,61793.22,7,190,3,0.801,582.3,Fair,5,Portal,0,1,DCA-02,2025-11-19,29,2025-12-18,PTP,0,0.0,,,0,0,1,Low
C001166,11049,IND,Logistics,9392.39,1,117,0,0.913,708.3,Good,3,Email,0,0,DCA-06,2025-12-10,10,2025-12-20,In Progress,0,0.0,,,0,0,0,Medium
C001167,10219,EU,FMCG,9408.9,1,166,0,0.824,747.8,Very Good,5,Portal,0,0,DCA-02,2025-04-24,29,2025-05-23,Closed,1,8643.67,53.0,2025-06-16,0,1,0,Medium
C001168,13985,IND,Energy,10305.94,6,189,3,0.969,675.6,Good,4,Phone,0,0,DCA-03,2025-02-05,27,2025-03-04,Escalated,0,0.0,,,0,0,1,Low
C001169,19982,NA,Logistics,14284.38,5,77,1,0.95,809.9,Excellent,4,Phone,1,0,DCA-07,2025-07-20,13,2025-08-02,Closed,1,11194.2,72.0,2025-09-30,0,0,0,Low
C001170,19173,IND,Energy,10615.72,7,221,2,0.706,543.3,Poor,5,Email,0,1,DCA-03,2025-07-19,8,2025-07-27,PTP,0,0.0,,,0,0,1,Low
C001171,16289,EU,FMCG,12173.04,2,230,2,0.668,619.9,Fair,7,Phone,0,1,DCA-03,2025-12-14,16,2025-12-30,PTP,0,0.0,,,0,0,1,Low
C001172,16308,MEA,Energy,1129.53,5,134,0,0.77,704.3,Good,4,Phone,0,0,DCA-07,2025-06-17,30,2025-07-17,In Progress,0,0.0,,,0,0,0,Medium
C001173,13915,MEA,Finance,13905.11,1,168,3,0.887,601.5,Fair,5,Phone,0,1,DCA-09,2025-05-06,7,2025-05-13,PTP,0,0.0,,,0,0,0,Low
C001174,11775,NA,Finance,13527.29,5,225,1,0.854,624.0,Fair,4,Phone,0,0,DCA-01,2025-03-27,30,2025-04-26,Closed,1,10487.22,51.0,2025-05-17,0,1,0,Low
C001175,10085,NA,Manufacturing,27639.42,1,184,0,0.966,693.5,Good,4,Phone,0,1,DCA-03,2025-01-30,12,2025-02-11,Closed,1,27445.48,51.0,2025-03-22,0,1,0,Medium
C001176,13388,IND,Retail,33401.05,7,159,0,0.896,677.4,Good,4,Phone,0,1,DCA-06,2025-04-10,30,2025-05-10,Closed,1,33401.05,36.0,2025-05-16,0,1,0,High
C001177,13164,EU,Healthcare,11714.75,3,349,0,0.907,630.9,Fair,7,Phone,0,0,DCA-10,2025-05-27,20,2025-06-16,Escalated,0,0.0,,,0,0,1,Low
C001178,11916,NA,Retail,23655.72,2,320,1,0.615,541.7,Poor,5,Phone,0,0,DCA-04,2025-12-29,15,2026-01-13,Escalated,0,0.0,,,0,0,1,Low
C001179,12591,MEA,Aviation,6178.94,7,139,0,0.862,670.7,Good,4,In-person,0,0,DCA-03,2025-10-28,22,2025-11-19,In Progress,0,0.0,,,0,0,0,Medium
C001180,10248,NA,Healthcare,22859.9,1,262,2,0.613,518.5,Poor,5,Phone,1,0,DCA-01,2025-10-02,27,2025-10-29,Escalated,0,0.0,,,0,0,1,Low
C001181,16079,MEA,Automotive,8948.73,6,295,1,0.933,639.0,Fair,4,Email,0,0,DCA-02,2025-01-09,14,2025-01-23,Escalated,0,0.0,,,0,0,1,Low
C001182,19274,APAC,Logistics,5829.65,4,41,1,0.969,753.5,Very Good,3,In-person,0,0,DCA-05,2025-09-04,15,2025-09-19,In Progress,0,0.0,,,0,0,0,Medium
C001183,16907,EU,Healthcare,11732.15,5,216,3,0.954,595.0,Fair,1,In-person,0,1,DCA-03,2025-01-31,23,2025-02-23,PTP,0,0.0,,,0,0,1,Low
C001184,14482,NA,Logistics,35608.18,2,292,0,0.829,579.6,Poor,3,In-person,0,0,DCA-06,2025-09-13,9,2025-09-22,Closed,1,27745.34,83.0,2025-12-05,0,0,0,Low
C001185,14202,EU,Energy,15164.37,7,21,0,0.644,723.7,Good,5,Email,0,1,DCA-04,2025-06-10,23,2025-07-03,Closed,1,15164.37,30.0,2025-07-10,1,1,0,Medium
C001186,13075,EU,FMCG,38083.7,4,123,1,0.579,580.7,Fair,1,Email,0,0,DCA-03,2025-06-13,17,2025-06-30,Closed,1,24918.13,72.0,2025-08-24,0,0,0,Low
C001187,11424,IND,Energy,7910.03,3,291,1,0.993,713.8,Good,4,Email,0,1,DCA-07,2025-05-27,13,2025-06-09,Closed,1,7612.67,28.0,2025-06-24,1,1,0,Medium
C001188,15984,APAC,Finance,27819.59,4,341,2,0.743,601.4,Fair,4,Portal,0,1,DCA-08,2025-11-08,26,2025-12-04,PTP,0,0.0,,,0,0,1,Low
C001189,15665,IND,Logistics,8463.25,3,362,0,0.942,569.8,Poor,5,SMS,0,1,DCA-10,2025-01-13,21,2025-02-03,PTP,0,0.0,,,0,0,1,Low
C001190,10073,NA,Technology,15642.24,3,220,1,1.0,664.1,Fair,6,Email,0,1,DCA-06,2025-10-22,7,2025-10-29,PTP,0,0.0,,,0,0,1,Low
C001191,14155,APAC,Energy,15547.86,1,16,0,0.992,722.5,Good,4,Email,0,0,DCA-10,2025-04-25,29,2025-05-24,In Progress,0,0.0,,,0,0,0,Medium
C001192,12780,EU,Finance,21227.32,4,11,1,0.585,657.7,Fair,2,Portal,0,0,DCA-02,2025-06-22,17,2025-07-09,In Progress,0,0.0,,,0,0,0,Low
C001193,11702,APAC,Manufacturing,15922.98,4,296,1,0.932,571.5,Poor,3,Phone,0,0,DCA-06,2025-09-23,7,2025-09-30,Escalated,0,0.0,,,0,0,1,Low
C001194,17030,NA,Healthcare,7963.08,3,268,1,1.0,683.1,Good,4,Phone,0,0,DCA-05,2025-02-27,21,2025-03-20,Escalated,0,0.0,,,0,0,1,Low
C001195,15258,EU,Retail,24740.95,7,71,1,0.964,789.1,Very Good,4,Email,0,0,DCA-07,2025-03-04,15,2025-03-19,Closed,1,21708.24,56.0,2025-04-29,0,1,0,Medium
C001196,16337,MEA,Manufacturing,44898.5,1,48,1,0.631,588.0,Fair,3,Email,1,0,DCA-03,2025-02-08,26,2025-03-06,Dispute,0,0.0,,,0,0,0,Low
C001197,17134,IND,Technology,8878.05,7,54,2,0.917,671.4,Good,3,Phone,0,1,DCA-02,2025-03-30,23,2025-04-22,PTP,0,0.0,,,0,0,0,Medium
C001198,19818,APAC,Aviation,3697.22,7,320,0,0.847,614.1,Fair,3,Email,0,0,DCA-05,2025-11-10,12,2025-11-22,Closed,1,3490.43,78.0,2026-01-27,0,0,0,Low
C001199,18027,EU,Aviation,18949.33,1,279,1,0.919,657.5,Fair,4,Email,0,0,DCA-07,2025-02-20,28,2025-03-20,Escalated,0,0.0,,,0,0,1,Low
C001200,16203,EU,Technology,10595.38,5,346,0,1.0,725.0,Good,1,Phone,0,0,DCA-08,2025-10-05,9,2025-10-14,Escalated,0,0.0,,,0,0,1,Low
C001201,18790,APAC,Technology,12188.25,2,42,4,0.795,621.3,Fair,1,Email,0,0,DCA-07,2025-07-23,15,2025-08-07,In Progress,0,0.0,,,0,0,0,Low
C001202,14775,APAC,Energy,19718.73,1,254,0,0.907,661.0,Fair,4,Portal,0,1,DCA-07,2025-06-27,11,2025-07-08,PTP,0,0.0,,,0,0,1,High
C001203,19847,IND,FMCG,9706.25,7,337,3,0.714,496.8,Poor,7,Phone,1,0,DCA-02,2025-11-18,12,2025-11-30,Closed,1,7245.41,83.0,2026-02-09,0,0,1,Low
C001204,17614,IND,Finance,11067.89,1,194,0,0.779,659.4,Fair,1,Email,0,0,DCA-08,2025-02-23,21,2025-03-16,Escalated,0,0.0,,,0,0,1,Low
C001205,16508,NA,Automotive,12455.48,3,282,3,0.617,552.1,Poor,1,Email,0,1,DCA-06,2025-01-18,26,2025-02-13,PTP,0,0.0,,,0,0,1,Low
C001206,19033,IND,Automotive,37377.63,1,220,0,0.635,583.6,Fair,3,Phone,0,0,DCA-01,2025-11-02,21,2025-11-23,Escalated,0,0.0,,,0,0,1,Low
C001207,15150,LATAM,Healthcare,13643.91,1,3,0,0.778,637.5,Fair,0,Phone,0,1,DCA-03,2025-02-21,7,2025-02-28,Closed,1,11405.58,19.0,2025-03-12,1,1,0,High
C001208,17206,EU,FMCG,5625.29,1,157,2,0.846,630.4,Fair,5,Phone,0,0,DCA-03,2025-05-22,15,2025-06-06,In Progress,0,0.0,,,0,0,0,Low
C001209,12847,NA,Finance,5784.2,6,96,0,0.767,635.9,Fair,4,SMS,1,0,DCA-02,2025-10-05,20,2025-10-25,Escalated,0,0.0,,,0,0,1,Low
C001210,19632,LATAM,Technology,14727.34,1,31,3,0.703,602.8,Fair,2,Phone,0,0,DCA-02,2025-11-03,19,2025-11-22,In Progress,0,0.0,,,0,0,0,Low
C001211,16233,MEA,Healthcare,6059.61,6,217,3,0.886,637.3,Fair,1,Phone,0,0,DCA-09,2025-10-01,18,2025-10-19,Closed,1,5267.65,64.0,2025-12-04,0,0,0,Low
C001212,17820,IND,Retail,4475.56,2,339,1,0.781,475.6,Poor,4,Email,0,0,DCA-05,2025-10-04,15,2025-10-19,Escalated,0,0.0,,,0,0,1,Low
C001213,14607,EU,Energy,20845.12,7,20,1,1.0,769.0,Very Good,1,Email,0,0,DCA-05,2025-05-30,10,2025-06-09,Closed,1,16500.31,50.0,2025-07-19,0,1,0,Medium
C001214,18668,APAC,Automotive,21571.94,6,120,0,0.846,760.7,Very Good,1,Email,1,0,DCA-09,2026-01-03,9,2026-01-12,Escalated,0,0.0,,,0,0,1,Low
C001215,10741,LATAM,Technology,10324.8,5,244,2,1.0,642.8,Fair,6,Phone,0,0,DCA-04,2025-04-01,7,2025-04-08,Escalated,0,0.0,,,0,0,1,Low
C001216,11141,IND,Finance,16408.61,6,114,2,1.0,605.4,Fair,2,Email,0,1,DCA-04,2025-01-27,9,2025-02-05,PTP,0,0.0,,,0,0,0,Medium
C001217,15071,IND,Healthcare,15240.1,3,43,1,0.844,709.4,Good,0,Email,0,0,DCA-02,2025-12-01,25,2025-12-26,In Progress,0,0.0,,,0,0,0,Medium
C001218,17324,MEA,Aviation,20367.46,6,70,4,0.783,664.0,Fair,3,Email,0,1,DCA-01,2025-09-12,19,2025-10-01,PTP,0,0.0,,,0,0,0,Low
C001219,18092,EU,Manufacturing,20400.71,2,9,0,0.953,734.4,Good,2,Portal,0,0,DCA-02,2025-07-27,26,2025-08-22,In Progress,0,0.0,,,0,0,0,Medium
C001220,14400,APAC,Energy,2155.87,5,362,0,0.93,747.9,Very Good,4,Email,0,0,DCA-09,2025-11-10,29,2025-12-09,Escalated,0,0.0,,,0,0,1,Low
C001221,16496,APAC,Retail,11289.75,7,179,0,0.951,703.4,Good,3,Phone,0,0,DCA-06,2025-10-16,7,2025-10-23,In Progress,0,0.0,,,0,0,0,Low
C001222,15531,IND,Finance,19197.45,6,344,0,0.994,698.8,Good,6,Portal,0,0,DCA-06,2025-04-26,17,2025-05-13,Escalated,0,0.0,,,0,0,1,Low
C001223,19615,APAC,Logistics,10023.43,2,250,0,1.0,741.5,Very Good,7,Portal,0,1,DCA-04,2025-01-13,14,2025-01-27,Closed,1,8701.19,38.0,2025-02-20,0,1,0,Low
C001224,16541,NA,Energy,13702.61,6,128,0,0.765,711.7,Good,2,Portal,0,0,DCA-05,2025-10-19,19,2025-11-07,Closed,1,11837.23,52.0,2025-12-10,0,1,0,Medium
C001225,14168,IND,Manufacturing,22595.14,7,344,1,0.697,572.6,Poor,7,Phone,0,1,DCA-07,2025-10-10,23,2025-11-02,PTP,0,0.0,,,0,0,1,Low
C001226,19698,APAC,Aviation,14138.37,7,95,1,0.549,646.6,Fair,3,Email,1,0,DCA-05,2025-04-28,26,2025-05-24,Escalated,0,0.0,,,0,0,1,Low
C001227,11072,APAC,Manufacturing,38389.67,6,66,1,0.96,640.9,Fair,1,Phone,0,1,DCA-04,2025-05-12,18,2025-05-30,Closed,1,36114.52,37.0,2025-06-18,0,1,0,Medium
C001228,19845,IND,FMCG,29404.13,6,294,0,1.0,667.9,Fair,2,Phone,0,0,DCA-03,2025-09-08,20,2025-09-28,Closed,1,21649.18,69.0,2025-11-16,0,0,0,Low
C001229,11540,IND,Retail,12295.7,6,202,0,1.0,775.7,Very Good,4,Phone,0,1,DCA-02,2025-01-25,7,2025-02-01,PTP,0,0.0,,,0,0,1,Medium
C001230,12882,IND,Technology,11630.28,6,154,2,0.655,566.7,Poor,1,Phone,0,0,DCA-06,2025-09-26,8,2025-10-04,In Progress,0,0.0,,,0,0,0,Low
C001231,18214,EU,Finance,1816.69,1,215,0,0.699,626.1,Fair,3,Email,0,0,DCA-01,2025-03-08,15,2025-03-23,Escalated,0,0.0,,,0,0,1,Low
C001232,17337,NA,Automotive,10630.14,6,353,0,0.687,610.2,Fair,9,Email,0,0,DCA-02,2025-12-20,16,2026-01-05,Escalated,0,0.0,,,0,0,1,Low
C001233,19703,IND,Technology,5180.78,2,102,1,0.902,705.1,Good,1,Phone,0,0,DCA-06,2025-02-27,17,2025-03-16,In Progress,0,0.0,,,0,0,0,Low
C001234,17499,NA,FMCG,15597.42,4,329,1,0.711,647.6,Fair,5,Portal,0,0,DCA-09,2026-01-11,7,2026-01-18,Escalated,0,0.0,,,0,0,1,Low
C001235,16370,NA,Manufacturing,14868.64,3,332,0,0.723,657.6,Fair,0,SMS,0,0,DCA-03,2025-06-26,12,2025-07-08,Escalated,0,0.0,,,0,0,1,Low
C001236,13464,IND,Logistics,21744.13,2,277,0,0.665,549.6,Poor,6,Email,1,1,DCA-01,2026-01-29,29,2026-02-27,Escalated,0,0.0,,,0,0,1,Low
C001237,10047,APAC,Energy,35513.54,2,58,2,0.839,678.2,Good,1,Portal,0,1,DCA-07,2025-11-07,8,2025-11-15,Closed,1,32595.47,29.0,2025-12-06,1,1,0,Low
C001238,11238,NA,FMCG,13116.31,1,33,0,0.91,687.2,Good,7,Phone,1,0,DCA-01,2025-10-02,30,2025-11-01,Dispute,0,0.0,,,0,0,0,Low
C001239,12977,LATAM,Aviation,65926.21,4,44,0,1.0,709.2,Good,2,Portal,1,0,DCA-04,2025-03-17,24,2025-04-10,Dispute,0,0.0,,,0,0,0,Low
C001240,10409,EU,Energy,15720.42,3,256,0,1.0,650.3,Fair,6,Portal,0,0,DCA-05,2025-08-17,12,2025-08-29,Escalated,0,0.0,,,0,0,1,Low
C001241,15081,APAC,Manufacturing,5339.29,3,146,0,1.0,750.0,Very Good,2,Phone,0,1,DCA-08,2025-03-23,26,2025-04-18,PTP,0,0.0,,,0,0,0,Medium
C001242,17773,LATAM,Technology,9014.14,1,360,2,0.778,636.8,Fair,4,Portal,0,0,DCA-08,2025-09-27,20,2025-10-17,Escalated,0,0.0,,,0,0,1,Low
C001243,19632,IND,Energy,10291.54,5,3,3,0.751,527.9,Poor,1,Phone,1,0,DCA-05,2025-05-28,19,2025-06-16,Dispute,0,0.0,,,0,0,0,Low
C001244,14896,NA,Aviation,20221.24,2,136,0,0.498,551.3,Poor,5,SMS,0,0,DCA-09,2025-10-23,8,2025-10-31,In Progress,0,0.0,,,0,0,0,Low
C001245,18750,EU,Finance,6883.79,6,97,0,0.514,655.0,Fair,3,Email,0,0,DCA-04,2025-05-03,21,2025-05-24,In Progress,0,0.0,,,0,0,0,Medium
C001246,19855,IND,Logistics,10844.54,1,321,0,0.754,595.7,Fair,6,Portal,0,0,DCA-05,2025-11-19,12,2025-12-01,Escalated,0,0.0,,,0,0,1,Low
C001247,18598,NA,Finance,11935.49,1,45,0,1.0,794.2,Very Good,3,SMS,0,0,DCA-04,2025-07-12,14,2025-07-26,In Progress,0,0.0,,,0,0,0,Low
C001248,14649,IND,Technology,9762.61,3,149,0,1.0,760.5,Very Good,1,Email,0,1,DCA-07,2025-04-25,9,2025-05-04,Closed,1,9762.61,31.0,2025-05-26,0,1,0,High
C001249,13252,EU,Manufacturing,23576.15,3,316,3,0.561,539.6,Poor,3,Phone,0,1,DCA-04,2026-01-27,25,2026-02-21,PTP,0,0.0,,,0,0,1,Low
C001250,19779,LATAM,Aviation,20929.71,7,354,0,0.858,641.8,Fair,3,Email,0,0,DCA-10,2025-10-08,7,2025-10-15,Escalated,0,0.0,,,0,0,1,Low
C001251,12419,NA,FMCG,30230.21,4,334,1,0.785,609.4,Fair,4,Phone,0,0,DCA-09,2025-03-29,21,2025-04-19,Escalated,0,0.0,,,0,0,1,Low
C001252,14115,EU,Manufacturing,10596.54,3,238,0,0.721,683.2,Good,3,SMS,0,0,DCA-04,2025-03-17,22,2025-04-08,Escalated,0,0.0,,,0,0,1,Low
C001253,10740,APAC,FMCG,31000.83,6,60,0,1.0,735.8,Good,4,Phone,0,0,DCA-01,2025-11-20,18,2025-12-08,Closed,1,24228.79,61.0,2026-01-20,0,0,0,Medium
C001254,17936,IND,Aviation,5142.02,2,36,0,0.98,786.2,Very Good,3,SMS,0,0,DCA-06,2025-02-10,17,2025-02-27,Closed,1,4761.18,61.0,2025-04-12,0,0,0,Medium
C001255,16498,EU,Logistics,5054.99,7,150,0,1.0,682.5,Good,2,SMS,0,1,DCA-03,2025-02-15,15,2025-03-02,Closed,1,5054.99,26.0,2025-03-13,1,1,0,Medium
C001256,10848,IND,Manufacturing,5712.08,3,175,0,0.85,747.9,Very Good,4,Portal,0,0,DCA-04,2025-11-10,23,2025-12-03,In Progress,0,0.0,,,0,0,0,Low
C001257,12219,NA,Healthcare,13446.15,3,188,0,0.998,689.2,Good,3,In-person,0,1,DCA-05,2025-02-22,24,2025-03-18,PTP,0,0.0,,,0,0,1,Medium
C001258,15554,NA,Logistics,30997.59,3,19,0,0.971,730.0,Good,2,Email,0,0,DCA-09,2025-08-18,30,2025-09-17,Closed,1,29684.98,33.0,2025-09-20,0,1,0,Medium
C001259,15404,IND,Technology,8764.81,1,246,0,0.893,568.4,Poor,5,Email,0,0,DCA-08,2025-12-23,7,2025-12-30,Escalated,0,0.0,,,0,0,1,Medium
C001260,18020,MEA,Energy,9569.29,5,144,1,0.908,658.9,Fair,0,Email,0,0,DCA-06,2025-07-08,28,2025-08-05,In Progress,0,0.0,,,0,0,0,Low
C001261,12660,NA,Technology,11484.89,5,40,0,0.99,712.7,Good,1,Phone,0,0,DCA-08,2026-01-19,18,2026-02-06,Closed,1,9730.59,42.0,2026-03-02,0,1,0,High
C001262,19247,NA,Aviation,19949.91,5,334,1,0.845,552.1,Poor,6,Email,0,0,DCA-04,2025-06-07,7,2025-06-14,Escalated,0,0.0,,,0,0,1,Low
C001263,14444,IND,Logistics,9563.05,5,130,0,0.736,687.1,Good,3,Phone,0,0,DCA-05,2025-10-21,29,2025-11-19,In Progress,0,0.0,,,0,0,0,Medium
C001264,18225,NA,Technology,9196.77,1,85,1,0.971,746.8,Very Good,0,Portal,0,0,DCA-01,2025-04-11,16,2025-04-27,In Progress,0,0.0,,,0,0,0,Medium
C001265,12383,APAC,FMCG,5209.42,7,180,1,0.781,611.2,Fair,3,SMS,0,0,DCA-01,2025-05-25,22,2025-06-16,In Progress,0,0.0,,,0,0,0,Medium
C001266,10369,IND,Logistics,8953.46,4,347,1,0.677,527.2,Poor,6,Phone,1,1,DCA-02,2025-08-20,29,2025-09-18,Escalated,0,0.0,,,0,0,1,Low
C001267,10550,LATAM,Logistics,30461.63,5,301,1,0.951,619.1,Fair,5,Email,0,1,DCA-08,2025-05-26,22,2025-06-17,PTP,0,0.0,,,0,0,1,Low
C001268,13727,IND,Healthcare,14237.69,1,37,0,0.951,636.1,Fair,2,Email,0,0,DCA-10,2025-02-03,30,2025-03-05,Closed,1,12731.57,49.0,2025-03-24,0,1,0,Medium
C001269,19531,NA,Aviation,7959.34,6,250,0,0.886,731.1,Good,4,Email,1,1,DCA-07,2025-05-23,14,2025-06-06,Escalated,0,0.0,,,0,0,1,Low
C001270,10486,APAC,Logistics,31738.98,5,242,0,0.911,694.1,Good,5,Email,0,0,DCA-01,2025-10-03,24,2025-10-27,Closed,1,26860.76,61.0,2025-12-03,0,0,0,Low
C001271,13689,NA,Retail,8869.29,3,323,2,0.591,547.6,Poor,4,SMS,1,1,DCA-07,2025-07-02,9,2025-07-11,Escalated,0,0.0,,,0,0,1,Low
C001272,11092,APAC,Finance,36097.14,7,352,1,0.58,565.7,Poor,4,Portal,0,0,DCA-03,2025-07-12,13,2025-07-25,Escalated,0,0.0,,,0,0,1,Low
C001273,19315,IND,Logistics,35686.4,5,272,5,0.766,563.3,Poor,4,Portal,0,0,DCA-09,2025-03-13,12,2025-03-25,Escalated,0,0.0,,,0,0,1,Low
C001274,16753,IND,FMCG,13893.94,7,239,0,0.911,658.8,Fair,4,Portal,0,0,DCA-08,2025-09-07,17,2025-09-24,Escalated,0,0.0,,,0,0,1,Low
C001275,17626,NA,Retail,4679.82,6,129,0,0.776,729.3,Good,1,Email,0,0,DCA-04,2025-07-08,9,2025-07-17,In Progress,0,0.0,,,0,0,0,Medium
C001276,17132,EU,Retail,66346.77,2,328,1,0.938,523.9,Poor,9,Phone,0,0,DCA-05,2025-01-13,13,2025-01-26,Escalated,0,0.0,,,0,0,1,Low
C001277,16570,APAC,Technology,17519.91,7,344,2,0.713,594.4,Fair,2,Email,0,1,DCA-08,2025-09-19,8,2025-09-27,PTP,0,0.0,,,0,0,1,Low
C001278,17737,EU,Manufacturing,10649.62,6,361,0,0.717,546.5,Poor,4,Email,0,0,DCA-10,2025-05-28,13,2025-06-10,Escalated,0,0.0,,,0,0,1,Low
C001279,10081,NA,Retail,26089.53,2,348,0,0.827,663.4,Fair,3,Email,0,1,DCA-03,2025-02-07,8,2025-02-15,Closed,1,24763.86,47.0,2025-03-26,0,1,0,Medium
C001280,18654,IND,Retail,21842.48,6,234,2,0.801,494.1,Poor,6,Phone,0,0,DCA-08,2025-06-07,13,2025-06-20,Escalated,0,0.0,,,0,0,1,Low
C001281,17398,IND,Aviation,33444.98,4,349,0,0.708,606.9,Fair,2,Phone,0,0,DCA-07,2025-07-21,27,2025-08-17,Escalated,0,0.0,,,0,0,1,Low
C001282,17394,NA,Logistics,8403.1,7,285,1,0.759,576.5,Poor,2,Portal,0,0,DCA-03,2025-08-17,23,2025-09-09,Escalated,0,0.0,,,0,0,1,Low
C001283,13934,IND,Manufacturing,16696.12,2,88,1,0.75,684.1,Good,0,Email,1,0,DCA-03,2025-08-12,8,2025-08-20,Closed,1,12146.13,70.0,2025-10-21,0,0,0,Medium
C001284,18008,IND,FMCG,5824.86,2,12,0,0.753,684.3,Good,2,Phone,1,0,DCA-02,2025-12-23,23,2026-01-15,Dispute,0,0.0,,,0,0,0,Low
C001285,13818,EU,Technology,21299.4,3,357,0,0.943,655.7,Fair,3,Phone,0,0,DCA-02,2025-07-11,29,2025-08-09,Closed,1,21299.4,79.0,2025-09-28,0,0,0,Low
C001286,10489,LATAM,Automotive,13146.86,4,156,2,0.752,615.2,Fair,2,SMS,1,0,DCA-04,2025-10-11,20,2025-10-31,Closed,1,13146.86,66.0,2025-12-16,0,0,1,Low
C001287,19078,APAC,Healthcare,16263.95,5,318,3,0.635,504.5,Poor,11,Phone,1,1,DCA-02,2025-09-28,14,2025-10-12,Escalated,0,0.0,,,0,0,1,Low
C001288,12345,NA,Healthcare,12058.86,2,105,0,0.894,690.1,Good,3,Email,0,0,DCA-03,2025-11-15,29,2025-12-14,Closed,1,10679.04,47.0,2026-01-01,0,1,0,Medium
C001289,11019,NA,Finance,11207.16,5,132,0,0.908,693.0,Good,0,Phone,0,1,DCA-04,2025-12-20,29,2026-01-18,PTP,0,0.0,,,0,0,0,Low
C001290,16218,LATAM,Technology,7275.28,1,301,1,0.924,673.5,Good,2,Email,0,0,DCA-06,2025-10-27,25,2025-11-21,Escalated,0,0.0,,,0,0,1,Low
C001291,12336,NA,FMCG,23232.35,3,192,0,1.0,712.4,Good,4,Email,0,0,DCA-05,2026-01-25,16,2026-02-10,Escalated,0,0.0,,,0,0,1,Medium
C001292,18581,IND,Retail,37903.28,5,247,0,0.628,510.1,Poor,5,Email,1,0,DCA-04,2025-03-19,17,2025-04-05,Escalated,0,0.0,,,0,0,1,Low
C001293,14437,MEA,Healthcare,9048.3,2,117,0,0.895,735.9,Good,3,Phone,0,0,DCA-02,2025-10-18,13,2025-10-31,Closed,1,6272.1,59.0,2025-12-16,0,1,0,Medium
C001294,10045,LATAM,Technology,19682.37,4,224,0,0.996,684.2,Good,2,Portal,0,0,DCA-06,2025-07-22,26,2025-08-17,Escalated,0,0.0,,,0,0,1,Low
C001295,19517,APAC,Technology,18079.4,5,178,1,1.0,709.1,Good,2,Email,0,0,DCA-09,2025-04-30,27,2025-05-27,In Progress,0,0.0,,,0,0,0,Low
C001296,15146,LATAM,Technology,13435.67,2,340,0,1.0,653.0,Fair,3,Phone,0,0,DCA-07,2025-10-18,12,2025-10-30,Escalated,0,0.0,,,0,0,1,Low
C001297,12629,IND,Logistics,4588.84,7,180,0,1.0,837.8,Excellent,5,Email,1,1,DCA-06,2026-01-21,17,2026-02-07,Closed,1,4348.71,36.0,2026-02-26,0,1,1,Medium
C001298,16772,APAC,Healthcare,5371.6,6,33,0,0.657,640.1,Fair,2,Email,1,0,DCA-04,2025-07-31,16,2025-08-16,Dispute,0,0.0,,,0,0,0,Low
C001299,15306,EU,Aviation,7733.47,7,269,5,0.698,451.9,Poor,3,Phone,0,0,DCA-06,2025-11-02,25,2025-11-27,Escalated,0,0.0,,,0,0,1,Low
C001300,10296,MEA,Healthcare,2989.01,4,348,1,0.835,650.8,Fair,2,SMS,0,1,DCA-07,2026-01-11,8,2026-01-19,PTP,0,0.0,,,0,0,1,Low
C001301,17596,EU,Energy,35797.08,3,322,0,1.0,700.6,Good,4,Email,0,0,DCA-03,2025-01-10,16,2025-01-26,Escalated,0,0.0,,,0,0,1,Low
C001302,14013,IND,Healthcare,17281.51,7,37,2,0.824,641.7,Fair,3,Email,0,1,DCA-10,2025-07-24,28,2025-08-21,Closed,1,17281.51,19.0,2025-08-12,1,1,0,Medium
C001303,16998,APAC,Automotive,13082.45,6,364,0,1.0,636.9,Fair,4,Portal,0,0,DCA-01,2026-01-26,20,2026-02-15,Escalated,0,0.0,,,0,0,1,Low
C001304,18956,EU,Manufacturing,2883.72,6,127,2,0.676,604.4,Fair,1,Phone,0,0,DCA-04,2025-08-05,13,2025-08-18,In Progress,0,0.0,,,0,0,0,Low
C001305,16106,NA,Aviation,3726.74,2,304,0,0.854,638.8,Fair,4,Email,0,1,DCA-10,2025-03-03,29,2025-04-01,Closed,1,3669.49,41.0,2025-04-13,0,1,0,Low
C001306,16716,EU,Manufacturing,13337.85,7,230,0,0.839,748.7,Very Good,5,Email,0,1,DCA-09,2025-02-17,9,2025-02-26,Closed,1,13056.95,43.0,2025-04-01,0,1,0,Medium
C001307,12546,APAC,Technology,53068.72,4,355,0,0.872,623.5,Fair,6,In-person,0,0,DCA-01,2025-05-01,17,2025-05-18,Closed,1,45090.08,69.0,2025-07-09,0,0,0,Low
C001308,12376,NA,Finance,8192.29,6,125,1,0.737,615.5,Fair,3,In-person,0,0,DCA-04,2025-02-01,25,2025-02-26,In Progress,0,0.0,,,0,0,0,Low
C001309,14150,IND,Manufacturing,24456.68,6,222,2,0.9,694.2,Good,4,Phone,0,1,DCA-07,2025-03-06,16,2025-03-22,PTP,0,0.0,,,0,0,1,Low
C001310,18527,LATAM,Aviation,9547.82,1,249,1,0.74,618.9,Fair,5,Email,0,0,DCA-06,2025-01-24,29,2025-02-22,Escalated,0,0.0,,,0,0,1,Low
C001311,15241,IND,Finance,13886.43,1,57,1,0.877,756.9,Very Good,5,SMS,0,1,DCA-10,2025-06-07,26,2025-07-03,Closed,1,13886.43,44.0,2025-07-21,0,1,0,Medium
C001312,13480,NA,Aviation,31265.76,1,283,0,1.0,671.0,Good,6,Phone,0,0,DCA-08,2025-03-01,27,2025-03-28,Escalated,0,0.0,,,0,0,1,Low
C001313,17796,APAC,Logistics,10486.39,5,53,0,0.916,704.7,Good,2,Email,0,1,DCA-07,2025-03-07,18,2025-03-25,PTP,0,0.0,,,0,0,0,High
C001314,18533,APAC,Technology,8241.41,7,302,0,1.0,782.7,Very Good,7,Email,0,0,DCA-07,2025-09-23,14,2025-10-07,Closed,1,7958.76,53.0,2025-11-15,0,1,0,Low
C001315,19025,MEA,Technology,36049.54,1,46,1,1.0,696.7,Good,4,Email,0,0,DCA-10,2025-02-15,24,2025-03-11,In Progress,0,0.0,,,0,0,0,Medium
C001316,12989,APAC,Manufacturing,13792.64,1,66,1,0.69,622.9,Fair,0,Email,0,1,DCA-06,2025-03-12,30,2025-04-11,Closed,1,11446.79,46.0,2025-04-27,0,1,0,Medium
C001317,17096,EU,Logistics,28676.8,4,181,0,0.803,632.7,Fair,1,Phone,0,0,DCA-01,2025-07-06,20,2025-07-26,Escalated,0,0.0,,,0,0,1,Low
C001318,15903,IND,Logistics,8269.47,3,67,0,0.605,669.6,Fair,3,SMS,0,1,DCA-08,2025-02-12,13,2025-02-25,PTP,0,0.0,,,0,0,0,Medium
C001319,14489,MEA,Logistics,35763.1,1,28,1,0.809,662.0,Fair,2,In-person,0,0,DCA-06,2025-01-07,29,2025-02-05,In Progress,0,0.0,,,0,0,0,Low
C001320,13969,APAC,Technology,16180.13,5,20,1,0.924,621.0,Fair,3,In-person,1,0,DCA-09,2025-08-31,12,2025-09-12,Dispute,0,0.0,,,0,0,0,Low
C001321,11145,IND,Finance,18112.39,7,105,2,0.695,607.3,Fair,3,Portal,1,0,DCA-05,2025-11-04,10,2025-11-14,Escalated,0,0.0,,,0,0,1,Low
C001322,12748,NA,Healthcare,14649.19,2,179,2,0.613,588.2,Fair,3,Email,0,0,DCA-02,2025-12-06,11,2025-12-17,In Progress,0,0.0,,,0,0,0,Low
C001323,15496,APAC,FMCG,9378.43,1,17,0,0.843,603.5,Fair,4,Phone,0,1,DCA-07,2025-01-05,11,2025-01-16,Closed,1,7988.17,8.0,2025-01-13,1,1,0,Medium
C001324,18865,IND,Energy,13344.0,2,51,2,0.807,646.7,Fair,2,Email,0,0,DCA-10,2025-01-14,7,2025-01-21,In Progress,0,0.0,,,0,0,0,Low
C001325,18663,MEA,Energy,9800.48,2,223,2,1.0,674.5,Good,3,Phone,0,1,DCA-01,2025-01-29,13,2025-02-11,PTP,0,0.0,,,0,0,1,Low
C001326,11875,APAC,Healthcare,26152.03,4,116,1,0.976,724.9,Good,4,Email,0,0,DCA-02,2025-07-19,20,2025-08-08,In Progress,0,0.0,,,0,0,0,Low
C001327,16793,NA,Finance,11589.56,1,276,1,0.679,608.6,Fair,6,Phone,0,1,DCA-03,2025-11-01,28,2025-11-29,PTP,0,0.0,,,0,0,1,Low
C001328,10848,NA,Energy,4686.52,3,306,1,0.762,568.1,Poor,6,Email,0,0,DCA-02,2025-03-17,24,2025-04-10,Escalated,0,0.0,,,0,0,1,Low
C001329,16750,MEA,Retail,4123.28,1,12,0,0.786,677.3,Good,4,Phone,0,0,DCA-06,2025-12-15,24,2026-01-08,In Progress,0,0.0,,,0,0,0,Medium
C001330,13419,APAC,Manufacturing,3989.01,5,346,0,0.954,666.1,Fair,8,SMS,0,0,DCA-01,2025-12-28,21,2026-01-18,Escalated,0,0.0,,,0,0,1,Low
C001331,14498,APAC,Aviation,20590.39,4,249,0,1.0,730.5,Good,4,Email,0,0,DCA-10,2025-11-27,26,2025-12-23,Escalated,0,0.0,,,0,0,1,Low
C001332,17176,APAC,Logistics,5966.69,1,300,2,0.73,538.2,Poor,7,In-person,0,1,DCA-02,2025-06-15,19,2025-07-04,PTP,0,0.0,,,0,0,1,Low
C001333,14248,NA,Automotive,16482.59,1,175,0,0.91,671.8,Good,1,Email,0,1,DCA-01,2025-05-03,25,2025-05-28,PTP,0,0.0,,,0,0,0,Medium
C001334,18074,LATAM,Aviation,14699.99,4,1,0,1.0,833.8,Excellent,2,Email,0,0,DCA-04,2025-09-13,22,2025-10-05,Closed,1,14224.31,42.0,2025-10-25,0,1,0,Medium
C001335,15335,APAC,Automotive,12768.09,5,323,0,0.72,591.9,Fair,4,Phone,0,0,DCA-05,2026-01-01,10,2026-01-11,Escalated,0,0.0,,,0,0,1,Low
C001336,19987,NA,Aviation,18158.31,2,207,0,1.0,740.5,Very Good,2,Phone,1,0,DCA-09,2025-06-21,27,2025-07-18,Escalated,0,0.0,,,0,0,1,Low
C001337,16382,IND,Manufacturing,14925.29,3,14,1,0.917,747.8,Very Good,0,Portal,0,0,DCA-07,2025-07-12,22,2025-08-03,In Progress,0,0.0,,,0,0,0,High
C001338,12963,APAC,Finance,2004.58,5,61,2,0.762,629.6,Fair,0,Phone,0,0,DCA-10,2025-11-20,14,2025-12-04,In Progress,0,0.0,,,0,0,0,Low
C001339,17752,EU,Logistics,10651.57,4,75,2,0.736,529.4,Poor,3,Email,0,1,DCA-04,2025-12-17,26,2026-01-12,PTP,0,0.0,,,0,0,0,Low
C001340,14079,MEA,Logistics,17990.02,1,137,0,1.0,763.2,Very Good,4,Phone,0,0,DCA-01,2025-07-14,18,2025-08-01,Closed,1,15249.28,43.0,2025-08-26,0,1,0,Medium
C001341,15341,IND,Finance,42116.63,3,162,0,0.693,690.4,Good,1,Portal,0,0,DCA-10,2026-01-18,7,2026-01-25,In Progress,0,0.0,,,0,0,0,Low
C001342,11368,EU,Technology,43500.18,2,156,3,0.729,649.3,Fair,3,Email,0,1,DCA-06,2026-01-09,28,2026-02-06,PTP,0,0.0,,,0,0,0,Low
C001343,11193,IND,Aviation,5145.07,7,317,1,0.56,506.2,Poor,7,Email,1,0,DCA-06,2025-09-02,18,2025-09-20,Escalated,0,0.0,,,0,0,1,Low
C001344,15748,LATAM,Energy,10458.73,6,344,0,0.814,645.7,Fair,4,Portal,0,1,DCA-05,2025-05-22,13,2025-06-04,PTP,0,0.0,,,0,0,1,Low
C001345,11866,EU,Automotive,4463.64,3,248,1,0.842,724.7,Good,3,Portal,0,0,DCA-02,2025-12-18,18,2026-01-05,Escalated,0,0.0,,,0,0,1,Low
C001346,19975,MEA,Retail,38712.57,2,231,2,0.775,561.5,Poor,2,Portal,0,1,DCA-04,2025-10-12,8,2025-10-20,PTP,0,0.0,,,0,0,1,Low
C001347,18556,LATAM,Healthcare,27146.39,1,315,0,0.979,610.7,Fair,2,Email,0,1,DCA-04,2025-05-19,28,2025-06-16,PTP,0,0.0,,,0,0,1,Low
C001348,17008,IND,Logistics,17075.7,6,98,2,0.712,616.9,Fair,2,SMS,0,0,DCA-04,2025-02-05,14,2025-02-19,In Progress,0,0.0,,,0,0,0,Low
C001349,17346,IND,Aviation,15006.92,7,204,0,1.0,697.6,Good,5,Email,0,1,DCA-03,2025-08-29,16,2025-09-14,Closed,1,14726.7,36.0,2025-10-04,0,1,0,Medium
C001350,15952,LATAM,FMCG,35117.04,2,234,0,0.91,585.6,Fair,7,Phone,0,1,DCA-06,2025-03-06,22,2025-03-28,PTP,0,0.0,,,0,0,1,Low
C001351,10602,LATAM,Manufacturing,31192.33,5,104,0,1.0,732.9,Good,7,Email,0,1,DCA-08,2025-05-09,18,2025-05-27,PTP,0,0.0,,,0,0,0,Medium
C001352,13923,NA,Healthcare,30050.4,2,347,0,1.0,680.8,Good,7,Phone,0,0,DCA-10,2025-07-29,8,2025-08-06,Escalated,0,0.0,,,0,0,1,Low
C001353,14958,IND,Automotive,18392.09,7,86,0,0.67,672.7,Good,4,Portal,0,0,DCA-02,2025-11-30,17,2025-12-17,Closed,1,13291.25,54.0,2026-01-23,0,1,0,Medium
C001354,19152,IND,Automotive,10462.37,3,22,2,0.862,732.3,Good,4,Email,0,0,DCA-09,2025-04-13,11,2025-04-24,In Progress,0,0.0,,,0,0,0,Medium
C001355,12194,IND,Retail,22856.42,1,118,2,0.762,649.2,Fair,2,Email,0,1,DCA-04,2025-11-13,14,2025-11-27,PTP,0,0.0,,,0,0,0,Low
C001356,14969,EU,Manufacturing,23652.62,7,298,0,0.819,642.5,Fair,6,Phone,0,0,DCA-06,2025-01-24,17,2025-02-10,Escalated,0,0.0,,,0,0,1,Low
C001357,13440,APAC,Logistics,11690.76,7,137,2,0.713,646.1,Fair,5,SMS,0,1,DCA-02,2025-09-26,9,2025-10-05,PTP,0,0.0,,,0,0,0,Low
C001358,11343,IND,Finance,10447.58,3,79,0,0.696,571.8,Poor,2,Phone,0,1,DCA-02,2025-04-08,16,2025-04-24,Closed,1,9823.39,21.0,2025-04-29,1,1,0,Medium
C001359,11030,MEA,Retail,29534.65,7,318,3,0.742,555.7,Poor,6,SMS,0,1,DCA-09,2025-09-13,11,2025-09-24,PTP,0,0.0,,,0,0,1,Low
C001360,13653,EU,FMCG,42825.17,2,56,0,1.0,850.0,Excellent,5,In-person,0,0,DCA-06,2025-04-17,29,2025-05-16,Closed,1,35094.24,53.0,2025-06-09,0,1,0,Medium
C001361,10824,NA,FMCG,7906.36,2,58,1,0.917,726.6,Good,2,Phone,0,0,DCA-03,2025-07-01,17,2025-07-18,Closed,1,6986.47,53.0,2025-08-23,0,1,0,Medium
C001362,10671,IND,Energy,11110.39,4,328,0,0.795,564.1,Poor,4,Phone,0,1,DCA-10,2025-09-04,19,2025-09-23,PTP,0,0.0,,,0,0,1,Low
C001363,13508,LATAM,Manufacturing,17079.82,5,117,1,1.0,647.1,Fair,3,Phone,0,0,DCA-09,2025-01-27,8,2025-02-04,Closed,1,14155.47,53.0,2025-03-21,0,1,0,Medium
C001364,12019,IND,Manufacturing,18781.34,3,1,5,0.665,664.0,Fair,1,Email,0,0,DCA-04,2025-03-07,28,2025-04-04,In Progress,0,0.0,,,0,0,0,Low
C001365,15548,NA,Technology,9268.19,6,158,0,0.669,671.4,Good,3,Email,0,1,DCA-02,2025-12-09,9,2025-12-18,PTP,0,0.0,,,0,0,0,Low
C001366,10176,LATAM,Automotive,49934.35,6,270,0,0.785,644.4,Fair,2,Email,0,0,DCA-04,2026-01-02,16,2026-01-18,Escalated,0,0.0,,,0,0,1,Low
C001367,13018,IND,Aviation,17952.18,1,276,1,0.905,684.8,Good,3,Phone,0,0,DCA-07,2025-07-29,22,2025-08-20,Escalated,0,0.0,,,0,0,1,Low
C001368,14532,LATAM,Healthcare,19379.45,7,32,1,0.941,703.9,Good,1,Email,0,0,DCA-04,2025-04-24,20,2025-05-14,In Progress,0,0.0,,,0,0,0,Low
C001369,19631,APAC,FMCG,45762.44,2,103,3,0.786,613.6,Fair,2,Email,0,0,DCA-05,2025-04-20,20,2025-05-10,In Progress,0,0.0,,,0,0,0,Low
C001370,16345,EU,Finance,9756.19,4,225,0,1.0,654.8,Fair,1,Phone,0,1,DCA-10,2026-01-16,20,2026-02-05,PTP,0,0.0,,,0,0,1,Low
C001371,18807,NA,FMCG,12557.81,3,241,1,0.845,619.5,Fair,2,Portal,0,0,DCA-10,2025-10-26,15,2025-11-10,Escalated,0,0.0,,,0,0,1,Low
C001372,13432,NA,Finance,5556.23,4,227,0,0.78,588.3,Fair,3,Email,0,0,DCA-05,2025-06-17,10,2025-06-27,Escalated,0,0.0,,,0,0,1,Low
C001373,14497,EU,Finance,11841.37,1,123,2,0.859,596.7,Fair,4,Portal,0,0,DCA-09,2025-06-30,30,2025-07-30,In Progress,0,0.0,,,0,0,0,Low
C001374,14203,LATAM,Energy,4711.45,3,315,0,0.552,629.1,Fair,3,Email,0,0,DCA-04,2025-10-17,7,2025-10-24,Escalated,0,0.0,,,0,0,1,Low
C001375,18873,IND,Retail,22550.09,1,29,1,0.742,509.3,Poor,2,Phone,0,0,DCA-05,2025-06-23,11,2025-07-04,Closed,1,18873.55,51.0,2025-08-13,0,1,0,Low
C001376,19592,IND,Aviation,17925.83,7,300,1,0.754,567.9,Poor,6,Portal,0,1,DCA-02,2025-09-25,13,2025-10-08,PTP,0,0.0,,,0,0,1,Low
C001377,19623,NA,Energy,11004.41,2,343,1,1.0,652.2,Fair,5,Email,0,0,DCA-03,2025-10-31,13,2025-11-13,Escalated,0,0.0,,,0,0,1,Low
C001378,17519,EU,Healthcare,12452.83,4,250,0,0.676,621.7,Fair,2,Phone,0,1,DCA-07,2025-04-22,8,2025-04-30,Closed,1,10505.27,35.0,2025-05-27,0,1,0,Medium
C001379,15031,NA,Retail,22766.07,2,157,0,0.839,697.3,Good,3,SMS,0,0,DCA-08,2025-10-24,23,2025-11-16,In Progress,0,0.0,,,0,0,0,Low
C001380,15408,EU,Retail,6032.66,2,139,0,0.718,673.3,Good,5,Phone,0,1,DCA-06,2025-06-25,24,2025-07-19,Closed,1,5571.79,19.0,2025-07-14,1,1,0,Medium
C001381,19805,LATAM,Energy,15412.24,3,159,2,0.532,534.9,Poor,10,Email,0,1,DCA-07,2026-01-22,11,2026-02-02,Closed,1,14135.42,26.0,2026-02-17,1,1,0,Medium
C001382,12845,APAC,FMCG,21799.82,7,61,2,0.798,739.2,Good,5,Phone,0,1,DCA-04,2025-04-01,27,2025-04-28,PTP,0,0.0,,,0,0,0,Low
C001383,13467,IND,Retail,3836.85,4,81,0,0.922,658.5,Fair,1,Email,0,1,DCA-10,2025-06-07,14,2025-06-21,Closed,1,3836.85,25.0,2025-07-02,1,1,0,Medium
C001384,18969,NA,Healthcare,21578.58,7,232,1,1.0,716.6,Good,3,Phone,0,0,DCA-07,2025-12-16,15,2025-12-31,Escalated,0,0.0,,,0,0,1,Low
C001385,13863,LATAM,Automotive,4138.78,6,201,1,0.902,685.9,Good,4,Email,0,0,DCA-09,2025-08-10,18,2025-08-28,Escalated,0,0.0,,,0,0,1,Low
C001386,12350,IND,Healthcare,12304.05,4,181,1,0.673,515.8,Poor,2,SMS,0,0,DCA-08,2025-12-17,11,2025-12-28,Closed,1,8885.8,71.0,2026-02-26,0,0,0,Low
C001387,15604,NA,Automotive,5917.24,7,173,0,0.848,673.1,Good,7,Portal,0,1,DCA-05,2025-02-14,26,2025-03-12,PTP,0,0.0,,,0,0,0,Medium
C001388,13253,IND,Healthcare,36383.57,3,29,0,1.0,702.7,Good,1,Email,0,0,DCA-07,2025-05-23,10,2025-06-02,Closed,1,36383.57,34.0,2025-06-26,0,1,0,Medium
C001389,18908,IND,Automotive,5943.27,4,316,1,0.817,594.4,Fair,1,Phone,0,1,DCA-02,2025-12-30,27,2026-01-26,PTP,0,0.0,,,0,0,1,Low
C001390,19090,EU,Technology,4208.52,5,348,0,0.793,625.4,Fair,6,Portal,0,1,DCA-04,2025-06-11,19,2025-06-30,PTP,0,0.0,,,0,0,1,Low
C001391,13060,APAC,Retail,14666.87,5,90,1,0.91,660.9,Fair,3,Phone,0,0,DCA-06,2025-04-29,12,2025-05-11,In Progress,0,0.0,,,0,0,0,Low
C001392,15295,NA,Technology,10000.68,6,115,0,0.721,674.6,Good,3,Portal,0,1,DCA-02,2025-04-30,17,2025-05-17,PTP,0,0.0,,,0,0,0,Medium
C001393,19839,MEA,Energy,4660.03,2,230,0,0.967,635.0,Fair,3,Email,0,1,DCA-09,2025-12-26,26,2026-01-21,Closed,1,4660.03,50.0,2026-02-14,0,1,0,Medium
C001394,17423,LATAM,Healthcare,19304.06,4,1,0,0.994,746.0,Very Good,2,Email,0,0,DCA-04,2025-04-29,29,2025-05-28,In Progress,0,0.0,,,0,0,0,Medium
C001395,12156,NA,Healthcare,3314.13,5,38,1,1.0,794.8,Very Good,2,Email,0,0,DCA-10,2025-02-16,15,2025-03-03,In Progress,0,0.0,,,0,0,0,Medium
C001396,15907,APAC,Manufacturing,6468.06,3,329,1,0.718,609.0,Fair,5,Portal,0,0,DCA-09,2025-02-04,28,2025-03-04,Escalated,0,0.0,,,0,0,1,Low
C001397,16198,IND,Manufacturing,8931.57,7,63,0,0.79,628.5,Fair,4,Phone,1,1,DCA-03,2026-01-20,19,2026-02-08,Dispute,0,0.0,,,0,0,0,Medium
C001398,16534,IND,Energy,23424.92,3,211,3,0.664,481.1,Poor,7,Email,0,0,DCA-01,2025-09-10,29,2025-10-09,Escalated,0,0.0,,,0,0,1,Low
C001399,10250,IND,Retail,33084.75,3,322,1,0.893,615.3,Fair,7,Phone,0,0,DCA-01,2026-01-11,18,2026-01-29,Closed,1,28078.43,80.0,2026-04-01,0,0,0,Low
C001400,12993,NA,Finance,28910.14,3,267,1,1.0,764.6,Very Good,7,Email,0,0,DCA-01,2025-10-31,22,2025-11-22,Escalated,0,0.0,,,0,0,1,Low
C001401,18546,EU,Finance,12000.56,5,99,0,1.0,722.4,Good,2,Portal,0,0,DCA-03,2025-07-06,23,2025-07-29,Closed,1,10142.28,60.0,2025-09-04,0,1,0,Medium
C001402,12413,LATAM,Manufacturing,2442.76,1,56,0,0.366,556.4,Poor,2,Phone,0,0,DCA-01,2025-05-15,27,2025-06-11,In Progress,0,0.0,,,0,0,0,Low
C001403,12996,NA,Energy,17563.83,2,262,0,0.717,583.9,Fair,8,Email,0,0,DCA-05,2025-03-30,18,2025-04-17,Escalated,0,0.0,,,0,0,1,Low
C001404,13224,IND,Automotive,37399.09,6,148,0,0.745,708.8,Good,5,Email,1,0,DCA-06,2025-07-18,26,2025-08-13,Escalated,0,0.0,,,0,0,1,Low
C001405,11773,MEA,FMCG,31686.73,2,353,0,0.854,536.0,Poor,4,Phone,0,0,DCA-08,2025-01-22,11,2025-02-02,Escalated,0,0.0,,,0,0,1,Low
C001406,11554,EU,Logistics,18472.98,1,235,2,1.0,722.9,Good,2,Email,0,0,DCA-09,2025-01-09,14,2025-01-23,Escalated,0,0.0,,,0,0,1,Low
C001407,13470,IND,Retail,5810.07,2,5,1,1.0,778.0,Very Good,1,In-person,1,1,DCA-01,2025-11-28,7,2025-12-05,Dispute,0,0.0,,,0,0,0,Medium
C001408,18743,MEA,Logistics,9249.13,3,92,0,1.0,719.1,Good,5,Portal,0,0,DCA-10,2025-09-06,21,2025-09-27,In Progress,0,0.0,,,0,0,0,Low
C001409,10015,IND,Retail,51723.63,1,271,2,0.879,667.9,Fair,1,Phone,0,1,DCA-06,2025-10-12,18,2025-10-30,Closed,1,49747.2,49.0,2025-11-30,0,1,0,Low
C001410,12832,LATAM,Energy,4955.68,6,256,0,1.0,728.5,Good,3,Phone,0,1,DCA-07,2025-05-09,19,2025-05-28,PTP,0,0.0,,,0,0,1,Low
C001411,10606,IND,Technology,5982.01,1,271,0,0.95,672.2,Good,5,Email,0,0,DCA-03,2025-08-13,17,2025-08-30,Closed,1,3880.08,74.0,2025-10-26,0,0,0,Low
C001412,15614,IND,Energy,25842.77,3,86,1,0.864,764.3,Very Good,1,Email,0,0,DCA-05,2025-02-28,20,2025-03-20,In Progress,0,0.0,,,0,0,0,Medium
C001413,12506,IND,Energy,9879.22,2,91,0,0.932,722.5,Good,4,Email,0,0,DCA-04,2025-07-19,21,2025-08-09,In Progress,0,0.0,,,0,0,0,Medium
C001414,17919,IND,Retail,5841.67,3,77,0,0.567,647.3,Fair,2,Phone,0,1,DCA-04,2025-01-05,17,2025-01-22,PTP,0,0.0,,,0,0,0,Medium
C001415,15850,LATAM,Automotive,38932.31,1,254,0,1.0,752.8,Very Good,6,Email,0,0,DCA-04,2025-07-30,28,2025-08-27,Escalated,0,0.0,,,0,0,1,Low
C001416,17838,IND,FMCG,18448.52,7,5,2,0.776,645.1,Fair,2,SMS,0,0,DCA-02,2025-06-18,12,2025-06-30,Closed,1,17046.06,57.0,2025-08-14,0,1,0,Low
C001417,16349,EU,Energy,10226.52,7,297,1,1.0,708.2,Good,3,SMS,0,1,DCA-04,2025-05-27,19,2025-06-15,PTP,0,0.0,,,0,0,1,Low
C001418,14383,NA,Retail,5990.66,1,103,1,0.637,555.8,Poor,3,In-person,1,0,DCA-08,2025-09-22,26,2025-10-18,Escalated,0,0.0,,,0,0,1,Low
C001419,18609,APAC,Logistics,56004.35,2,178,0,0.964,757.9,Very Good,5,SMS,0,1,DCA-03,2025-08-27,23,2025-09-19,PTP,0,0.0,,,0,0,0,Medium
C001420,14762,NA,Logistics,13133.0,7,90,1,1.0,733.5,Good,5,Phone,0,0,DCA-08,2025-04-05,10,2025-04-15,In Progress,0,0.0,,,0,0,0,Medium
C001421,19499,NA,Retail,35529.89,3,155,2,0.809,609.9,Fair,7,Email,0,1,DCA-05,2025-01-03,22,2025-01-25,PTP,0,0.0,,,0,0,0,Low
C001422,19947,LATAM,Retail,24972.82,1,279,0,0.635,538.9,Poor,2,In-person,0,0,DCA-10,2025-03-08,13,2025-03-21,Escalated,0,0.0,,,0,0,1,Low
C001423,15890,EU,Aviation,9277.7,1,73,2,0.659,640.5,Fair,1,Email,0,1,DCA-04,2025-12-12,18,2025-12-30,PTP,0,0.0,,,0,0,0,Low
C001424,16745,NA,Aviation,9329.54,3,208,0,0.764,634.4,Fair,4,Email,0,1,DCA-10,2025-08-31,26,2025-09-26,PTP,0,0.0,,,0,0,1,Low
C001425,12556,EU,Automotive,36769.37,4,21,0,0.778,683.0,Good,4,Phone,0,0,DCA-01,2025-09-21,17,2025-10-08,In Progress,0,0.0,,,0,0,0,Medium
C001426,18146,APAC,Logistics,37188.77,5,65,0,0.947,685.1,Good,1,In-person,0,0,DCA-01,2025-08-23,28,2025-09-20,In Progress,0,0.0,,,0,0,0,Medium
C001427,16715,APAC,Healthcare,3590.9,2,250,0,0.997,688.6,Good,5,Email,0,0,DCA-03,2025-11-20,20,2025-12-10,Escalated,0,0.0,,,0,0,1,Low
C001428,19025,EU,Manufacturing,19630.63,3,207,0,0.914,743.3,Very Good,7,In-person,0,0,DCA-09,2025-05-01,29,2025-05-30,Escalated,0,0.0,,,0,0,1,Medium
C001429,12670,MEA,Energy,12272.91,2,223,0,0.977,799.8,Very Good,5,Phone,0,1,DCA-08,2025-06-22,22,2025-07-14,PTP,0,0.0,,,0,0,1,Medium
C001430,17875,EU,Technology,6481.28,4,83,1,0.867,655.8,Fair,0,Phone,0,1,DCA-03,2025-12-03,29,2026-01-01,PTP,0,0.0,,,0,0,0,Medium
C001431,14702,MEA,Aviation,16046.12,3,76,0,0.952,754.8,Very Good,5,Phone,1,0,DCA-01,2025-02-16,13,2025-03-01,Dispute,0,0.0,,,0,0,0,Medium
C001432,11851,NA,Healthcare,5194.12,2,155,0,1.0,658.8,Fair,8,Phone,0,0,DCA-09,2025-08-24,10,2025-09-03,Closed,1,4273.33,51.0,2025-10-14,0,1,0,Medium
C001433,11711,NA,Logistics,9638.12,6,47,0,1.0,802.0,Excellent,2,Portal,0,0,DCA-09,2025-11-26,30,2025-12-26,In Progress,0,0.0,,,0,0,0,Medium
C001434,15621,EU,Aviation,7639.35,4,324,2,0.665,634.7,Fair,6,Email,0,1,DCA-03,2025-11-19,19,2025-12-08,PTP,0,0.0,,,0,0,1,Low
C001435,13194,IND,Energy,9415.82,4,98,2,0.808,716.0,Good,4,SMS,0,0,DCA-01,2025-05-21,28,2025-06-18,In Progress,0,0.0,,,0,0,0,Low
C001436,11018,MEA,Aviation,12707.72,1,262,2,0.568,548.9,Poor,5,Phone,1,1,DCA-10,2025-12-31,11,2026-01-11,Escalated,0,0.0,,,0,0,1,Low
C001437,14271,MEA,Aviation,6562.35,1,58,2,0.712,695.6,Good,2,SMS,0,0,DCA-04,2025-04-15,28,2025-05-13,In Progress,0,0.0,,,0,0,0,Low
C001438,16529,NA,Automotive,40184.05,6,238,0,0.766,563.7,Poor,5,Portal,0,0,DCA-03,2025-09-24,18,2025-10-12,Escalated,0,0.0,,,0,0,1,Low
C001439,13189,NA,FMCG,18869.43,7,75,0,0.808,681.5,Good,1,Phone,0,0,DCA-10,2025-03-21,9,2025-03-30,Closed,1,16104.13,55.0,2025-05-15,0,1,0,Medium
C001440,19553,LATAM,Energy,46919.76,5,103,0,0.804,618.3,Fair,10,Email,0,0,DCA-08,2025-04-26,24,2025-05-20,In Progress,0,0.0,,,0,0,0,Medium
C001441,17795,MEA,Retail,11943.52,1,150,0,1.0,711.1,Good,2,SMS,0,1,DCA-02,2025-07-25,20,2025-08-14,Closed,1,11943.52,30.0,2025-08-24,1,1,0,Medium
C001442,15127,APAC,Retail,9098.34,4,46,1,0.837,717.5,Good,2,Email,1,1,DCA-05,2025-09-25,30,2025-10-25,Closed,1,7679.47,36.0,2025-10-31,0,1,0,Medium
C001443,19346,IND,Energy,45747.43,2,46,1,0.962,790.7,Very Good,4,Email,0,0,DCA-05,2025-04-21,22,2025-05-13,Closed,1,38005.03,58.0,2025-06-18,0,1,0,Medium
C001444,14329,IND,Aviation,8913.82,1,275,0,0.735,670.6,Good,4,Phone,0,1,DCA-04,2025-06-16,30,2025-07-16,PTP,0,0.0,,,0,0,1,Low
C001445,11396,NA,Manufacturing,11792.22,1,126,1,0.951,743.1,Very Good,2,Email,0,1,DCA-07,2025-05-31,28,2025-06-28,Closed,1,11460.15,30.0,2025-06-30,1,1,0,Low
C001446,10358,EU,Aviation,22115.48,4,207,0,0.913,718.9,Good,3,Portal,0,1,DCA-02,2025-03-13,20,2025-04-02,PTP,0,0.0,,,0,0,1,Medium
C001447,19380,IND,Healthcare,5617.22,3,236,1,1.0,803.0,Excellent,2,Email,0,0,DCA-05,2025-08-17,22,2025-09-08,Escalated,0,0.0,,,0,0,1,Low
C001448,19597,IND,Logistics,21980.4,4,227,0,0.853,716.4,Good,5,Email,1,0,DCA-06,2025-03-10,16,2025-03-26,Escalated,0,0.0,,,0,0,1,Low
C001449,17392,EU,Manufacturing,20097.34,5,229,2,1.0,582.8,Fair,4,SMS,0,0,DCA-07,2025-07-21,27,2025-08-17,Escalated,0,0.0,,,0,0,1,Low
C001450,11030,IND,FMCG,32484.81,2,355,0,0.845,671.8,Good,5,Email,0,1,DCA-02,2025-03-02,15,2025-03-17,PTP,0,0.0,,,0,0,1,Low
C001451,12936,LATAM,Retail,24910.16,3,230,0,1.0,710.5,Good,5,Phone,0,0,DCA-09,2025-08-10,28,2025-09-07,Closed,1,22582.91,62.0,2025-10-11,0,0,0,Low
C001452,10410,APAC,Retail,33189.37,5,127,2,0.74,531.3,Poor,3,Email,0,1,DCA-06,2025-07-03,20,2025-07-23,PTP,0,0.0,,,0,0,0,Low
C001453,10512,IND,Finance,12365.98,2,104,1,0.964,704.1,Good,4,Phone,0,1,DCA-10,2026-01-23,30,2026-02-22,PTP,0,0.0,,,0,0,0,Medium
C001454,12460,EU,Energy,7303.66,1,292,1,0.818,612.7,Fair,0,Phone,0,0,DCA-04,2025-08-23,9,2025-09-01,Escalated,0,0.0,,,0,0,1,Low
C001455,15721,APAC,Healthcare,58512.16,6,154,2,0.996,605.4,Fair,5,SMS,0,0,DCA-10,2025-09-01,14,2025-09-15,In Progress,0,0.0,,,0,0,0,Low
C001456,10655,APAC,Technology,4588.52,2,204,4,1.0,660.2,Fair,4,Email,0,0,DCA-01,2026-01-20,16,2026-02-05,Escalated,0,0.0,,,0,0,1,Low
C001457,19846,APAC,Manufacturing,4921.86,1,297,0,1.0,757.7,Very Good,8,Portal,1,0,DCA-10,2025-04-27,23,2025-05-20,Escalated,0,0.0,,,0,0,1,Low
C001458,14551,NA,Retail,19842.66,6,86,0,0.897,684.3,Good,2,Email,0,0,DCA-08,2025-09-23,10,2025-10-03,Closed,1,19281.1,53.0,2025-11-15,0,1,0,Medium
C001459,12638,APAC,Retail,41668.06,4,81,0,0.978,743.1,Very Good,0,Phone,1,0,DCA-05,2025-04-18,13,2025-05-01,Dispute,0,0.0,,,0,0,0,Low
C001460,15160,NA,Retail,15255.35,2,20,2,0.416,547.2,Poor,1,Email,0,0,DCA-01,2025-04-02,8,2025-04-10,In Progress,0,0.0,,,0,0,0,Low
C001461,17901,LATAM,FMCG,26890.08,6,27,2,1.0,784.3,Very Good,2,Email,0,1,DCA-09,2025-01-20,14,2025-02-03,Closed,1,24390.07,14.0,2025-02-03,1,1,0,High
C001462,13125,IND,Healthcare,3304.16,2,225,1,1.0,704.4,Good,6,Email,0,0,DCA-05,2025-11-26,30,2025-12-26,Escalated,0,0.0,,,0,0,1,Low
C001463,10475,IND,Logistics,9417.44,5,184,0,0.782,702.5,Good,3,Email,0,0,DCA-07,2025-07-19,28,2025-08-16,Escalated,0,0.0,,,0,0,1,Medium
C001464,10509,APAC,Automotive,3598.37,5,109,0,1.0,725.8,Good,5,Phone,0,1,DCA-05,2026-01-24,14,2026-02-07,PTP,0,0.0,,,0,0,0,High
C001465,18519,APAC,Aviation,23069.98,6,77,1,0.722,600.8,Fair,4,SMS,1,0,DCA-03,2025-02-02,23,2025-02-25,Dispute,0,0.0,,,0,0,0,Low
C001466,11116,LATAM,Aviation,4523.03,6,254,1,0.487,478.9,Poor,7,Email,0,0,DCA-01,2025-06-13,18,2025-07-01,Escalated,0,0.0,,,0,0,1,Low
C001467,16355,IND,Logistics,5461.76,5,32,1,0.827,711.4,Good,3,Email,0,0,DCA-10,2026-01-26,14,2026-02-09,In Progress,0,0.0,,,0,0,0,Low
C001468,13845,IND,Manufacturing,19145.4,1,256,0,1.0,718.5,Good,5,Email,0,0,DCA-03,2025-12-14,23,2026-01-06,Escalated,0,0.0,,,0,0,1,Medium
C001469,17775,MEA,Logistics,28093.04,7,330,0,1.0,749.3,Very Good,6,Phone,0,0,DCA-05,2025-10-31,15,2025-11-15,Escalated,0,0.0,,,0,0,1,Low
C001470,10605,APAC,Healthcare,11952.82,1,166,0,0.927,675.7,Good,4,Email,0,1,DCA-06,2025-10-21,19,2025-11-09,PTP,0,0.0,,,0,0,0,Medium
C001471,18977,EU,Healthcare,19912.85,2,181,0,0.982,659.8,Fair,4,Email,0,0,DCA-08,2025-03-20,8,2025-03-28,Escalated,0,0.0,,,0,0,1,Medium
C001472,16981,NA,Manufacturing,19466.53,4,196,0,0.828,702.7,Good,8,Phone,0,0,DCA-03,2025-05-05,28,2025-06-02,Escalated,0,0.0,,,0,0,1,Low
C001473,14492,NA,Healthcare,11489.64,3,35,1,0.774,652.8,Fair,3,Phone,0,0,DCA-08,2025-10-01,28,2025-10-29,In Progress,0,0.0,,,0,0,0,Low
C001474,12070,EU,FMCG,6208.7,5,229,0,0.876,581.0,Fair,1,Email,0,1,DCA-02,2025-01-03,28,2025-01-31,Closed,1,6208.7,56.0,2025-02-28,0,1,0,Low
C001475,19771,NA,Automotive,19839.38,1,133,3,0.648,616.2,Fair,2,SMS,0,0,DCA-09,2026-01-14,16,2026-01-30,In Progress,0,0.0,,,0,0,0,Low
C001476,13020,MEA,FMCG,20520.24,4,171,1,0.913,652.5,Fair,5,Phone,0,0,DCA-10,2025-10-03,13,2025-10-16,In Progress,0,0.0,,,0,0,0,Low
C001477,14905,NA,Energy,24979.66,3,9,0,1.0,718.8,Good,3,SMS,0,0,DCA-10,2025-12-10,20,2025-12-30,In Progress,0,0.0,,,0,0,0,Medium
C001478,13941,IND,Healthcare,16621.4,5,320,1,0.765,520.8,Poor,4,Email,1,1,DCA-01,2026-01-17,17,2026-02-03,Escalated,0,0.0,,,0,0,1,Low
C001479,12305,EU,Finance,5896.12,4,122,2,0.887,686.4,Good,2,Phone,0,1,DCA-05,2025-09-10,14,2025-09-24,PTP,0,0.0,,,0,0,0,Low
C001480,14166,IND,FMCG,21660.34,6,28,2,0.75,684.3,Good,1,In-person,1,0,DCA-09,2025-02-23,11,2025-03-06,Dispute,0,0.0,,,0,0,0,Low
C001481,11514,NA,Aviation,13346.82,2,285,0,0.681,600.9,Fair,3,Phone,0,1,DCA-08,2025-03-01,15,2025-03-16,PTP,0,0.0,,,0,0,1,Low
C001482,10016,NA,Retail,9528.89,7,357,1,0.879,679.1,Good,3,Email,0,1,DCA-09,2025-12-28,29,2026-01-26,PTP,0,0.0,,,0,0,1,Low
C001483,12899,IND,Energy,10869.92,3,190,1,1.0,678.5,Good,4,SMS,0,0,DCA-08,2025-07-02,24,2025-07-26,Escalated,0,0.0,,,0,0,1,Low
C001484,11120,LATAM,Automotive,8240.53,3,13,0,1.0,748.8,Very Good,2,SMS,0,1,DCA-09,2025-03-23,8,2025-03-31,PTP,0,0.0,,,0,0,0,High
C001485,14147,NA,Finance,24889.23,4,361,1,1.0,616.9,Fair,5,In-person,0,1,DCA-01,2025-02-22,12,2025-03-06,PTP,0,0.0,,,0,0,1,Low
C001486,18627,IND,Energy,4950.88,2,76,1,0.718,632.7,Fair,6,Phone,0,0,DCA-02,2025-08-02,26,2025-08-28,Closed,1,4363.06,56.0,2025-09-27,0,1,0,Medium
C001487,11625,MEA,Retail,6664.56,6,88,2,0.764,628.9,Fair,2,Phone,0,0,DCA-08,2025-08-13,14,2025-08-27,In Progress,0,0.0,,,0,0,0,Medium
C001488,10012,APAC,Logistics,10613.26,2,258,1,0.665,489.7,Poor,5,Email,0,0,DCA-09,2025-08-07,26,2025-09-02,Escalated,0,0.0,,,0,0,1,Low
C001489,11110,MEA,Retail,41341.64,7,121,1,0.75,697.8,Good,3,Phone,0,1,DCA-02,2025-06-07,24,2025-07-01,PTP,0,0.0,,,0,0,0,Low
C001490,15081,LATAM,Retail,27945.08,2,31,0,0.859,635.8,Fair,0,Email,0,0,DCA-09,2025-03-29,28,2025-04-26,In Progress,0,0.0,,,0,0,0,Medium
C001491,12748,NA,Retail,4236.16,7,249,3,0.833,553.3,Poor,5,Portal,0,0,DCA-03,2025-02-20,29,2025-03-21,Escalated,0,0.0,,,0,0,1,Low
C001492,14895,IND,Energy,34404.51,3,96,0,1.0,643.3,Fair,1,Phone,0,0,DCA-07,2025-01-10,22,2025-02-01,In Progress,0,0.0,,,0,0,0,Medium
C001493,10292,IND,Healthcare,34358.14,5,314,0,0.742,600.9,Fair,7,Phone,0,0,DCA-06,2025-03-18,26,2025-04-13,Escalated,0,0.0,,,0,0,1,Low
C001494,13330,LATAM,Energy,5873.43,7,57,0,0.75,613.2,Fair,2,Phone,1,0,DCA-08,2025-03-10,19,2025-03-29,Closed,1,3895.89,60.0,2025-05-09,0,1,0,Medium
C001495,14101,APAC,Energy,2286.96,1,330,3,0.901,584.7,Fair,5,Email,0,0,DCA-05,2025-03-07,28,2025-04-04,Escalated,0,0.0,,,0,0,1,Low
C001496,14313,IND,Technology,12701.11,3,264,2,0.847,665.6,Fair,3,Email,0,0,DCA-02,2025-06-04,21,2025-06-25,Escalated,0,0.0,,,0,0,1,Low
C001497,15511,NA,Aviation,29310.38,7,88,0,0.827,739.4,Good,1,Phone,0,0,DCA-09,2025-07-30,9,2025-08-08,In Progress,0,0.0,,,0,0,0,Medium
C001498,17805,IND,Retail,40695.93,2,211,1,0.799,556.8,Poor,5,Phone,0,1,DCA-10,2025-03-16,11,2025-03-27,PTP,0,0.0,,,0,0,1,Low
C001499,14672,IND,Healthcare,7262.08,1,342,2,0.956,548.5,Poor,3,Portal,0,0,DCA-07,2025-08-07,17,2025-08-24,Escalated,0,0.0,,,0,0,1,Low
C001500,18412,APAC,Finance,45541.78,4,24,1,0.888,660.1,Fair,2,Phone,0,0,DCA-09,2025-09-23,11,2025-10-04,In Progress,0,0.0,,,0,0,0,Low
C001501,15297,LATAM,Retail,2808.62,1,299,2,0.599,506.0,Poor,10,Email,0,0,DCA-01,2025-06-10,11,2025-06-21,Escalated,0,0.0,,,0,0,1,Low
C001502,12603,MEA,Retail,10325.42,7,168,1,1.0,786.4,Very Good,2,Phone,0,0,DCA-06,2025-07-12,26,2025-08-07,Closed,1,9579.98,58.0,2025-09-08,0,1,0,Low
C001503,12290,IND,Aviation,9976.15,7,346,2,0.72,602.5,Fair,6,Phone,0,0,DCA-04,2025-08-22,8,2025-08-30,Escalated,0,0.0,,,0,0,1,Low
C001504,13224,IND,Healthcare,29930.58,2,76,0,0.857,696.5,Good,0,SMS,0,0,DCA-08,2025-05-20,20,2025-06-09,In Progress,0,0.0,,,0,0,0,Low
C001505,15974,MEA,Healthcare,33150.46,2,262,0,1.0,691.5,Good,7,SMS,0,0,DCA-04,2025-05-18,25,2025-06-12,Escalated,0,0.0,,,0,0,1,Low
C001506,12424,IND,Logistics,26054.78,6,353,2,0.481,418.7,Poor,6,Phone,0,1,DCA-01,2025-04-02,29,2025-05-01,PTP,0,0.0,,,0,0,1,Low
C001507,19141,EU,Finance,5190.65,4,126,0,0.467,698.4,Good,6,Portal,0,0,DCA-05,2025-09-13,16,2025-09-29,In Progress,0,0.0,,,0,0,0,Medium
C001508,14798,APAC,Logistics,24436.5,6,40,3,0.932,724.4,Good,1,Email,0,1,DCA-06,2025-09-19,13,2025-10-02,PTP,0,0.0,,,0,0,0,Medium
C001509,18632,IND,Technology,19078.73,7,143,1,0.787,642.2,Fair,3,Portal,0,1,DCA-07,2025-08-12,23,2025-09-04,PTP,0,0.0,,,0,0,0,Medium
C001510,16832,MEA,Automotive,4146.98,3,218,0,1.0,760.9,Very Good,5,Email,1,0,DCA-09,2025-12-19,13,2026-01-01,Closed,1,3298.1,66.0,2026-02-23,0,0,1,Low
C001511,13333,IND,Automotive,3143.49,2,230,0,0.85,715.0,Good,5,Portal,0,0,DCA-10,2025-03-23,9,2025-04-01,Closed,1,2279.1,68.0,2025-05-30,0,0,0,Low
C001512,12282,APAC,Healthcare,27628.21,5,176,2,0.78,585.8,Fair,6,Email,0,0,DCA-08,2025-09-15,19,2025-10-04,In Progress,0,0.0,,,0,0,0,Low
C001513,17439,APAC,Retail,11777.31,5,340,2,0.877,726.8,Good,7,Phone,1,1,DCA-04,2025-04-15,13,2025-04-28,Escalated,0,0.0,,,0,0,1,Low
C001514,13307,NA,Technology,5433.68,4,211,0,1.0,749.2,Very Good,3,SMS,0,1,DCA-10,2025-06-11,8,2025-06-19,Closed,1,5071.35,34.0,2025-07-15,0,1,0,Medium
C001515,12468,LATAM,Automotive,11548.14,3,234,2,0.807,567.0,Poor,5,Phone,0,0,DCA-07,2025-04-22,22,2025-05-14,Escalated,0,0.0,,,0,0,1,Low
C001516,19303,LATAM,Finance,17237.26,2,349,0,0.657,524.4,Poor,6,Email,0,1,DCA-09,2025-01-12,24,2025-02-05,PTP,0,0.0,,,0,0,1,Low
C001517,14826,IND,Healthcare,12606.96,4,342,3,0.725,577.0,Poor,8,SMS,0,0,DCA-05,2025-07-20,29,2025-08-18,Escalated,0,0.0,,,0,0,1,Low
C001518,10485,APAC,FMCG,4508.0,3,125,0,0.92,675.0,Good,0,Email,1,0,DCA-02,2025-11-09,11,2025-11-20,Escalated,0,0.0,,,0,0,1,Medium
C001519,14947,APAC,Logistics,50005.58,4,105,1,0.861,692.5,Good,2,Email,1,0,DCA-07,2026-01-23,25,2026-02-17,Escalated,0,0.0,,,0,0,1,Low
C001520,14607,APAC,Retail,26982.74,1,273,0,0.736,704.1,Good,3,Phone,0,0,DCA-02,2025-07-27,20,2025-08-16,Escalated,0,0.0,,,0,0,1,Low
C001521,18639,IND,Retail,10564.3,7,192,0,1.0,664.5,Fair,1,Phone,0,1,DCA-09,2025-10-11,11,2025-10-22,PTP,0,0.0,,,0,0,1,Low
C001522,17115,LATAM,Energy,10866.43,5,163,0,1.0,744.4,Very Good,3,Email,0,0,DCA-07,2025-01-26,9,2025-02-04,In Progress,0,0.0,,,0,0,0,Medium
C001523,11913,APAC,Automotive,17182.41,7,255,0,0.869,706.0,Good,3,Phone,0,1,DCA-05,2025-01-11,10,2025-01-21,PTP,0,0.0,,,0,0,1,Low
C001524,11504,EU,Automotive,6058.79,6,241,1,0.744,721.9,Good,9,Portal,0,0,DCA-02,2025-10-15,16,2025-10-31,Escalated,0,0.0,,,0,0,1,Low
C001525,16035,IND,Energy,16745.31,5,333,0,1.0,706.0,Good,4,Phone,0,0,DCA-03,2025-07-13,24,2025-08-06,Escalated,0,0.0,,,0,0,1,Medium
C001526,10473,MEA,Retail,5263.16,3,134,4,0.753,671.9,Good,6,Phone,1,0,DCA-03,2025-04-01,20,2025-04-21,Escalated,0,0.0,,,0,0,1,Low
C001527,13190,NA,Retail,12716.12,5,275,1,0.815,662.6,Fair,2,Phone,0,0,DCA-01,2025-07-09,11,2025-07-20,Escalated,0,0.0,,,0,0,1,Low
C001528,11382,NA,Energy,5895.83,4,83,3,0.386,575.2,Poor,3,Email,0,0,DCA-02,2025-04-29,19,2025-05-18,Closed,1,4030.02,66.0,2025-07-04,0,0,0,Low
C001529,10205,APAC,Logistics,6107.92,7,342,0,0.874,655.4,Fair,1,Portal,0,0,DCA-07,2025-04-07,16,2025-04-23,Escalated,0,0.0,,,0,0,1,Low
C001530,19188,LATAM,Manufacturing,42277.31,2,31,2,0.765,749.1,Very Good,2,Email,1,0,DCA-01,2025-09-15,30,2025-10-15,Dispute,0,0.0,,,0,0,0,Low
C001531,10898,EU,Energy,13925.24,1,274,0,0.789,623.5,Fair,6,Phone,0,0,DCA-05,2025-09-21,28,2025-10-19,Escalated,0,0.0,,,0,0,1,Low
C001532,10092,NA,Healthcare,15447.22,1,38,0,0.852,670.5,Good,1,Phone,0,0,DCA-06,2025-03-16,23,2025-04-08,Closed,1,13454.25,64.0,2025-05-19,0,0,0,Medium
C001533,19328,LATAM,Automotive,3268.33,2,321,1,0.767,605.6,Fair,3,SMS,0,0,DCA-03,2025-12-17,24,2026-01-10,Escalated,0,0.0,,,0,0,1,Low
C001534,11883,NA,Retail,8796.41,5,350,1,0.94,580.1,Fair,4,Portal,0,0,DCA-10,2025-05-08,19,2025-05-27,Escalated,0,0.0,,,0,0,1,Low
C001535,18165,APAC,Healthcare,18450.53,2,298,1,0.749,582.9,Fair,7,Phone,0,1,DCA-05,2025-09-06,21,2025-09-27,Closed,1,17136.9,38.0,2025-10-14,0,1,0,Medium
C001536,10312,IND,Energy,15304.4,1,287,0,0.771,605.0,Fair,4,Portal,0,1,DCA-08,2025-10-03,22,2025-10-25,Closed,1,13518.91,49.0,2025-11-21,0,1,0,Medium
C001537,11535,APAC,Retail,2957.74,3,175,0,0.686,686.1,Good,3,Phone,1,0,DCA-03,2025-07-19,28,2025-08-16,Closed,1,2123.78,70.0,2025-09-27,0,0,1,Low
C001538,11106,NA,Energy,15444.32,6,90,1,0.953,757.5,Very Good,7,In-person,0,0,DCA-01,2025-05-05,24,2025-05-29,Closed,1,13838.19,44.0,2025-06-18,0,1,0,Low
C001539,17062,APAC,Retail,17267.67,3,359,0,0.779,615.1,Fair,1,Email,0,0,DCA-01,2026-01-02,26,2026-01-28,Closed,1,13639.56,78.0,2026-03-21,0,0,0,Low
C001540,16201,NA,FMCG,32814.75,2,193,0,1.0,686.0,Good,1,Portal,0,0,DCA-03,2025-02-06,29,2025-03-07,Escalated,0,0.0,,,0,0,1,Low
C001541,14755,IND,FMCG,8445.07,2,298,0,0.973,687.6,Good,4,Phone,0,0,DCA-04,2025-05-21,12,2025-06-02,Escalated,0,0.0,,,0,0,1,Low
C001542,12416,APAC,Automotive,2780.96,6,260,1,0.91,606.4,Fair,1,Portal,0,0,DCA-02,2025-02-09,10,2025-02-19,Escalated,0,0.0,,,0,0,1,Low
C001543,10888,APAC,FMCG,6649.26,4,256,1,0.882,581.4,Fair,1,Phone,0,0,DCA-04,2025-08-23,28,2025-09-20,Escalated,0,0.0,,,0,0,1,Low
C001544,15692,APAC,Logistics,6198.45,3,129,0,0.855,660.6,Fair,8,Phone,0,0,DCA-02,2025-08-02,24,2025-08-26,In Progress,0,0.0,,,0,0,0,Low
C001545,12307,NA,Aviation,22374.93,6,156,1,0.774,605.1,Fair,0,Phone,0,0,DCA-09,2025-06-30,10,2025-07-10,Closed,1,18438.05,54.0,2025-08-23,0,1,0,Low
C001546,15901,EU,Automotive,1994.77,3,161,0,1.0,704.8,Good,5,SMS,1,1,DCA-04,2026-01-30,7,2026-02-06,Escalated,0,0.0,,,0,0,1,Low
C001547,16874,EU,Automotive,9761.0,3,220,1,0.909,709.7,Good,6,Phone,0,1,DCA-08,2025-11-03,16,2025-11-19,PTP,0,0.0,,,0,0,1,Low
C001548,18494,LATAM,Retail,36245.0,6,262,0,0.995,758.8,Very Good,3,Portal,0,1,DCA-10,2025-07-26,7,2025-08-02,PTP,0,0.0,,,0,0,1,Medium
C001549,14939,LATAM,Aviation,13427.35,3,73,1,0.902,645.8,Fair,0,Phone,1,0,DCA-10,2025-11-01,24,2025-11-25,Dispute,0,0.0,,,0,0,0,Low
C001550,10047,NA,Energy,25019.77,4,83,2,1.0,721.6,Good,3,Phone,0,1,DCA-06,2026-01-22,24,2026-02-15,PTP,0,0.0,,,0,0,0,Low
C001551,12806,IND,Finance,4233.32,5,18,2,0.778,549.3,Poor,4,Portal,0,1,DCA-04,2025-09-17,17,2025-10-04,Closed,1,4109.89,32.0,2025-10-19,0,1,0,Medium
C001552,18533,EU,FMCG,4352.94,2,192,1,1.0,698.4,Good,0,Phone,0,1,DCA-10,2025-12-25,20,2026-01-14,PTP,0,0.0,,,0,0,1,Low
C001553,15332,IND,Technology,36536.6,1,244,0,0.92,693.7,Good,0,Phone,0,0,DCA-10,2025-07-19,23,2025-08-11,Escalated,0,0.0,,,0,0,1,Low
C001554,16191,EU,Retail,14340.61,6,77,1,1.0,765.9,Very Good,1,Phone,0,0,DCA-08,2025-12-13,26,2026-01-08,In Progress,0,0.0,,,0,0,0,Low
C001555,14578,APAC,Retail,14361.3,3,260,0,0.798,576.2,Poor,5,SMS,0,1,DCA-06,2025-05-01,27,2025-05-28,PTP,0,0.0,,,0,0,1,Medium
C001556,11627,APAC,Finance,6107.62,3,2,2,0.865,715.1,Good,2,Portal,0,0,DCA-02,2025-06-26,16,2025-07-12,Closed,1,5355.82,52.0,2025-08-17,0,1,0,Low
C001557,18967,MEA,Energy,14336.26,5,316,0,0.733,657.8,Fair,2,Email,0,1,DCA-07,2025-10-16,16,2025-11-01,PTP,0,0.0,,,0,0,1,Low
C001558,17729,EU,Logistics,5989.98,1,252,2,0.379,513.0,Poor,3,Email,0,0,DCA-03,2025-08-12,10,2025-08-22,Escalated,0,0.0,,,0,0,1,Low
C001559,19951,LATAM,Retail,30662.92,1,249,1,0.757,586.7,Fair,6,Email,0,0,DCA-02,2025-05-19,14,2025-06-02,Closed,1,25610.69,67.0,2025-07-25,0,0,0,Low
C001560,18554,APAC,Healthcare,90172.65,3,258,0,0.764,655.7,Fair,3,Email,0,0,DCA-04,2025-09-08,22,2025-09-30,Escalated,0,0.0,,,0,0,1,Low
C001561,12911,MEA,Healthcare,18746.43,7,131,0,0.754,715.1,Good,1,Email,0,1,DCA-04,2025-02-23,25,2025-03-20,PTP,0,0.0,,,0,0,0,Low
C001562,12542,APAC,Retail,8565.84,5,363,0,0.945,535.3,Poor,2,SMS,0,0,DCA-06,2025-01-04,19,2025-01-23,Escalated,0,0.0,,,0,0,1,Low
C001563,12484,IND,Healthcare,2267.51,5,272,0,1.0,602.7,Fair,3,Email,0,0,DCA-04,2025-08-02,12,2025-08-14,Escalated,0,0.0,,,0,0,1,Low
C001564,19187,IND,Finance,4108.75,5,66,0,0.669,569.1,Poor,3,Phone,0,1,DCA-01,2025-01-18,14,2025-02-01,Closed,1,3596.19,26.0,2025-02-13,1,1,0,Medium
C001565,15569,APAC,Finance,39672.09,7,336,0,0.441,566.1,Poor,4,Portal,1,1,DCA-05,2025-01-08,18,2025-01-26,Escalated,0,0.0,,,0,0,1,Low
C001566,14544,NA,Aviation,6500.05,6,270,1,0.883,594.6,Fair,6,Portal,1,1,DCA-04,2026-01-15,18,2026-02-02,Escalated,0,0.0,,,0,0,1,Low
C001567,19682,NA,Healthcare,10305.32,1,114,0,0.847,646.0,Fair,2,Phone,1,0,DCA-06,2025-05-30,29,2025-06-28,Escalated,0,0.0,,,0,0,1,Low
C001568,16034,EU,Aviation,21135.9,4,346,1,0.705,501.1,Poor,3,Email,0,0,DCA-05,2025-06-23,20,2025-07-13,Escalated,0,0.0,,,0,0,1,Low
C001569,19094,LATAM,Healthcare,37707.07,4,91,2,0.886,666.0,Fair,3,Phone,0,0,DCA-04,2025-06-02,26,2025-06-28,In Progress,0,0.0,,,0,0,0,Low
C001570,19846,MEA,Manufacturing,11617.75,2,235,1,0.842,606.6,Fair,0,Portal,0,1,DCA-09,2025-11-27,11,2025-12-08,PTP,0,0.0,,,0,0,1,Medium
C001571,10794,LATAM,Healthcare,10064.13,7,244,3,0.62,504.0,Poor,4,Portal,0,0,DCA-08,2025-06-14,12,2025-06-26,Escalated,0,0.0,,,0,0,1,Low
C001572,13615,NA,FMCG,14046.59,2,351,1,0.601,555.6,Poor,9,Email,0,1,DCA-08,2025-02-18,24,2025-03-14,Closed,1,12017.98,56.0,2025-04-15,0,1,0,Low
C001573,17341,APAC,FMCG,8609.78,6,208,1,0.805,648.3,Fair,2,In-person,0,0,DCA-07,2025-10-29,16,2025-11-14,Closed,1,7405.63,58.0,2025-12-26,0,1,0,Low
C001574,18131,IND,Automotive,8940.32,1,362,1,0.888,609.3,Fair,2,Email,0,1,DCA-09,2025-04-12,21,2025-05-03,PTP,0,0.0,,,0,0,1,Low
C001575,11484,IND,FMCG,17824.27,5,104,0,0.867,681.3,Good,5,Portal,0,0,DCA-07,2025-05-07,16,2025-05-23,Closed,1,16509.29,59.0,2025-07-05,0,1,0,Medium
C001576,13183,LATAM,Technology,15209.93,6,292,0,0.901,662.7,Fair,6,Portal,0,0,DCA-01,2025-01-21,8,2025-01-29,Escalated,0,0.0,,,0,0,1,Low
C001577,15481,NA,Retail,59404.41,4,90,1,0.844,758.2,Very Good,4,Email,1,1,DCA-06,2025-12-14,15,2025-12-29,Dispute,0,0.0,,,0,0,0,Low
C001578,17992,APAC,Aviation,18163.95,1,364,1,0.836,765.0,Very Good,8,Email,0,0,DCA-06,2025-10-29,19,2025-11-17,Escalated,0,0.0,,,0,0,1,Low
C001579,11129,NA,Energy,29905.63,1,278,0,0.911,698.0,Good,3,Phone,0,0,DCA-09,2025-01-29,20,2025-02-18,Escalated,0,0.0,,,0,0,1,Low
C001580,16007,MEA,Manufacturing,6311.32,5,228,0,0.843,725.0,Good,6,Phone,0,0,DCA-06,2025-04-13,13,2025-04-26,Escalated,0,0.0,,,0,0,1,Low
C001581,12964,EU,Manufacturing,19295.17,7,25,0,0.95,769.2,Very Good,2,In-person,0,0,DCA-03,2026-01-09,17,2026-01-26,Closed,1,14890.13,46.0,2026-02-24,0,1,0,Medium
C001582,12163,NA,Logistics,8053.91,5,181,3,0.617,641.9,Fair,0,Phone,1,0,DCA-05,2025-11-09,28,2025-12-07,Escalated,0,0.0,,,0,0,1,Low
C001583,15153,EU,Aviation,17620.48,1,53,0,1.0,668.8,Fair,7,Portal,0,1,DCA-05,2025-05-23,19,2025-06-11,Closed,1,17620.48,21.0,2025-06-13,1,1,0,High
C001584,14140,NA,Manufacturing,21632.68,6,335,1,0.728,642.4,Fair,10,Email,0,1,DCA-06,2025-11-04,17,2025-11-21,PTP,0,0.0,,,0,0,1,Low
C001585,16357,IND,Aviation,13834.33,4,139,0,1.0,725.6,Good,0,In-person,0,0,DCA-03,2025-05-20,14,2025-06-03,In Progress,0,0.0,,,0,0,0,High
C001586,13176,NA,Manufacturing,72050.89,1,303,0,0.968,662.5,Fair,5,SMS,0,0,DCA-04,2025-02-10,10,2025-02-20,Escalated,0,0.0,,,0,0,1,Low
C001587,18232,EU,Technology,36300.47,3,330,0,0.653,586.9,Fair,5,Email,0,0,DCA-10,2025-07-28,30,2025-08-27,Escalated,0,0.0,,,0,0,1,Low
C001588,10781,LATAM,Finance,30457.02,2,41,0,1.0,694.1,Good,6,Email,0,0,DCA-05,2025-04-23,22,2025-05-15,In Progress,0,0.0,,,0,0,0,Medium
C001589,18618,IND,Retail,22811.05,7,277,1,0.969,688.0,Good,2,Email,0,1,DCA-09,2026-01-24,10,2026-02-03,PTP,0,0.0,,,0,0,1,Low
C001590,10298,IND,Healthcare,45906.07,7,111,1,0.851,614.0,Fair,1,Phone,0,0,DCA-10,2025-07-31,13,2025-08-13,In Progress,0,0.0,,,0,0,0,Low
C001591,17358,EU,Technology,4885.96,1,40,3,0.578,631.3,Fair,3,Portal,0,0,DCA-09,2025-04-17,28,2025-05-15,In Progress,0,0.0,,,0,0,0,Low
C001592,13464,NA,Retail,34863.59,5,95,1,0.908,706.5,Good,3,SMS,0,1,DCA-04,2025-11-15,30,2025-12-15,PTP,0,0.0,,,0,0,0,Low
C001593,13833,IND,Aviation,6675.03,1,201,0,0.996,672.1,Good,5,Phone,0,1,DCA-02,2025-12-08,20,2025-12-28,PTP,0,0.0,,,0,0,1,Medium
C001594,10190,APAC,Healthcare,8999.84,4,312,0,0.767,592.6,Fair,4,Phone,0,1,DCA-09,2025-11-12,7,2025-11-19,PTP,0,0.0,,,0,0,1,Low
C001595,17021,APAC,Technology,19790.84,2,252,1,0.813,664.7,Fair,3,Portal,0,0,DCA-07,2026-01-23,26,2026-02-18,Escalated,0,0.0,,,0,0,1,Low
C001596,11654,MEA,Technology,31674.08,6,85,2,0.882,652.2,Fair,1,Phone,0,0,DCA-04,2025-08-01,10,2025-08-11,In Progress,0,0.0,,,0,0,0,Low
C001597,16591,IND,FMCG,5958.04,1,108,1,0.924,702.9,Good,1,SMS,1,0,DCA-09,2025-05-23,22,2025-06-14,Closed,1,4195.8,50.0,2025-07-12,0,1,1,Low
C001598,17251,EU,Retail,9332.13,7,111,0,1.0,796.3,Very Good,2,Email,0,1,DCA-06,2025-10-02,30,2025-11-01,Closed,1,8735.38,30.0,2025-11-01,1,1,0,Medium
C001599,18452,LATAM,Logistics,14303.68,2,268,0,0.985,668.0,Fair,6,Email,1,0,DCA-08,2025-02-12,7,2025-02-19,Escalated,0,0.0,,,0,0,1,Low
C001600,17080,LATAM,Aviation,11725.76,2,189,0,0.802,635.8,Fair,3,Email,0,0,DCA-06,2026-01-06,29,2026-02-04,Escalated,0,0.0,,,0,0,1,Low
C001601,13015,LATAM,FMCG,24290.06,7,9,0,0.798,691.2,Good,0,In-person,0,0,DCA-07,2025-11-18,8,2025-11-26,In Progress,0,0.0,,,0,0,0,High
C001602,17385,APAC,Automotive,148026.91,7,28,0,0.775,692.4,Good,2,SMS,0,0,DCA-04,2025-06-12,8,2025-06-20,In Progress,0,0.0,,,0,0,0,Low
C001603,18259,IND,Manufacturing,17917.34,1,28,0,0.942,711.7,Good,1,Portal,0,0,DCA-04,2025-05-20,20,2025-06-09,In Progress,0,0.0,,,0,0,0,Low
C001604,13171,EU,Technology,7985.34,1,350,2,0.769,621.9,Fair,5,Email,0,0,DCA-08,2025-02-21,16,2025-03-09,Closed,1,6969.25,92.0,2025-05-24,0,0,0,Low
C001605,11241,IND,Healthcare,5390.77,6,184,2,0.72,626.1,Fair,3,Email,0,0,DCA-04,2025-06-30,12,2025-07-12,Escalated,0,0.0,,,0,0,1,Low
C001606,18900,LATAM,FMCG,10639.43,7,179,0,0.89,632.0,Fair,2,Email,0,0,DCA-04,2025-02-23,29,2025-03-24,In Progress,0,0.0,,,0,0,0,Low
C001607,11479,IND,Aviation,6917.61,4,278,1,0.803,636.0,Fair,4,Phone,0,1,DCA-03,2025-02-26,16,2025-03-14,PTP,0,0.0,,,0,0,1,Medium
C001608,15938,IND,Healthcare,18532.57,2,70,0,0.914,680.4,Good,1,In-person,0,0,DCA-08,2025-05-29,13,2025-06-11,In Progress,0,0.0,,,0,0,0,Medium
C001609,12362,LATAM,Aviation,18332.21,2,12,1,0.673,692.1,Good,1,Email,0,0,DCA-09,2025-09-30,25,2025-10-25,Closed,1,15287.33,55.0,2025-11-24,0,1,0,Low
C001610,11260,NA,Retail,9660.32,2,99,4,0.837,600.7,Fair,5,Portal,0,1,DCA-02,2025-02-15,27,2025-03-14,PTP,0,0.0,,,0,0,0,Low
C001611,17764,LATAM,Energy,53608.8,5,76,1,0.709,683.9,Good,1,Email,0,0,DCA-07,2025-03-07,22,2025-03-29,In Progress,0,0.0,,,0,0,0,Medium
C001612,11437,EU,Manufacturing,7983.94,1,291,0,0.754,566.2,Poor,3,Email,0,1,DCA-03,2025-12-15,19,2026-01-03,Closed,1,7445.09,47.0,2026-01-31,0,1,0,Low
C001613,16702,EU,Retail,12288.24,5,298,1,0.918,611.1,Fair,3,Email,0,0,DCA-03,2025-12-23,17,2026-01-09,Escalated,0,0.0,,,0,0,1,Low
C001614,16930,APAC,Energy,20898.11,6,231,1,0.922,671.9,Good,2,Email,0,0,DCA-02,2025-08-02,26,2025-08-28,Escalated,0,0.0,,,0,0,1,Low
C001615,10602,IND,Automotive,24945.24,2,332,2,0.752,557.9,Poor,6,Phone,0,1,DCA-03,2025-03-31,22,2025-04-22,PTP,0,0.0,,,0,0,1,Low
C001616,11729,IND,Technology,32672.98,7,170,1,0.705,622.9,Fair,3,In-person,1,1,DCA-04,2025-10-31,22,2025-11-22,Escalated,0,0.0,,,0,0,1,Low
C001617,17943,IND,Healthcare,18032.8,7,88,1,1.0,697.8,Good,4,In-person,0,0,DCA-03,2025-02-28,30,2025-03-30,Closed,1,14493.5,46.0,2025-04-15,0,1,0,Medium
C001618,15072,NA,Finance,27879.28,3,121,1,0.889,696.7,Good,7,Email,0,1,DCA-02,2026-01-28,26,2026-02-23,PTP,0,0.0,,,0,0,0,Low
C001619,11213,APAC,Aviation,8386.88,1,52,0,0.833,652.7,Fair,0,Phone,0,1,DCA-07,2025-01-25,25,2025-02-19,Closed,1,7464.11,15.0,2025-02-09,1,1,0,High
C001620,19917,NA,Retail,25403.88,3,328,1,0.88,649.6,Fair,4,Phone,0,0,DCA-08,2025-06-09,15,2025-06-24,Closed,1,22821.7,75.0,2025-08-23,0,0,0,Low
C001621,12649,IND,Healthcare,25167.54,2,220,0,0.975,653.5,Fair,2,Email,0,0,DCA-05,2025-05-23,25,2025-06-17,Closed,1,22941.37,61.0,2025-07-23,0,0,0,Medium
C001622,10040,NA,Automotive,38523.38,2,282,1,0.814,649.0,Fair,4,Phone,0,1,DCA-01,2025-11-13,30,2025-12-13,PTP,0,0.0,,,0,0,1,Low
C001623,19241,LATAM,Aviation,4155.11,7,103,0,0.772,658.1,Fair,4,Email,0,0,DCA-06,2026-01-28,23,2026-02-20,Closed,1,2977.48,71.0,2026-04-09,0,0,0,Low
C001624,10165,APAC,Healthcare,7079.59,2,262,0,1.0,805.6,Excellent,6,Email,1,0,DCA-09,2025-10-18,16,2025-11-03,Closed,1,5030.98,81.0,2026-01-07,0,0,1,Low
C001625,15533,EU,Retail,23770.45,3,121,2,0.955,764.2,Very Good,1,In-person,0,1,DCA-07,2025-03-11,7,2025-03-18,PTP,0,0.0,,,0,0,0,Low
C001626,19930,LATAM,Finance,2088.17,6,163,0,1.0,646.6,Fair,2,SMS,0,0,DCA-09,2025-04-11,7,2025-04-18,In Progress,0,0.0,,,0,0,0,Low
C001627,15778,EU,FMCG,18852.57,1,238,0,0.693,655.0,Fair,1,SMS,0,1,DCA-01,2025-01-03,14,2025-01-17,PTP,0,0.0,,,0,0,1,Medium
C001628,15846,EU,Logistics,28053.34,1,358,5,0.892,512.1,Poor,5,Phone,0,0,DCA-03,2025-02-15,25,2025-03-12,Escalated,0,0.0,,,0,0,1,Low
C001629,13881,NA,Healthcare,8924.34,3,204,0,0.961,758.3,Very Good,4,Phone,0,0,DCA-07,2025-04-04,9,2025-04-13,Escalated,0,0.0,,,0,0,1,Medium
C001630,11269,APAC,Healthcare,9885.92,7,259,1,1.0,676.0,Good,9,Phone,0,0,DCA-04,2025-01-04,12,2025-01-16,Closed,1,8635.57,57.0,2025-03-02,0,1,0,Low
C001631,15726,IND,Manufacturing,6298.73,6,217,0,1.0,834.2,Excellent,5,Email,0,0,DCA-02,2025-04-08,15,2025-04-23,Escalated,0,0.0,,,0,0,1,Low
C001632,18973,EU,Retail,9273.51,7,155,1,0.714,676.2,Good,6,In-person,0,1,DCA-10,2025-11-23,9,2025-12-02,PTP,0,0.0,,,0,0,0,Medium
C001633,10911,LATAM,Finance,9463.54,7,340,1,0.74,717.3,Good,10,Phone,1,0,DCA-04,2025-03-21,21,2025-04-11,Escalated,0,0.0,,,0,0,1,Low
C001634,18803,EU,Logistics,8283.42,1,350,0,0.871,566.4,Poor,8,Phone,0,0,DCA-09,2026-01-23,23,2026-02-15,Escalated,0,0.0,,,0,0,1,Low
C001635,14150,EU,Healthcare,7971.48,3,113,2,0.78,618.5,Fair,3,Phone,1,0,DCA-10,2025-03-31,7,2025-04-07,Escalated,0,0.0,,,0,0,1,Low
C001636,15362,APAC,Manufacturing,11051.23,4,327,3,0.75,566.2,Poor,6,In-person,0,1,DCA-01,2025-06-02,25,2025-06-27,PTP,0,0.0,,,0,0,1,Low
C001637,11654,EU,Logistics,10958.02,2,165,0,0.811,652.4,Fair,2,Email,0,0,DCA-10,2025-09-09,10,2025-09-19,In Progress,0,0.0,,,0,0,0,Low
C001638,16217,MEA,Retail,49607.25,7,270,0,1.0,664.7,Fair,5,Portal,0,0,DCA-08,2025-07-30,22,2025-08-21,Escalated,0,0.0,,,0,0,1,Low
C001639,11823,IND,FMCG,10138.25,5,189,0,0.727,593.2,Fair,1,Email,0,1,DCA-08,2025-03-11,8,2025-03-19,PTP,0,0.0,,,0,0,1,Low
C001640,12731,APAC,Manufacturing,16998.92,6,280,0,0.886,638.9,Fair,4,Email,0,0,DCA-02,2025-03-19,12,2025-03-31,Closed,1,14735.12,67.0,2025-05-25,0,0,0,Low
C001641,17216,MEA,Finance,8921.17,2,318,0,1.0,683.9,Good,3,Portal,0,0,DCA-02,2025-04-09,22,2025-05-01,Escalated,0,0.0,,,0,0,1,Low
C001642,10505,EU,Automotive,8842.13,6,155,0,1.0,825.4,Excellent,4,Email,0,0,DCA-05,2025-11-03,12,2025-11-15,Closed,1,7132.69,54.0,2025-12-27,0,1,0,Medium
C001643,14471,APAC,Logistics,4051.9,1,256,0,0.819,565.7,Poor,8,Phone,0,0,DCA-02,2025-09-28,24,2025-10-22,Escalated,0,0.0,,,0,0,1,Low
C001644,15945,LATAM,Healthcare,4447.26,1,185,2,0.817,673.1,Good,3,Phone,0,0,DCA-08,2025-01-09,14,2025-01-23,Escalated,0,0.0,,,0,0,1,Low
C001645,11320,IND,Aviation,5739.35,5,291,4,0.665,580.3,Fair,5,Phone,0,0,DCA-10,2025-04-14,28,2025-05-12,Escalated,0,0.0,,,0,0,1,Low
C001646,12947,MEA,Logistics,15192.97,1,70,1,0.879,617.5,Fair,2,In-person,1,0,DCA-10,2025-02-23,23,2025-03-18,Dispute,0,0.0,,,0,0,0,Low
C001647,13435,EU,Healthcare,28376.64,2,266,0,0.961,681.1,Good,9,Email,0,0,DCA-04,2025-10-23,15,2025-11-07,Escalated,0,0.0,,,0,0,1,Low
C001648,16636,IND,Automotive,3825.08,6,217,0,1.0,764.8,Very Good,3,Email,0,0,DCA-06,2026-01-07,8,2026-01-15,Escalated,0,0.0,,,0,0,1,Low
C001649,19767,IND,Retail,9096.51,4,165,0,0.947,657.8,Fair,4,Email,1,0,DCA-02,2025-01-18,25,2025-02-12,Escalated,0,0.0,,,0,0,1,Low
C001650,18362,APAC,Retail,5131.62,3,135,0,1.0,830.8,Excellent,2,In-person,0,0,DCA-04,2025-05-01,27,2025-05-28,In Progress,0,0.0,,,0,0,0,Low
C001651,11897,LATAM,Finance,11103.39,3,256,1,0.707,616.0,Fair,9,Portal,1,1,DCA-03,2026-01-09,18,2026-01-27,Escalated,0,0.0,,,0,0,1,Low
C001652,10181,MEA,Automotive,28368.61,5,127,0,0.803,548.0,Poor,1,Email,0,0,DCA-06,2025-08-02,30,2025-09-01,In Progress,0,0.0,,,0,0,0,Low
C001653,10519,APAC,FMCG,9771.08,7,12,0,0.72,716.5,Good,1,Phone,0,0,DCA-03,2025-07-04,16,2025-07-20,In Progress,0,0.0,,,0,0,0,Medium
C001654,15957,LATAM,Logistics,12922.67,6,346,1,0.983,648.9,Fair,6,Phone,0,0,DCA-01,2025-06-25,28,2025-07-23,Escalated,0,0.0,,,0,0,1,Low
C001655,11562,MEA,FMCG,36999.51,3,164,0,0.833,676.4,Good,1,In-person,0,0,DCA-03,2025-03-15,10,2025-03-25,Closed,1,32502.49,59.0,2025-05-13,0,1,0,Medium
C001656,12312,EU,Automotive,18407.82,3,60,2,1.0,621.1,Fair,4,Phone,0,0,DCA-02,2025-03-12,17,2025-03-29,Closed,1,14179.33,51.0,2025-05-02,0,1,0,Medium
C001657,18473,NA,Aviation,7847.39,1,83,1,1.0,683.4,Good,3,Portal,0,0,DCA-01,2025-06-02,24,2025-06-26,In Progress,0,0.0,,,0,0,0,Low
C001658,18738,EU,Aviation,14931.68,2,303,2,0.499,513.8,Poor,7,Email,0,0,DCA-05,2025-10-07,19,2025-10-26,Escalated,0,0.0,,,0,0,1,Low
C001659,18390,APAC,Healthcare,7485.44,2,121,1,0.83,737.5,Good,2,Phone,0,0,DCA-07,2025-10-13,19,2025-11-01,Closed,1,7062.48,69.0,2025-12-21,0,0,0,Medium
C001660,12536,IND,Energy,17931.92,3,103,0,0.527,684.1,Good,3,SMS,0,1,DCA-10,2025-12-23,19,2026-01-11,PTP,0,0.0,,,0,0,0,Low
C001661,16196,IND,Retail,19163.03,7,178,0,0.884,775.2,Very Good,6,Email,0,1,DCA-02,2025-08-18,9,2025-08-27,PTP,0,0.0,,,0,0,0,Medium
C001662,16107,LATAM,Aviation,5130.65,7,11,0,0.71,606.4,Fair,4,Phone,0,1,DCA-01,2025-08-12,21,2025-09-02,Closed,1,5072.95,23.0,2025-09-04,1,1,0,High
C001663,11852,NA,Logistics,15102.33,1,204,2,0.531,661.4,Fair,4,Portal,0,1,DCA-08,2025-05-01,7,2025-05-08,PTP,0,0.0,,,0,0,1,Low
C001664,15535,NA,Retail,12304.23,3,15,0,1.0,675.1,Good,1,SMS,0,0,DCA-06,2025-04-15,27,2025-05-12,In Progress,0,0.0,,,0,0,0,Medium
C001665,15252,NA,Healthcare,19560.63,1,305,2,0.922,613.9,Fair,4,Email,0,0,DCA-10,2025-09-29,16,2025-10-15,Escalated,0,0.0,,,0,0,1,Low
C001666,13961,APAC,Finance,23907.39,1,157,0,0.75,611.4,Fair,6,Phone,0,0,DCA-05,2025-12-02,27,2025-12-29,Closed,1,19059.61,62.0,2026-02-02,0,0,0,Medium
C001667,17516,MEA,Logistics,18661.44,3,80,1,0.888,735.2,Good,3,Phone,0,0,DCA-09,2025-11-17,15,2025-12-02,In Progress,0,0.0,,,0,0,0,Low
C001668,16776,IND,FMCG,10805.0,7,166,0,0.963,595.4,Fair,4,Email,0,1,DCA-01,2025-04-27,14,2025-05-11,Closed,1,9718.57,27.0,2025-05-24,1,1,0,Medium
C001669,15326,EU,Energy,25676.49,2,64,0,1.0,703.2,Good,5,Email,1,0,DCA-10,2025-07-17,22,2025-08-08,Dispute,0,0.0,,,0,0,0,Low
C001670,17257,NA,FMCG,7250.72,5,117,1,0.811,694.3,Good,2,Email,0,0,DCA-05,2025-11-19,9,2025-11-28,Closed,1,5354.37,66.0,2026-01-24,0,0,0,Low
C001671,17631,EU,Energy,5300.91,3,48,3,0.587,601.3,Fair,5,In-person,0,0,DCA-09,2025-04-08,19,2025-04-27,In Progress,0,0.0,,,0,0,0,Low
C001672,15669,APAC,Manufacturing,1426.96,4,244,4,0.697,569.9,Poor,4,Phone,0,0,DCA-01,2025-12-05,20,2025-12-25,Escalated,0,0.0,,,0,0,1,Low
C001673,12676,NA,Aviation,12719.62,7,356,0,0.987,671.8,Good,8,Email,0,1,DCA-02,2025-04-14,13,2025-04-27,PTP,0,0.0,,,0,0,1,Low
C001674,17584,IND,Automotive,7516.96,6,177,0,0.876,765.9,Very Good,3,Phone,0,0,DCA-06,2025-12-03,7,2025-12-10,In Progress,0,0.0,,,0,0,0,Low
C001675,17176,LATAM,Finance,17648.89,6,36,0,0.982,709.1,Good,3,Email,0,1,DCA-01,2025-12-02,27,2025-12-29,Closed,1,16319.14,27.0,2025-12-29,1,1,0,High
C001676,19834,IND,Finance,3361.49,3,27,2,0.996,614.7,Fair,3,Portal,0,1,DCA-06,2025-10-12,23,2025-11-04,PTP,0,0.0,,,0,0,0,Medium
C001677,11497,IND,Automotive,8492.81,1,303,0,0.801,684.6,Good,5,Phone,0,1,DCA-03,2025-04-03,25,2025-04-28,Closed,1,8391.9,48.0,2025-05-21,0,1,0,Low
C001678,14192,MEA,Finance,18567.89,7,127,2,0.754,617.1,Fair,8,Phone,0,1,DCA-06,2026-01-14,24,2026-02-07,PTP,0,0.0,,,0,0,0,Low
C001679,19242,IND,Finance,6497.12,7,108,0,0.594,571.0,Poor,2,SMS,1,0,DCA-08,2025-11-07,29,2025-12-06,Escalated,0,0.0,,,0,0,1,Low
C001680,15145,LATAM,Technology,17791.56,7,38,0,0.76,733.0,Good,3,Email,0,0,DCA-07,2025-12-20,23,2026-01-12,In Progress,0,0.0,,,0,0,0,Medium
C001681,19426,EU,Technology,9046.06,4,242,1,0.693,581.7,Fair,4,Phone,0,1,DCA-08,2025-09-03,9,2025-09-12,PTP,0,0.0,,,0,0,1,Low
C001682,10124,NA,FMCG,13056.41,2,23,0,0.799,718.8,Good,2,Email,0,0,DCA-04,2026-01-04,13,2026-01-17,In Progress,0,0.0,,,0,0,0,Medium
C001683,10351,IND,Aviation,20264.19,2,330,0,0.938,562.9,Poor,8,Email,0,0,DCA-08,2025-03-04,22,2025-03-26,Escalated,0,0.0,,,0,0,1,Low
C001684,17960,APAC,Logistics,26028.77,3,76,0,0.985,719.2,Good,4,Email,0,0,DCA-06,2025-06-19,24,2025-07-13,In Progress,0,0.0,,,0,0,0,Medium
C001685,13584,APAC,Finance,14253.31,3,26,3,0.764,582.9,Fair,2,Email,0,0,DCA-06,2025-01-21,26,2025-02-16,In Progress,0,0.0,,,0,0,0,Low
C001686,15202,NA,Retail,7556.72,2,256,1,0.905,681.3,Good,1,Phone,0,1,DCA-07,2025-04-06,14,2025-04-20,Closed,1,7556.72,49.0,2025-05-25,0,1,0,Medium
C001687,14280,NA,Aviation,9695.07,7,129,1,0.782,651.5,Fair,5,Email,0,1,DCA-06,2025-01-08,15,2025-01-23,PTP,0,0.0,,,0,0,0,Medium
C001688,14079,APAC,Finance,20865.84,5,254,0,0.816,645.5,Fair,2,Email,0,0,DCA-05,2026-01-29,17,2026-02-15,Escalated,0,0.0,,,0,0,1,Low
C001689,19394,LATAM,FMCG,6536.27,2,15,0,0.946,736.1,Good,1,Email,0,0,DCA-04,2025-03-07,30,2025-04-06,In Progress,0,0.0,,,0,0,0,Low
C001690,10940,IND,Technology,11794.08,5,314,1,0.973,628.2,Fair,6,Email,0,0,DCA-07,2025-02-25,23,2025-03-20,Escalated,0,0.0,,,0,0,1,Low
C001691,17722,EU,FMCG,10197.33,5,113,1,0.453,582.0,Fair,3,Email,1,0,DCA-03,2025-02-02,24,2025-02-26,Escalated,0,0.0,,,0,0,1,Low
C001692,18896,APAC,Healthcare,12427.25,4,276,4,0.86,631.4,Fair,3,Email,0,0,DCA-01,2025-08-19,14,2025-09-02,Escalated,0,0.0,,,0,0,1,Low
C001693,16574,IND,Retail,6591.28,7,341,0,0.867,655.0,Fair,4,In-person,1,0,DCA-01,2026-01-11,14,2026-01-25,Escalated,0,0.0,,,0,0,1,Low
C001694,13950,MEA,FMCG,3654.22,7,195,0,0.773,600.1,Fair,3,Email,0,0,DCA-09,2025-10-01,28,2025-10-29,Escalated,0,0.0,,,0,0,1,Low
C001695,11600,EU,FMCG,19235.64,4,122,1,0.68,647.0,Fair,5,Phone,0,0,DCA-09,2025-11-24,19,2025-12-13,Closed,1,17001.6,41.0,2026-01-04,0,1,0,Low
C001696,16825,IND,Energy,26236.11,4,114,4,0.392,441.2,Poor,4,SMS,0,0,DCA-10,2025-05-21,14,2025-06-04,In Progress,0,0.0,,,0,0,0,Low
C001697,14687,NA,FMCG,3810.35,2,250,1,0.849,604.5,Fair,4,In-person,0,0,DCA-05,2025-03-03,16,2025-03-19,Escalated,0,0.0,,,0,0,1,Low
C001698,11493,LATAM,Technology,17296.31,6,3,0,0.951,683.7,Good,6,Phone,0,0,DCA-03,2025-04-21,27,2025-05-18,In Progress,0,0.0,,,0,0,0,Medium
C001699,13596,IND,Manufacturing,28516.21,7,54,0,0.537,585.7,Fair,6,Email,0,1,DCA-10,2025-10-13,8,2025-10-21,PTP,0,0.0,,,0,0,0,Medium
C001700,19615,NA,Energy,20274.88,5,236,0,1.0,794.7,Very Good,5,Phone,0,1,DCA-07,2025-02-28,29,2025-03-29,PTP,0,0.0,,,0,0,1,Low
C001701,12653,APAC,Technology,9979.93,2,10,0,0.975,681.5,Good,2,Phone,0,0,DCA-10,2025-07-16,20,2025-08-05,In Progress,0,0.0,,,0,0,0,Medium
C001702,11784,EU,Retail,6901.9,4,106,5,0.551,510.5,Poor,4,Phone,0,0,DCA-04,2025-01-17,15,2025-02-01,In Progress,0,0.0,,,0,0,0,Low
C001703,16819,APAC,Technology,14138.89,6,236,0,0.864,568.9,Poor,7,Email,0,0,DCA-08,2025-02-13,13,2025-02-26,Escalated,0,0.0,,,0,0,1,Low
C001704,11995,EU,Automotive,15890.07,1,92,0,0.81,845.3,Excellent,4,Portal,0,0,DCA-08,2026-01-21,8,2026-01-29,In Progress,0,0.0,,,0,0,0,Medium
C001705,19199,IND,Aviation,14286.43,5,339,1,0.79,678.9,Good,2,Phone,0,1,DCA-07,2025-06-08,27,2025-07-05,PTP,0,0.0,,,0,0,1,Low
C001706,18589,NA,Healthcare,11777.02,5,355,3,0.708,533.9,Poor,2,Email,0,1,DCA-03,2025-06-23,13,2025-07-06,PTP,0,0.0,,,0,0,1,Low
C001707,19835,NA,Technology,6261.3,4,13,0,0.92,714.9,Good,2,In-person,0,0,DCA-09,2025-04-28,9,2025-05-07,Closed,1,5319.01,59.0,2025-06-26,0,1,0,Medium
C001708,19125,NA,Automotive,17959.63,5,64,0,0.879,752.8,Very Good,1,Phone,0,0,DCA-05,2025-04-25,25,2025-05-20,In Progress,0,0.0,,,0,0,0,Medium
C001709,12437,NA,FMCG,18575.49,7,331,1,1.0,655.7,Fair,2,Portal,0,0,DCA-08,2025-09-30,22,2025-10-22,Escalated,0,0.0,,,0,0,1,Low
C001710,12121,LATAM,Technology,15376.19,1,12,0,0.955,687.2,Good,4,Email,0,0,DCA-06,2025-03-15,9,2025-03-24,Closed,1,13826.99,60.0,2025-05-14,0,1,0,Medium
C001711,13426,EU,Logistics,14439.11,4,178,1,0.654,700.6,Good,3,Email,0,0,DCA-02,2025-07-22,17,2025-08-08,In Progress,0,0.0,,,0,0,0,Medium
C001712,14698,IND,Energy,43281.24,6,346,0,0.844,517.9,Poor,3,Email,0,0,DCA-05,2025-04-02,28,2025-04-30,Closed,1,34205.79,81.0,2025-06-22,0,0,0,Low
C001713,18799,IND,Manufacturing,8629.44,6,215,0,0.573,569.7,Poor,3,SMS,0,0,DCA-04,2025-01-17,11,2025-01-28,Escalated,0,0.0,,,0,0,1,Low
C001714,17334,LATAM,Aviation,32761.34,4,112,0,0.835,646.0,Fair,8,In-person,0,0,DCA-10,2025-07-27,21,2025-08-17,In Progress,0,0.0,,,0,0,0,Low
C001715,16444,EU,Manufacturing,7991.89,7,3,0,0.898,781.1,Very Good,1,Portal,0,0,DCA-09,2025-03-13,21,2025-04-03,In Progress,0,0.0,,,0,0,0,Medium
C001716,18783,IND,Energy,29035.24,3,144,0,0.846,763.8,Very Good,5,SMS,0,0,DCA-04,2025-04-07,26,2025-05-03,In Progress,0,0.0,,,0,0,0,Low
C001717,16458,NA,Finance,31677.35,4,198,1,0.901,634.6,Fair,2,SMS,0,0,DCA-07,2025-11-25,12,2025-12-07,Escalated,0,0.0,,,0,0,1,Low
C001718,13790,IND,Energy,10881.99,6,30,0,0.98,753.0,Very Good,3,Email,0,0,DCA-05,2025-04-18,25,2025-05-13,Closed,1,9100.56,28.0,2025-05-16,1,1,0,High
C001719,14130,EU,Automotive,42730.75,4,193,0,1.0,666.2,Fair,4,Phone,0,0,DCA-07,2025-09-12,7,2025-09-19,Escalated,0,0.0,,,0,0,1,Low
C001720,15170,MEA,Energy,18551.86,3,148,0,0.691,663.8,Fair,2,Email,0,1,DCA-05,2026-01-25,25,2026-02-19,Closed,1,17819.24,39.0,2026-03-05,0,1,0,Medium
C001721,10887,MEA,Automotive,7229.39,4,119,0,0.799,715.3,Good,4,Phone,0,0,DCA-04,2025-06-09,7,2025-06-16,Closed,1,5785.69,57.0,2025-08-05,0,1,0,Low
C001722,17417,APAC,Finance,10281.39,5,354,0,0.915,723.6,Good,4,In-person,0,1,DCA-08,2025-08-23,7,2025-08-30,PTP,0,0.0,,,0,0,1,Low
C001723,16527,EU,Manufacturing,29523.26,7,326,0,1.0,623.4,Fair,3,Phone,0,0,DCA-10,2025-02-11,9,2025-02-20,Escalated,0,0.0,,,0,0,1,Low
C001724,17311,EU,Logistics,25492.65,5,253,1,0.89,662.5,Fair,2,Phone,0,0,DCA-01,2025-02-10,24,2025-03-06,Escalated,0,0.0,,,0,0,1,Low
C001725,15339,APAC,Automotive,6370.11,2,216,0,0.789,533.6,Poor,7,Email,0,0,DCA-01,2025-10-23,26,2025-11-18,Escalated,0,0.0,,,0,0,1,Low
C001726,17829,IND,Energy,12118.88,1,173,1,0.848,643.2,Fair,5,Phone,0,0,DCA-06,2025-10-25,23,2025-11-17,In Progress,0,0.0,,,0,0,0,Low
C001727,19497,EU,Technology,15405.29,7,26,1,0.783,657.9,Fair,3,Email,0,0,DCA-08,2025-04-16,29,2025-05-15,In Progress,0,0.0,,,0,0,0,Medium
C001728,15699,LATAM,Healthcare,9364.46,3,112,2,1.0,694.6,Good,4,Portal,0,0,DCA-10,2025-02-01,21,2025-02-22,In Progress,0,0.0,,,0,0,0,Low
C001729,14443,NA,Healthcare,69595.82,2,4,0,1.0,794.9,Very Good,0,SMS,0,0,DCA-03,2025-05-07,30,2025-06-06,Closed,1,64595.35,60.0,2025-07-06,0,1,0,Medium
C001730,11046,NA,Finance,15733.77,2,134,0,0.955,689.2,Good,5,Email,0,0,DCA-05,2025-05-06,27,2025-06-02,In Progress,0,0.0,,,0,0,0,Low
C001731,17786,NA,Aviation,12794.0,1,173,0,0.919,723.1,Good,5,Phone,0,0,DCA-09,2025-05-18,23,2025-06-10,Closed,1,9914.3,73.0,2025-07-30,0,0,0,Medium
C001732,19039,IND,FMCG,30748.48,2,223,1,0.657,642.2,Fair,3,Email,0,0,DCA-04,2025-05-15,19,2025-06-03,Closed,1,25081.46,78.0,2025-08-01,0,0,0,Low
C001733,16994,LATAM,Aviation,10345.95,6,130,0,0.996,769.1,Very Good,1,Email,0,1,DCA-01,2025-12-24,19,2026-01-12,PTP,0,0.0,,,0,0,0,Medium
C001734,18655,IND,Retail,27043.43,5,93,0,0.915,742.1,Very Good,2,Phone,0,0,DCA-09,2025-10-01,20,2025-10-21,Closed,1,21493.87,41.0,2025-11-11,0,1,0,Medium
C001735,18611,MEA,Energy,4157.16,5,259,1,0.824,554.7,Poor,4,Phone,0,0,DCA-03,2025-03-02,13,2025-03-15,Closed,1,4091.75,77.0,2025-05-18,0,0,0,Low
C001736,17980,NA,FMCG,9724.87,1,56,0,0.685,710.4,Good,3,Email,0,1,DCA-10,2025-01-30,19,2025-02-18,PTP,0,0.0,,,0,0,0,Medium
C001737,15028,APAC,Finance,27843.35,5,46,0,1.0,763.2,Very Good,2,Phone,0,0,DCA-03,2026-01-08,8,2026-01-16,In Progress,0,0.0,,,0,0,0,Medium
C001738,10998,IND,Automotive,40100.27,7,254,2,0.542,509.4,Poor,5,Email,1,0,DCA-07,2025-08-17,24,2025-09-10,Escalated,0,0.0,,,0,0,1,Low
C001739,10032,MEA,Technology,7775.19,7,214,1,0.665,655.2,Fair,10,Email,0,0,DCA-10,2025-03-21,30,2025-04-20,Closed,1,5784.56,75.0,2025-06-04,0,0,0,Low
C001740,12043,MEA,Logistics,7166.16,3,317,1,0.743,600.4,Fair,3,Email,0,0,DCA-03,2025-07-28,29,2025-08-26,Escalated,0,0.0,,,0,0,1,Low
C001741,14310,LATAM,Energy,19874.89,5,269,1,0.867,645.2,Fair,5,Phone,0,1,DCA-05,2025-03-22,23,2025-04-14,PTP,0,0.0,,,0,0,1,Low
C001742,17436,EU,Manufacturing,8637.57,3,329,0,0.716,576.7,Poor,2,SMS,0,0,DCA-05,2025-05-13,21,2025-06-03,Escalated,0,0.0,,,0,0,1,Low
C001743,14558,EU,FMCG,11070.02,7,242,0,1.0,686.6,Good,2,Phone,0,1,DCA-06,2025-05-26,18,2025-06-13,PTP,0,0.0,,,0,0,1,Medium
C001744,10231,NA,Aviation,24673.46,7,307,1,0.652,471.4,Poor,5,In-person,0,0,DCA-04,2025-07-10,15,2025-07-25,Escalated,0,0.0,,,0,0,1,Low
C001745,12103,MEA,Logistics,9128.24,2,62,1,0.771,577.1,Poor,4,Phone,0,0,DCA-06,2025-10-02,12,2025-10-14,Closed,1,7267.14,46.0,2025-11-17,0,1,0,Medium
C001746,19792,EU,Automotive,3375.17,4,194,0,0.752,572.9,Poor,4,Phone,0,0,DCA-07,2025-07-04,19,2025-07-23,Closed,1,2760.05,58.0,2025-08-31,0,1,0,Low
C001747,19880,EU,Retail,5373.53,2,344,2,0.65,557.7,Poor,2,Phone,0,0,DCA-04,2025-03-03,24,2025-03-27,Escalated,0,0.0,,,0,0,1,Low
C001748,13771,NA,FMCG,13453.15,5,288,0,0.892,680.0,Good,1,Portal,1,0,DCA-07,2026-01-20,29,2026-02-18,Escalated,0,0.0,,,0,0,1,Low
C001749,18049,IND,Finance,3624.98,3,147,0,0.74,598.4,Fair,3,Phone,0,0,DCA-02,2025-04-27,20,2025-05-17,Closed,1,3000.3,68.0,2025-07-04,0,0,0,Medium
C001750,17193,NA,Technology,10850.73,5,338,0,0.873,685.1,Good,6,SMS,1,0,DCA-03,2025-09-23,11,2025-10-04,Escalated,0,0.0,,,0,0,1,Low
C001751,19312,APAC,Aviation,5041.87,7,114,1,0.839,640.2,Fair,0,Phone,0,1,DCA-01,2025-06-11,20,2025-07-01,PTP,0,0.0,,,0,0,0,Low
C001752,18875,EU,Automotive,42106.5,7,9,0,0.939,850.0,Excellent,3,Portal,0,1,DCA-09,2025-04-27,28,2025-05-25,Closed,1,42106.5,29.0,2025-05-26,1,1,0,High
C001753,16287,NA,Manufacturing,60815.49,2,290,0,1.0,737.0,Good,2,SMS,0,0,DCA-05,2025-08-25,17,2025-09-11,Escalated,0,0.0,,,0,0,1,Low
C001754,13946,IND,Logistics,6369.41,1,151,1,0.875,575.0,Poor,4,Portal,0,0,DCA-03,2025-11-11,26,2025-12-07,In Progress,0,0.0,,,0,0,0,Low
C001755,16266,EU,Energy,15990.2,6,13,0,0.752,733.2,Good,2,Email,1,0,DCA-07,2025-07-07,26,2025-08-02,Dispute,0,0.0,,,0,0,0,Low
C001756,13191,EU,Retail,6820.7,1,75,0,1.0,802.3,Excellent,3,Phone,0,0,DCA-04,2025-06-27,15,2025-07-12,In Progress,0,0.0,,,0,0,0,Medium
C001757,13480,IND,Automotive,10758.8,3,27,1,0.603,546.3,Poor,2,Phone,0,0,DCA-05,2025-08-10,24,2025-09-03,In Progress,0,0.0,,,0,0,0,Low
C001758,16087,APAC,Logistics,47213.19,7,363,2,0.372,524.3,Poor,2,Phone,0,0,DCA-04,2025-02-08,28,2025-03-08,Escalated,0,0.0,,,0,0,1,Low
C001759,15713,LATAM,Logistics,9636.55,4,309,3,0.612,535.9,Poor,6,Email,1,0,DCA-03,2025-03-11,10,2025-03-21,Escalated,0,0.0,,,0,0,1,Low
C001760,15809,IND,Finance,10935.55,1,339,0,1.0,590.4,Fair,8,Portal,0,1,DCA-10,2025-02-25,24,2025-03-21,PTP,0,0.0,,,0,0,1,Low
C001761,13846,EU,Logistics,6906.58,7,67,4,0.942,649.1,Fair,2,Email,0,1,DCA-01,2025-05-18,18,2025-06-05,PTP,0,0.0,,,0,0,0,Low
C001762,14091,APAC,Retail,29802.05,5,292,1,0.911,600.4,Fair,3,Phone,0,0,DCA-04,2025-08-12,29,2025-09-10,Escalated,0,0.0,,,0,0,1,Low
C001763,10101,EU,Automotive,1360.64,3,206,2,0.788,612.1,Fair,7,Phone,0,0,DCA-07,2025-08-04,28,2025-09-01,Escalated,0,0.0,,,0,0,1,Low
C001764,16017,NA,Energy,9799.06,5,108,1,0.916,670.9,Good,4,Phone,0,0,DCA-05,2025-03-06,19,2025-03-25,In Progress,0,0.0,,,0,0,0,Low
C001765,15757,MEA,FMCG,12937.43,5,244,3,0.953,589.5,Fair,6,Portal,0,0,DCA-05,2025-09-26,22,2025-10-18,Escalated,0,0.0,,,0,0,1,Low
C001766,19353,EU,Logistics,8410.58,4,347,1,0.737,599.8,Fair,3,Portal,0,0,DCA-06,2025-11-26,24,2025-12-20,Escalated,0,0.0,,,0,0,1,Low
C001767,15042,NA,Technology,24452.36,7,168,0,0.84,635.8,Fair,5,Phone,0,0,DCA-08,2025-11-15,13,2025-11-28,Closed,1,22935.01,53.0,2026-01-07,0,1,0,Low
C001768,14676,IND,Manufacturing,30989.98,6,11,0,1.0,725.0,Good,1,Email,0,0,DCA-02,2025-03-05,15,2025-03-20,In Progress,0,0.0,,,0,0,0,Medium
C001769,10676,APAC,Healthcare,4971.97,2,307,3,0.948,610.7,Fair,5,Email,0,1,DCA-01,2025-05-10,23,2025-06-02,PTP,0,0.0,,,0,0,1,Low
C001770,11967,NA,Aviation,57840.28,7,69,2,0.834,595.7,Fair,3,Email,0,0,DCA-04,2025-05-27,16,2025-06-12,In Progress,0,0.0,,,0,0,0,Low
C001771,13380,EU,Automotive,4933.08,7,67,1,0.727,611.4,Fair,5,Phone,0,0,DCA-05,2025-02-18,9,2025-02-27,Closed,1,4180.57,38.0,2025-03-28,0,1,0,Low
C001772,13772,MEA,Technology,32926.78,1,225,2,0.996,648.9,Fair,1,Email,0,0,DCA-09,2025-08-08,11,2025-08-19,Escalated,0,0.0,,,0,0,1,Low
C001773,13626,EU,Finance,14837.0,3,291,1,0.619,570.6,Poor,2,Phone,0,0,DCA-01,2025-12-25,14,2026-01-08,Escalated,0,0.0,,,0,0,1,Low
C001774,13941,NA,Finance,9390.08,5,289,1,1.0,707.0,Good,3,Email,0,0,DCA-07,2026-01-29,20,2026-02-18,Escalated,0,0.0,,,0,0,1,Low
C001775,17689,IND,Aviation,10031.08,7,316,2,0.724,569.2,Poor,3,Email,1,1,DCA-04,2025-07-07,22,2025-07-29,Escalated,0,0.0,,,0,0,1,Low
C001776,11311,LATAM,Automotive,13049.97,6,322,0,0.739,650.4,Fair,4,SMS,0,0,DCA-05,2025-01-19,7,2025-01-26,Escalated,0,0.0,,,0,0,1,Low
C001777,13322,APAC,Energy,15458.16,5,47,5,0.316,527.4,Poor,0,In-person,0,0,DCA-06,2025-11-18,13,2025-12-01,In Progress,0,0.0,,,0,0,0,Low
C001778,11628,IND,Logistics,7015.6,3,110,0,0.896,723.4,Good,3,Phone,0,0,DCA-02,2025-09-07,29,2025-10-06,In Progress,0,0.0,,,0,0,0,Medium
C001779,13077,EU,Healthcare,11341.71,1,263,0,0.818,729.3,Good,6,Email,0,0,DCA-02,2025-11-20,11,2025-12-01,Closed,1,10217.35,59.0,2026-01-18,0,1,0,Low
C001780,16845,LATAM,Finance,7789.48,7,143,1,0.789,590.9,Fair,4,Email,0,1,DCA-08,2025-07-16,14,2025-07-30,PTP,0,0.0,,,0,0,0,Medium
C001781,10467,NA,FMCG,5707.09,4,261,3,0.649,693.7,Good,6,Email,0,1,DCA-09,2025-09-10,22,2025-10-02,PTP,0,0.0,,,0,0,1,Low
C001782,13394,EU,Healthcare,7539.28,4,166,3,0.771,507.4,Poor,4,Phone,1,0,DCA-03,2025-06-28,21,2025-07-19,Escalated,0,0.0,,,0,0,1,Low
C001783,10236,NA,Retail,5973.08,7,165,0,0.943,729.9,Good,3,Phone,0,0,DCA-07,2025-04-07,29,2025-05-06,Closed,1,4903.87,54.0,2025-05-31,0,1,0,Medium
C001784,19548,NA,Finance,9955.61,2,10,0,0.75,693.8,Good,4,SMS,0,0,DCA-06,2025-04-05,30,2025-05-05,Closed,1,7723.95,49.0,2025-05-24,0,1,0,Medium
C001785,17272,IND,Finance,18083.09,2,222,0,0.571,590.8,Fair,4,Phone,1,1,DCA-06,2025-11-02,15,2025-11-17,Escalated,0,0.0,,,0,0,1,Low
C001786,12435,EU,Energy,14537.65,6,315,1,0.673,507.2,Poor,8,Email,0,0,DCA-09,2025-01-04,17,2025-01-21,Escalated,0,0.0,,,0,0,1,Low
C001787,11981,NA,Automotive,53212.11,2,298,0,0.699,650.0,Fair,6,Portal,0,0,DCA-06,2025-12-04,13,2025-12-17,Escalated,0,0.0,,,0,0,1,Low
C001788,10989,IND,Automotive,2843.19,7,124,3,0.875,597.0,Fair,5,Portal,0,0,DCA-09,2025-11-16,8,2025-11-24,Closed,1,2279.32,68.0,2026-01-23,0,0,0,Low
C001789,14728,APAC,Retail,18555.82,7,247,1,0.532,586.7,Fair,6,SMS,0,0,DCA-05,2025-10-27,26,2025-11-22,Escalated,0,0.0,,,0,0,1,Low
C001790,17535,NA,Technology,13419.9,1,73,1,0.617,639.5,Fair,5,In-person,0,1,DCA-01,2025-10-25,16,2025-11-10,PTP,0,0.0,,,0,0,0,Low
C001791,15842,EU,Technology,23646.47,4,231,3,0.995,632.6,Fair,3,Portal,0,1,DCA-02,2025-12-01,23,2025-12-24,PTP,0,0.0,,,0,0,1,Low
C001792,18810,NA,Retail,22060.1,6,149,0,0.869,597.8,Fair,4,Phone,0,1,DCA-07,2025-02-13,30,2025-03-15,Closed,1,22060.1,29.0,2025-03-14,1,1,0,High
C001793,13438,APAC,Retail,11902.52,4,338,2,0.874,682.3,Good,1,Portal,0,0,DCA-04,2025-07-17,20,2025-08-06,Escalated,0,0.0,,,0,0,1,Low
C001794,12781,EU,Finance,15075.95,2,259,3,0.814,583.6,Fair,4,SMS,0,0,DCA-05,2025-08-04,29,2025-09-02,Escalated,0,0.0,,,0,0,1,Low
C001795,14780,IND,Retail,7935.9,1,27,1,0.961,719.0,Good,1,Phone,0,1,DCA-08,2025-07-17,17,2025-08-03,Closed,1,7935.9,36.0,2025-08-22,0,1,0,Medium
C001796,12020,LATAM,Aviation,20528.63,1,318,0,0.964,720.5,Good,4,Phone,0,0,DCA-07,2025-05-13,23,2025-06-05,Escalated,0,0.0,,,0,0,1,Medium
C001797,19756,LATAM,Finance,3585.98,2,264,1,0.791,656.5,Fair,1,Phone,0,0,DCA-08,2025-12-10,22,2026-01-01,Escalated,0,0.0,,,0,0,1,Low
C001798,11857,IND,Automotive,23012.17,2,79,0,1.0,729.9,Good,1,Email,0,1,DCA-01,2025-02-12,23,2025-03-07,PTP,0,0.0,,,0,0,0,Medium
C001799,14788,NA,Healthcare,13144.76,3,103,2,0.874,670.7,Good,1,Phone,0,0,DCA-10,2025-05-29,30,2025-06-28,In Progress,0,0.0,,,0,0,0,Low
C001800,15220,APAC,Aviation,9500.09,6,63,1,0.994,676.8,Good,1,Phone,0,0,DCA-04,2025-07-01,18,2025-07-19,In Progress,0,0.0,,,0,0,0,Medium
C001801,10570,LATAM,Manufacturing,11352.88,4,113,0,0.674,691.3,Good,3,Phone,0,0,DCA-08,2025-03-12,19,2025-03-31,In Progress,0,0.0,,,0,0,0,Medium
C001802,14684,APAC,FMCG,11950.91,1,344,2,0.702,560.6,Poor,4,Phone,0,0,DCA-05,2025-01-02,19,2025-01-21,Escalated,0,0.0,,,0,0,1,Low
C001803,14547,NA,Healthcare,33127.29,1,329,2,0.972,657.3,Fair,6,Portal,0,1,DCA-02,2025-11-23,25,2025-12-18,Closed,1,32277.66,44.0,2026-01-06,0,1,0,Low
C001804,12594,EU,Healthcare,128469.34,1,201,0,0.561,548.8,Poor,6,In-person,0,0,DCA-06,2025-07-05,20,2025-07-25,Escalated,0,0.0,,,0,0,1,Low
C001805,11279,NA,Automotive,31379.48,3,132,1,0.6,764.5,Very Good,1,In-person,0,0,DCA-01,2025-01-14,11,2025-01-25,In Progress,0,0.0,,,0,0,0,Low
C001806,10451,EU,Automotive,8993.63,6,134,0,0.926,669.3,Fair,7,Phone,0,0,DCA-01,2025-02-26,16,2025-03-14,In Progress,0,0.0,,,0,0,0,Medium
C001807,10085,APAC,Finance,20761.33,1,349,2,0.9,609.9,Fair,4,Portal,0,0,DCA-03,2025-04-20,7,2025-04-27,Escalated,0,0.0,,,0,0,1,Low
C001808,14814,IND,FMCG,21403.94,3,73,0,1.0,850.0,Excellent,3,Email,0,1,DCA-05,2025-05-20,26,2025-06-15,PTP,0,0.0,,,0,0,0,Medium
C001809,10898,MEA,Healthcare,6991.06,4,276,0,1.0,646.3,Fair,4,Phone,0,0,DCA-03,2025-04-23,20,2025-05-13,Closed,1,6512.0,62.0,2025-06-24,0,0,0,Low
C001810,19593,IND,FMCG,5527.22,2,363,2,0.781,553.7,Poor,8,Email,0,0,DCA-10,2025-05-29,28,2025-06-26,Escalated,0,0.0,,,0,0,1,Low
C001811,12447,IND,Healthcare,12780.85,1,312,0,1.0,691.7,Good,7,Email,1,0,DCA-01,2025-04-05,20,2025-04-25,Escalated,0,0.0,,,0,0,1,Low
C001812,16525,EU,Energy,23515.04,2,262,2,0.732,497.0,Poor,5,SMS,0,0,DCA-09,2025-01-29,27,2025-02-25,Closed,1,17510.47,65.0,2025-04-04,0,0,0,Low
C001813,16734,LATAM,FMCG,4323.13,2,328,0,0.831,499.9,Poor,4,Email,0,1,DCA-05,2026-01-25,27,2026-02-21,PTP,0,0.0,,,0,0,1,Medium
C001814,14955,IND,Automotive,8065.67,6,80,0,0.779,682.2,Good,5,Portal,0,0,DCA-08,2025-09-02,13,2025-09-15,In Progress,0,0.0,,,0,0,0,Medium
C001815,18836,NA,Healthcare,19947.44,7,359,1,0.908,574.9,Poor,6,In-person,0,0,DCA-10,2025-03-18,21,2025-04-08,Escalated,0,0.0,,,0,0,1,Low
C001816,11106,APAC,Technology,13755.67,5,34,2,0.574,613.9,Fair,1,Email,1,0,DCA-06,2025-07-21,11,2025-08-01,Dispute,0,0.0,,,0,0,0,Low
C001817,12340,IND,FMCG,36004.22,6,6,0,0.811,726.7,Good,0,Email,0,0,DCA-05,2025-06-08,15,2025-06-23,In Progress,0,0.0,,,0,0,0,Medium
C001818,12524,APAC,Healthcare,4974.31,6,73,1,0.889,587.8,Fair,2,SMS,1,0,DCA-07,2025-09-18,30,2025-10-18,Dispute,0,0.0,,,0,0,0,Low
C001819,11354,APAC,Manufacturing,69321.85,7,222,0,0.785,697.1,Good,2,Portal,0,0,DCA-10,2025-07-22,18,2025-08-09,Escalated,0,0.0,,,0,0,1,Low
C001820,12947,APAC,Aviation,4552.38,1,91,0,0.878,748.4,Very Good,2,SMS,0,1,DCA-01,2025-11-22,10,2025-12-02,PTP,0,0.0,,,0,0,0,Medium
C001821,13126,NA,FMCG,3227.89,7,231,1,1.0,736.8,Good,3,SMS,0,1,DCA-06,2025-02-26,30,2025-03-28,PTP,0,0.0,,,0,0,1,Low
C001822,17648,NA,Energy,12819.99,4,41,1,0.932,660.1,Fair,2,SMS,0,0,DCA-05,2025-05-08,15,2025-05-23,In Progress,0,0.0,,,0,0,0,Low
C001823,13016,NA,Technology,6038.31,4,254,2,0.623,598.3,Fair,4,Portal,1,1,DCA-09,2025-08-17,24,2025-09-10,Escalated,0,0.0,,,0,0,1,Low
C001824,18767,APAC,Logistics,13002.16,6,84,0,0.804,666.2,Fair,1,Email,0,0,DCA-02,2025-07-19,8,2025-07-27,Closed,1,9372.31,54.0,2025-09-11,0,1,0,Low
C001825,17726,APAC,Technology,12687.74,4,191,0,0.982,716.5,Good,3,In-person,0,0,DCA-07,2025-05-29,9,2025-06-07,Escalated,0,0.0,,,0,0,1,Low
C001826,19016,IND,Finance,11648.8,2,43,0,1.0,768.2,Very Good,1,SMS,0,1,DCA-04,2025-11-03,12,2025-11-15,PTP,0,0.0,,,0,0,0,Low
C001827,11052,IND,Automotive,7407.97,1,354,1,0.682,576.1,Poor,5,Phone,0,0,DCA-08,2025-05-31,29,2025-06-29,Escalated,0,0.0,,,0,0,1,Low
C001828,19845,APAC,Manufacturing,18085.38,2,138,2,0.501,510.6,Poor,5,Phone,0,1,DCA-01,2025-05-20,17,2025-06-06,PTP,0,0.0,,,0,0,0,Low
C001829,16139,IND,Retail,10698.56,1,221,0,0.888,650.3,Fair,4,In-person,0,0,DCA-09,2025-07-07,28,2025-08-04,Closed,1,10294.45,74.0,2025-09-19,0,0,0,Low
C001830,19823,NA,Automotive,28928.0,3,177,0,0.695,650.0,Fair,4,Email,0,0,DCA-01,2025-08-08,8,2025-08-16,In Progress,0,0.0,,,0,0,0,Low
C001831,13548,EU,Logistics,11775.06,6,217,0,0.649,581.6,Fair,3,SMS,0,0,DCA-09,2025-03-13,23,2025-04-05,Escalated,0,0.0,,,0,0,1,Low
C001832,19529,APAC,Aviation,6800.47,3,166,1,0.869,709.9,Good,5,Email,0,0,DCA-05,2025-08-10,20,2025-08-30,In Progress,0,0.0,,,0,0,0,Low
C001833,15886,EU,Automotive,4099.43,5,27,0,0.891,734.7,Good,3,Phone,0,0,DCA-10,2025-04-12,14,2025-04-26,In Progress,0,0.0,,,0,0,0,Medium
C001834,10718,APAC,Finance,11843.37,2,302,0,0.801,688.2,Good,4,Phone,0,1,DCA-01,2025-04-13,17,2025-04-30,Closed,1,11579.81,49.0,2025-06-01,0,1,0,Medium
C001835,14101,NA,Energy,5494.8,5,234,2,0.723,505.6,Poor,3,Email,0,0,DCA-10,2025-09-10,14,2025-09-24,Closed,1,5013.87,63.0,2025-11-12,0,0,0,Low
C001836,11377,MEA,Healthcare,5192.79,7,93,0,1.0,788.4,Very Good,0,Email,0,0,DCA-06,2025-07-30,17,2025-08-16,Closed,1,5146.58,43.0,2025-09-11,0,1,0,Medium
C001837,19412,EU,FMCG,19326.26,3,31,1,0.675,658.3,Fair,3,Phone,1,0,DCA-01,2025-12-31,19,2026-01-19,Dispute,0,0.0,,,0,0,0,Low
C001838,13044,EU,Healthcare,3849.24,4,323,1,1.0,669.1,Fair,4,Email,0,0,DCA-10,2025-04-06,25,2025-05-01,Escalated,0,0.0,,,0,0,1,Low
C001839,12223,IND,Energy,35901.54,7,122,2,0.94,703.0,Good,3,Email,0,0,DCA-03,2025-07-18,27,2025-08-14,In Progress,0,0.0,,,0,0,0,Medium
C001840,15528,IND,Logistics,14940.06,5,331,2,0.526,499.1,Poor,5,Phone,1,0,DCA-02,2025-02-28,16,2025-03-16,Escalated,0,0.0,,,0,0,1,Low
C001841,14251,APAC,Logistics,12955.95,3,279,1,1.0,655.4,Fair,7,Phone,0,1,DCA-01,2025-05-25,27,2025-06-21,Closed,1,12955.95,37.0,2025-07-01,0,1,0,Low
C001842,10969,EU,Energy,6474.74,1,350,1,0.869,660.9,Fair,6,SMS,0,0,DCA-06,2025-11-12,8,2025-11-20,Escalated,0,0.0,,,0,0,1,Low
C001843,18164,IND,Technology,22812.42,7,241,0,0.887,603.8,Fair,5,Email,0,1,DCA-07,2025-07-19,16,2025-08-04,PTP,0,0.0,,,0,0,1,Medium
C001844,18457,MEA,Technology,13332.59,5,66,1,0.742,661.9,Fair,2,Phone,0,0,DCA-04,2025-12-07,23,2025-12-30,In Progress,0,0.0,,,0,0,0,Low
C001845,17429,NA,Retail,8264.56,1,13,0,0.978,674.7,Good,2,Phone,0,0,DCA-07,2025-09-15,27,2025-10-12,In Progress,0,0.0,,,0,0,0,Medium
C001846,16167,APAC,Automotive,15365.46,4,90,0,0.981,735.1,Good,5,SMS,0,0,DCA-09,2025-11-14,23,2025-12-07,In Progress,0,0.0,,,0,0,0,Medium
C001847,14025,APAC,Finance,4113.58,7,160,0,0.903,718.2,Good,5,In-person,0,1,DCA-05,2025-02-20,17,2025-03-09,Closed,1,4009.48,30.0,2025-03-22,1,1,0,Medium
C001848,15423,APAC,Manufacturing,4252.54,7,228,2,0.677,586.5,Fair,5,Portal,0,0,DCA-10,2025-09-02,19,2025-09-21,Escalated,0,0.0,,,0,0,1,Low
C001849,15209,NA,Energy,6098.94,2,327,0,0.781,625.7,Fair,1,Portal,0,1,DCA-02,2025-12-12,16,2025-12-28,PTP,0,0.0,,,0,0,1,Low
C001850,11653,LATAM,Finance,17063.02,3,52,0,0.924,620.9,Fair,1,SMS,0,0,DCA-08,2025-01-30,7,2025-02-06,In Progress,0,0.0,,,0,0,0,Medium
C001851,10818,LATAM,Aviation,13329.29,7,232,1,0.73,592.2,Fair,4,Email,0,1,DCA-08,2025-02-22,25,2025-03-19,Closed,1,12940.94,32.0,2025-03-26,0,1,0,Low
C001852,12532,IND,Manufacturing,27841.57,6,32,0,0.925,731.3,Good,1,Email,0,1,DCA-06,2025-07-29,29,2025-08-27,Closed,1,27841.57,25.0,2025-08-23,1,1,0,Medium
C001853,14543,LATAM,Healthcare,7016.41,4,176,1,0.659,488.9,Poor,4,Phone,0,0,DCA-02,2025-11-01,17,2025-11-18,In Progress,0,0.0,,,0,0,0,Low
C001854,11603,NA,Healthcare,19975.61,3,27,0,0.858,737.6,Good,6,Phone,0,0,DCA-06,2026-01-11,14,2026-01-25,In Progress,0,0.0,,,0,0,0,Medium
C001855,11066,EU,Retail,12336.17,6,137,0,1.0,654.5,Fair,3,Phone,0,0,DCA-02,2025-08-22,26,2025-09-17,In Progress,0,0.0,,,0,0,0,Medium
C001856,18519,APAC,Logistics,6904.08,5,221,0,0.538,657.2,Fair,3,SMS,0,1,DCA-01,2025-12-24,14,2026-01-07,Closed,1,6644.45,41.0,2026-02-03,0,1,0,Low
C001857,13749,APAC,Automotive,17495.79,4,269,1,1.0,642.4,Fair,6,Phone,0,1,DCA-06,2025-07-08,25,2025-08-02,Closed,1,17495.79,35.0,2025-08-12,0,1,0,Low
C001858,15842,LATAM,Manufacturing,12756.44,7,293,0,0.772,678.6,Good,5,Email,0,1,DCA-07,2025-11-15,11,2025-11-26,PTP,0,0.0,,,0,0,1,Medium
C001859,15240,NA,FMCG,8600.85,3,191,1,0.788,625.9,Fair,5,Portal,0,0,DCA-09,2025-02-21,7,2025-02-28,Escalated,0,0.0,,,0,0,1,Low
C001860,17351,EU,Finance,13758.32,5,95,3,0.688,670.3,Good,1,Portal,0,1,DCA-02,2025-10-02,22,2025-10-24,PTP,0,0.0,,,0,0,0,Medium
C001861,17398,NA,Retail,12201.68,1,333,1,0.779,607.6,Fair,5,Email,1,1,DCA-10,2025-04-28,27,2025-05-25,Escalated,0,0.0,,,0,0,1,Low
C001862,12960,LATAM,Aviation,11997.08,5,340,2,0.53,519.6,Poor,7,Phone,0,0,DCA-06,2025-07-19,21,2025-08-09,Escalated,0,0.0,,,0,0,1,Low
C001863,18479,NA,Energy,10008.45,4,353,2,1.0,627.3,Fair,4,Portal,0,0,DCA-07,2025-12-11,18,2025-12-29,Escalated,0,0.0,,,0,0,1,Low
C001864,13712,EU,Aviation,5359.02,7,289,0,1.0,795.9,Very Good,7,Phone,0,0,DCA-02,2025-06-23,28,2025-07-21,Escalated,0,0.0,,,0,0,1,Low
C001865,18352,IND,Energy,14077.54,3,284,1,0.864,645.7,Fair,7,Phone,0,0,DCA-09,2025-02-02,22,2025-02-24,Escalated,0,0.0,,,0,0,1,Low
C001866,14048,MEA,Healthcare,7616.71,7,29,1,0.713,668.9,Fair,0,Portal,0,0,DCA-07,2025-08-22,22,2025-09-13,Closed,1,6486.36,42.0,2025-10-03,0,1,0,Low
C001867,11109,APAC,Retail,6540.51,5,209,2,0.934,667.9,Fair,7,SMS,0,1,DCA-02,2025-01-21,7,2025-01-28,PTP,0,0.0,,,0,0,1,Low
C001868,17600,APAC,Technology,11288.16,2,149,1,1.0,636.1,Fair,2,Phone,0,1,DCA-06,2025-07-06,13,2025-07-19,PTP,0,0.0,,,0,0,0,Low
C001869,10301,NA,Energy,22332.95,2,95,0,0.958,712.5,Good,2,Phone,0,0,DCA-04,2025-03-14,9,2025-03-23,In Progress,0,0.0,,,0,0,0,Low
C001870,17723,IND,Manufacturing,15213.36,2,25,0,0.699,701.0,Good,2,SMS,0,1,DCA-10,2025-06-13,25,2025-07-08,Closed,1,14963.48,24.0,2025-07-07,1,1,0,Medium
C001871,10431,EU,Aviation,9211.43,3,78,1,0.721,665.4,Fair,1,Portal,0,1,DCA-10,2025-09-29,10,2025-10-09,PTP,0,0.0,,,0,0,0,Low
C001872,12068,EU,Retail,8955.81,4,334,0,0.928,659.2,Fair,4,Email,0,0,DCA-06,2025-08-25,13,2025-09-07,Escalated,0,0.0,,,0,0,1,Low
C001873,16033,EU,Retail,20849.17,7,331,2,0.894,700.7,Good,3,Phone,0,1,DCA-04,2025-03-31,15,2025-04-15,PTP,0,0.0,,,0,0,1,Low
C001874,19415,NA,Logistics,2495.6,7,271,2,0.791,422.6,Poor,3,Phone,0,0,DCA-05,2025-12-29,28,2026-01-26,Escalated,0,0.0,,,0,0,1,Low
C001875,14084,IND,Healthcare,23345.41,5,37,2,0.878,678.7,Good,5,Email,0,0,DCA-03,2025-03-08,19,2025-03-27,Closed,1,20352.46,49.0,2025-04-26,0,1,0,Medium
C001876,11206,NA,Logistics,3598.2,4,250,0,0.833,666.1,Fair,4,Portal,0,1,DCA-08,2025-03-28,9,2025-04-06,PTP,0,0.0,,,0,0,1,Low
C001877,12329,APAC,Healthcare,4960.27,5,47,0,0.957,825.1,Excellent,3,Portal,0,0,DCA-06,2025-09-20,12,2025-10-02,In Progress,0,0.0,,,0,0,0,Medium
C001878,18961,LATAM,Aviation,9320.89,3,249,0,0.864,626.7,Fair,1,Email,0,1,DCA-06,2025-02-23,17,2025-03-12,Closed,1,9043.45,49.0,2025-04-13,0,1,0,Medium
C001879,17267,NA,Retail,61027.93,2,13,0,1.0,781.1,Very Good,2,SMS,0,0,DCA-01,2026-01-23,17,2026-02-09,Closed,1,51749.75,53.0,2026-03-17,0,1,0,Medium
C001880,11003,APAC,Logistics,43225.83,4,104,0,0.917,643.5,Fair,3,Email,0,0,DCA-01,2025-03-04,30,2025-04-03,In Progress,0,0.0,,,0,0,0,Medium
C001881,13848,APAC,Aviation,21906.56,6,45,1,0.698,604.3,Fair,4,Email,1,0,DCA-02,2025-06-02,26,2025-06-28,Dispute,0,0.0,,,0,0,0,Low
C001882,12645,MEA,Finance,17147.02,1,340,2,0.664,589.5,Fair,0,Email,0,0,DCA-05,2025-10-04,25,2025-10-29,Escalated,0,0.0,,,0,0,1,Low
C001883,11778,IND,Energy,3627.89,1,208,2,0.927,553.2,Poor,1,Phone,1,0,DCA-05,2025-10-27,30,2025-11-26,Escalated,0,0.0,,,0,0,1,Low
C001884,18464,NA,Logistics,14909.15,2,336,1,1.0,668.7,Fair,1,Portal,0,0,DCA-09,2025-12-10,15,2025-12-25,Escalated,0,0.0,,,0,0,1,Low
C001885,16177,EU,Energy,9095.59,2,8,1,0.607,593.3,Fair,3,Phone,0,0,DCA-08,2025-07-17,19,2025-08-05,In Progress,0,0.0,,,0,0,0,Low
C001886,11794,LATAM,Logistics,7542.67,2,270,0,0.712,682.8,Good,6,Email,1,0,DCA-07,2025-10-30,24,2025-11-23,Escalated,0,0.0,,,0,0,1,Low
C001887,16506,IND,Manufacturing,14888.76,1,175,0,0.651,552.4,Poor,4,Email,0,0,DCA-01,2025-09-22,27,2025-10-19,In Progress,0,0.0,,,0,0,0,Low
C001888,14135,IND,Healthcare,9606.77,1,171,2,0.679,581.7,Fair,3,Email,1,0,DCA-06,2025-06-09,7,2025-06-16,Escalated,0,0.0,,,0,0,1,Low
C001889,10614,IND,Manufacturing,24551.04,3,318,1,0.562,540.9,Poor,1,Email,0,1,DCA-10,2025-03-10,15,2025-03-25,Closed,1,22437.61,55.0,2025-05-04,0,1,0,Low
C001890,14498,IND,Aviation,3445.53,6,18,0,1.0,739.2,Good,2,Phone,0,1,DCA-05,2025-08-12,7,2025-08-19,PTP,0,0.0,,,0,0,0,High
C001891,11852,NA,Manufacturing,14079.96,2,344,0,0.768,604.4,Fair,4,In-person,0,0,DCA-06,2025-11-04,9,2025-11-13,Escalated,0,0.0,,,0,0,1,Low
C001892,12452,IND,FMCG,7220.16,3,11,1,1.0,705.1,Good,2,Portal,0,0,DCA-01,2025-01-19,16,2025-02-04,In Progress,0,0.0,,,0,0,0,Medium
C001893,18789,NA,Retail,10029.19,7,133,0,1.0,647.5,Fair,2,Email,0,0,DCA-03,2025-08-17,18,2025-09-04,In Progress,0,0.0,,,0,0,0,Medium
C001894,17102,APAC,Finance,16535.06,2,51,2,0.794,695.1,Good,3,Email,0,0,DCA-07,2025-07-03,30,2025-08-02,Closed,1,14574.47,64.0,2025-09-05,0,0,0,Low
C001895,11340,LATAM,FMCG,6111.24,7,191,0,1.0,803.3,Excellent,2,Phone,0,0,DCA-09,2025-12-27,15,2026-01-11,Escalated,0,0.0,,,0,0,1,Medium
C001896,18513,LATAM,Manufacturing,14987.36,4,217,1,0.909,575.1,Poor,2,Phone,0,0,DCA-08,2025-10-22,20,2025-11-11,Escalated,0,0.0,,,0,0,1,Low
C001897,15743,NA,Technology,11514.51,6,234,0,0.793,578.9,Poor,4,Email,0,1,DCA-09,2025-11-14,25,2025-12-09,PTP,0,0.0,,,0,0,1,Medium
C001898,18745,IND,Retail,8413.47,3,291,0,0.784,614.6,Fair,2,In-person,0,0,DCA-08,2025-11-09,9,2025-11-18,Escalated,0,0.0,,,0,0,1,Low
C001899,17470,NA,FMCG,9610.38,3,274,1,0.659,697.7,Good,2,Phone,0,0,DCA-07,2025-05-22,23,2025-06-14,Escalated,0,0.0,,,0,0,1,Low
C001900,13393,IND,Finance,11989.83,3,346,1,0.853,568.0,Poor,5,Phone,0,0,DCA-06,2025-08-30,20,2025-09-19,Escalated,0,0.0,,,0,0,1,Low
C001901,15348,APAC,Automotive,7804.96,1,164,0,0.84,709.5,Good,1,Portal,0,0,DCA-04,2025-04-01,25,2025-04-26,In Progress,0,0.0,,,0,0,0,Low
C001902,15308,EU,Logistics,13426.24,3,64,0,1.0,850.0,Excellent,1,Phone,0,1,DCA-09,2025-11-25,28,2025-12-23,PTP,0,0.0,,,0,0,0,Medium
C001903,17199,NA,Aviation,10995.88,7,57,2,0.733,683.4,Good,1,SMS,0,1,DCA-05,2025-05-12,17,2025-05-29,PTP,0,0.0,,,0,0,0,Medium
C001904,12484,IND,Aviation,8708.91,1,101,0,0.694,568.4,Poor,4,Portal,0,0,DCA-06,2025-05-17,20,2025-06-06,In Progress,0,0.0,,,0,0,0,Medium
C001905,13330,MEA,Logistics,40655.51,5,220,1,0.807,707.5,Good,5,Portal,0,1,DCA-10,2025-11-10,10,2025-11-20,PTP,0,0.0,,,0,0,1,Low
C001906,12447,APAC,Finance,17866.24,5,20,0,0.832,769.1,Very Good,1,Email,0,1,DCA-03,2025-02-04,13,2025-02-17,PTP,0,0.0,,,0,0,0,High
C001907,12961,MEA,Finance,10220.0,1,348,1,0.772,620.6,Fair,3,Email,0,0,DCA-05,2025-11-23,16,2025-12-09,Escalated,0,0.0,,,0,0,1,Low
C001908,11612,IND,Retail,14795.85,1,361,0,0.937,708.3,Good,5,SMS,0,1,DCA-01,2025-07-23,30,2025-08-22,PTP,0,0.0,,,0,0,1,Low
C001909,10365,APAC,FMCG,6510.85,4,60,0,0.972,778.6,Very Good,4,Email,0,0,DCA-04,2025-01-05,20,2025-01-25,Closed,1,6199.38,58.0,2025-03-04,0,1,0,Medium
C001910,19400,IND,Manufacturing,9840.48,2,285,0,0.953,671.0,Good,7,Phone,0,0,DCA-09,2026-01-28,29,2026-02-26,Closed,1,9077.15,56.0,2026-03-25,0,1,0,Low
C001911,10743,EU,Finance,10678.05,7,218,1,0.62,543.0,Poor,2,Portal,1,0,DCA-03,2025-12-06,13,2025-12-19,Escalated,0,0.0,,,0,0,1,Low
C001912,18879,IND,Energy,5581.68,2,175,1,1.0,689.3,Good,4,Email,0,0,DCA-09,2025-12-18,18,2026-01-05,Closed,1,4697.87,61.0,2026-02-17,0,0,0,Medium
C001913,10030,LATAM,Logistics,17520.87,1,268,0,0.885,611.5,Fair,6,Email,0,1,DCA-06,2025-12-13,14,2025-12-27,PTP,0,0.0,,,0,0,1,Low
C001914,17773,IND,Aviation,9377.52,3,210,0,0.796,593.8,Fair,6,Phone,0,0,DCA-06,2025-12-13,27,2026-01-09,Escalated,0,0.0,,,0,0,1,Low
C001915,13284,IND,Technology,10416.78,3,118,0,0.837,636.7,Fair,3,In-person,0,0,DCA-10,2025-01-26,22,2025-02-17,Closed,1,8090.44,53.0,2025-03-20,0,1,0,Medium
C001916,15176,IND,Logistics,8972.29,2,205,0,0.818,626.6,Fair,5,Phone,0,1,DCA-05,2025-08-28,14,2025-09-11,PTP,0,0.0,,,0,0,1,Medium
C001917,12822,MEA,Technology,106017.92,5,50,2,0.835,686.0,Good,4,In-person,0,1,DCA-04,2025-08-02,10,2025-08-12,PTP,0,0.0,,,0,0,0,Low
C001918,14906,LATAM,Finance,8401.53,3,93,0,0.995,724.4,Good,5,SMS,0,0,DCA-07,2026-01-12,12,2026-01-24,In Progress,0,0.0,,,0,0,0,Medium
C001919,14515,APAC,Finance,3139.84,4,355,0,1.0,758.3,Very Good,5,Email,0,0,DCA-06,2025-04-23,29,2025-05-22,Escalated,0,0.0,,,0,0,1,Low
C001920,15297,APAC,Aviation,4359.22,2,68,0,0.837,601.1,Fair,1,Email,0,1,DCA-05,2025-08-09,17,2025-08-26,PTP,0,0.0,,,0,0,0,High
C001921,13932,MEA,Technology,22731.61,1,218,0,0.989,634.5,Fair,5,Phone,0,0,DCA-09,2025-04-03,25,2025-04-28,Escalated,0,0.0,,,0,0,1,Low
C001922,15365,NA,Retail,34047.67,1,109,0,0.784,685.9,Good,8,Email,0,0,DCA-08,2025-06-22,28,2025-07-20,Closed,1,31425.2,77.0,2025-09-07,0,0,0,Low
C001923,18254,EU,Manufacturing,8289.48,1,170,0,0.94,662.4,Fair,3,Email,0,0,DCA-05,2025-03-12,21,2025-04-02,In Progress,0,0.0,,,0,0,0,Medium
C001924,14345,APAC,Manufacturing,32704.4,7,90,1,0.832,607.0,Fair,4,Phone,0,1,DCA-02,2025-09-18,25,2025-10-13,Closed,1,28240.36,30.0,2025-10-18,1,1,0,Low
C001925,13613,IND,Healthcare,22451.51,2,208,0,1.0,822.3,Excellent,0,Phone,0,0,DCA-01,2025-02-15,14,2025-03-01,Escalated,0,0.0,,,0,0,1,Low
C001926,11317,NA,FMCG,11700.23,3,203,0,0.869,726.0,Good,4,Portal,1,0,DCA-03,2025-08-07,30,2025-09-06,Escalated,0,0.0,,,0,0,1,Low
C001927,13597,NA,Aviation,11133.21,5,225,0,0.937,737.4,Good,4,In-person,0,1,DCA-10,2025-09-18,19,2025-10-07,PTP,0,0.0,,,0,0,1,Low
C001928,11256,IND,Finance,15162.93,1,113,3,0.567,604.9,Fair,5,SMS,1,0,DCA-02,2025-10-03,25,2025-10-28,Escalated,0,0.0,,,0,0,1,Low
C001929,11825,APAC,Healthcare,24691.62,5,211,1,0.672,605.2,Fair,7,Email,0,0,DCA-10,2025-02-26,19,2025-03-17,Escalated,0,0.0,,,0,0,1,Low
C001930,19522,APAC,Healthcare,17643.21,4,266,0,1.0,753.4,Very Good,5,Phone,0,0,DCA-07,2025-05-30,25,2025-06-24,Escalated,0,0.0,,,0,0,1,Medium
C001931,10894,NA,Logistics,8318.47,6,263,0,1.0,632.6,Fair,3,Email,0,0,DCA-05,2025-06-13,30,2025-07-13,Escalated,0,0.0,,,0,0,1,Low
C001932,14820,LATAM,Healthcare,11825.99,1,207,2,0.775,613.5,Fair,4,Phone,1,0,DCA-09,2026-01-20,27,2026-02-16,Escalated,0,0.0,,,0,0,1,Low
C001933,18343,MEA,FMCG,53470.45,1,109,0,0.959,776.9,Very Good,4,Phone,0,0,DCA-04,2025-04-11,14,2025-04-25,In Progress,0,0.0,,,0,0,0,Low
C001934,19532,NA,Retail,15928.25,6,194,0,1.0,771.6,Very Good,2,Phone,0,0,DCA-01,2026-01-08,8,2026-01-16,Closed,1,12739.57,72.0,2026-03-21,0,0,0,Low
C001935,11467,LATAM,Aviation,24551.49,3,196,1,0.637,541.4,Poor,4,Email,0,1,DCA-02,2025-04-08,17,2025-04-25,PTP,0,0.0,,,0,0,1,Medium
C001936,11635,IND,Manufacturing,19495.12,1,347,1,0.78,539.3,Poor,1,In-person,0,1,DCA-09,2025-11-14,24,2025-12-08,PTP,0,0.0,,,0,0,1,Low
C001937,13725,APAC,Aviation,16177.08,4,138,1,0.801,659.2,Fair,2,Email,0,0,DCA-06,2025-10-26,27,2025-11-22,In Progress,0,0.0,,,0,0,0,Low
C001938,15544,EU,Healthcare,14415.93,4,118,0,0.903,702.3,Good,2,SMS,0,1,DCA-05,2025-01-14,8,2025-01-22,Closed,1,13612.52,34.0,2025-02-17,0,1,0,Medium
C001939,19598,IND,Energy,25038.59,7,273,1,0.857,612.8,Fair,3,Phone,1,0,DCA-08,2025-08-29,20,2025-09-18,Escalated,0,0.0,,,0,0,1,Low
C001940,12077,NA,Finance,22093.74,7,232,0,0.843,625.9,Fair,8,Phone,0,0,DCA-05,2025-04-15,18,2025-05-03,Escalated,0,0.0,,,0,0,1,Low
C001941,11643,NA,Healthcare,16070.26,4,156,0,0.929,660.9,Fair,3,Email,0,0,DCA-05,2025-01-15,21,2025-02-05,Closed,1,13605.75,60.0,2025-03-16,0,1,0,Medium
C001942,12531,IND,Manufacturing,8220.33,2,1,1,0.62,694.1,Good,1,Portal,0,0,DCA-10,2026-01-05,18,2026-01-23,Closed,1,6570.31,33.0,2026-02-07,0,1,0,Low
C001943,18743,IND,Logistics,17498.86,6,257,0,1.0,801.0,Excellent,1,Phone,0,0,DCA-06,2025-10-28,27,2025-11-24,Escalated,0,0.0,,,0,0,1,Low
C001944,10300,EU,Retail,12747.55,2,269,2,0.591,513.9,Poor,2,Phone,0,0,DCA-07,2025-11-17,25,2025-12-12,Closed,1,9179.66,69.0,2026-01-25,0,0,0,Low
C001945,13801,APAC,FMCG,10766.78,6,339,0,0.719,569.3,Poor,8,SMS,0,0,DCA-07,2025-09-10,11,2025-09-21,Closed,1,9559.62,70.0,2025-11-19,0,0,0,Low
C001946,11189,LATAM,Finance,87128.84,5,183,2,0.56,613.2,Fair,3,Email,0,1,DCA-03,2025-04-10,29,2025-05-09,PTP,0,0.0,,,0,0,1,Low
C001947,11570,MEA,Finance,4549.01,3,188,1,0.833,673.4,Good,2,Phone,0,1,DCA-10,2025-09-07,22,2025-09-29,PTP,0,0.0,,,0,0,1,Low
C001948,19168,NA,Manufacturing,26133.13,7,76,0,0.903,694.8,Good,2,SMS,0,0,DCA-01,2025-08-15,11,2025-08-26,In Progress,0,0.0,,,0,0,0,Medium
C001949,10016,NA,Finance,7303.66,4,168,0,1.0,737.0,Good,6,Phone,0,1,DCA-04,2025-09-21,20,2025-10-11,PTP,0,0.0,,,0,0,0,Medium
C001950,13215,MEA,Manufacturing,14644.74,3,1,1,0.743,757.7,Very Good,1,SMS,0,0,DCA-04,2025-01-11,29,2025-02-09,In Progress,0,0.0,,,0,0,0,Low
C001951,19154,IND,Manufacturing,80661.06,2,183,0,0.577,620.6,Fair,4,Phone,0,0,DCA-10,2025-07-17,12,2025-07-29,Escalated,0,0.0,,,0,0,1,Low
C001952,16081,IND,Automotive,6811.32,5,258,0,0.95,650.4,Fair,9,Portal,0,1,DCA-06,2025-11-24,24,2025-12-18,Closed,1,6712.95,37.0,2025-12-31,0,1,0,Low
C001953,10717,IND,Automotive,8048.89,2,287,1,0.838,693.0,Good,6,Portal,1,0,DCA-04,2025-06-16,25,2025-07-11,Escalated,0,0.0,,,0,0,1,Low
C001954,14650,IND,Healthcare,13196.94,2,242,0,1.0,699.0,Good,4,Portal,0,0,DCA-04,2025-07-15,21,2025-08-05,Escalated,0,0.0,,,0,0,1,Low
C001955,19709,EU,Aviation,7383.09,1,294,1,0.805,567.6,Poor,6,Phone,0,0,DCA-01,2025-12-24,19,2026-01-12,Escalated,0,0.0,,,0,0,1,Low
C001956,14004,NA,Logistics,24805.97,5,243,1,0.873,695.3,Good,5,Phone,1,1,DCA-01,2025-07-13,24,2025-08-06,Escalated,0,0.0,,,0,0,1,Low
C001957,15286,NA,FMCG,9189.62,7,284,0,1.0,676.7,Good,4,Portal,0,0,DCA-02,2025-07-05,18,2025-07-23,Escalated,0,0.0,,,0,0,1,Medium
C001958,15318,LATAM,Logistics,21116.43,2,160,1,0.738,580.0,Fair,3,Phone,0,0,DCA-05,2025-02-25,12,2025-03-09,In Progress,0,0.0,,,0,0,0,Low
C001959,16604,APAC,Aviation,5268.85,2,220,1,0.71,645.0,Fair,5,In-person,0,1,DCA-03,2025-06-23,8,2025-07-01,PTP,0,0.0,,,0,0,1,Medium
C001960,11872,IND,Automotive,3771.46,5,233,1,0.566,618.5,Fair,6,Portal,0,0,DCA-10,2025-01-14,8,2025-01-22,Escalated,0,0.0,,,0,0,1,Low
C001961,18396,NA,FMCG,11381.11,2,209,0,0.7,662.1,Fair,1,Email,0,1,DCA-03,2025-11-28,22,2025-12-20,Closed,1,9992.87,46.0,2026-01-13,0,1,0,Low
C001962,19886,NA,Retail,4456.17,1,208,2,1.0,595.6,Fair,3,Phone,0,1,DCA-09,2026-01-08,12,2026-01-20,Closed,1,4456.17,38.0,2026-02-15,0,1,0,Low
C001963,11425,NA,Manufacturing,38668.8,5,285,0,0.753,690.3,Good,6,Portal,0,1,DCA-09,2025-07-24,13,2025-08-06,PTP,0,0.0,,,0,0,1,Medium
C001964,18183,EU,FMCG,4578.55,4,87,0,1.0,703.2,Good,1,Email,0,0,DCA-02,2025-10-16,15,2025-10-31,Closed,1,4036.39,39.0,2025-11-24,0,1,0,Low
C001965,18169,APAC,Healthcare,6461.52,1,116,1,0.615,579.9,Poor,2,Email,0,0,DCA-03,2025-08-23,21,2025-09-13,In Progress,0,0.0,,,0,0,0,Low
C001966,17416,EU,Technology,17845.99,2,189,0,0.737,658.2,Fair,3,Email,0,1,DCA-08,2025-04-14,17,2025-05-01,Closed,1,17845.99,37.0,2025-05-21,0,1,0,Low
C001967,13708,NA,Automotive,8862.15,2,235,2,0.763,592.5,Fair,2,Portal,0,0,DCA-10,2025-03-25,26,2025-04-20,Escalated,0,0.0,,,0,0,1,Low
C001968,14687,LATAM,Finance,4615.28,5,188,0,0.901,643.8,Fair,1,Phone,0,1,DCA-06,2025-01-10,9,2025-01-19,Closed,1,4615.28,40.0,2025-02-19,0,1,0,Medium
C001969,18392,EU,FMCG,55713.34,5,73,1,0.966,650.2,Fair,0,Email,0,0,DCA-04,2025-10-17,9,2025-10-26,In Progress,0,0.0,,,0,0,0,Low
C001970,11528,NA,FMCG,6626.66,6,300,1,1.0,710.5,Good,9,Email,0,1,DCA-01,2025-09-09,25,2025-10-04,PTP,0,0.0,,,0,0,1,Low
C001971,18287,APAC,Automotive,11644.85,1,199,3,0.631,624.6,Fair,3,Phone,1,0,DCA-08,2025-03-14,15,2025-03-29,Escalated,0,0.0,,,0,0,1,Low
C001972,19206,IND,Retail,11539.89,6,158,2,0.64,627.2,Fair,1,Phone,0,1,DCA-03,2025-12-10,20,2025-12-30,Closed,1,10268.78,39.0,2026-01-18,0,1,0,Low
C001973,16818,IND,Manufacturing,21965.24,2,320,1,0.662,565.4,Poor,3,Email,0,0,DCA-02,2025-01-25,21,2025-02-15,Escalated,0,0.0,,,0,0,1,Low
C001974,13413,NA,FMCG,18465.27,7,159,3,0.413,516.3,Poor,5,Phone,1,0,DCA-02,2025-07-05,22,2025-07-27,Escalated,0,0.0,,,0,0,1,Low
C001975,15591,NA,Technology,7489.36,7,59,0,0.678,648.8,Fair,2,Phone,0,0,DCA-07,2025-01-09,24,2025-02-02,In Progress,0,0.0,,,0,0,0,Medium
C001976,10501,LATAM,Healthcare,10635.16,4,359,2,0.757,599.3,Fair,5,Phone,0,0,DCA-05,2025-09-21,9,2025-09-30,Escalated,0,0.0,,,0,0,1,Low
C001977,19318,IND,Manufacturing,11397.56,6,140,0,0.883,651.9,Fair,1,Phone,0,0,DCA-09,2025-07-09,13,2025-07-22,In Progress,0,0.0,,,0,0,0,Medium
C001978,13424,APAC,Retail,22567.63,5,326,0,0.782,575.4,Poor,6,SMS,0,0,DCA-01,2026-01-12,19,2026-01-31,Escalated,0,0.0,,,0,0,1,Low
C001979,10570,LATAM,Logistics,5896.86,6,189,0,0.969,717.8,Good,5,Phone,0,1,DCA-07,2025-09-05,10,2025-09-15,Closed,1,5832.23,36.0,2025-10-11,0,1,0,Medium
C001980,17944,LATAM,Retail,54867.55,1,89,1,0.687,643.4,Fair,3,Email,0,0,DCA-09,2025-07-11,27,2025-08-07,In Progress,0,0.0,,,0,0,0,Low
C001981,16575,LATAM,Healthcare,7852.38,1,138,4,0.804,638.6,Fair,3,Phone,1,0,DCA-09,2025-06-20,14,2025-07-04,Escalated,0,0.0,,,0,0,1,Low
C001982,16227,IND,FMCG,13278.15,7,332,0,0.973,699.3,Good,3,Portal,1,0,DCA-02,2025-11-17,27,2025-12-14,Escalated,0,0.0,,,0,0,1,Low
C001983,10540,LATAM,Automotive,5931.35,6,344,1,0.902,616.7,Fair,2,Email,0,0,DCA-06,2025-11-24,18,2025-12-12,Escalated,0,0.0,,,0,0,1,Low
C001984,17508,NA,Technology,5384.55,5,51,1,0.961,777.8,Very Good,2,Portal,0,0,DCA-10,2025-05-18,23,2025-06-10,In Progress,0,0.0,,,0,0,0,Medium
C001985,16373,IND,Automotive,7243.79,3,360,1,0.798,581.7,Fair,5,Phone,0,0,DCA-08,2026-01-07,30,2026-02-06,Escalated,0,0.0,,,0,0,1,Low
C001986,17936,APAC,Technology,6772.56,3,311,1,0.823,721.1,Good,4,Phone,0,1,DCA-09,2025-01-05,21,2025-01-26,PTP,0,0.0,,,0,0,1,Medium
C001987,18273,NA,Energy,9996.8,3,236,2,0.781,585.7,Fair,2,Email,0,0,DCA-10,2025-11-29,14,2025-12-13,Escalated,0,0.0,,,0,0,1,Low
C001988,12119,LATAM,FMCG,6732.65,4,67,0,0.815,634.1,Fair,3,SMS,0,0,DCA-02,2025-12-03,29,2026-01-01,Closed,1,6303.57,50.0,2026-01-22,0,1,0,Low
C001989,12106,IND,Automotive,21739.51,5,214,0,0.6,466.7,Poor,7,Email,0,1,DCA-02,2025-05-27,10,2025-06-06,PTP,0,0.0,,,0,0,1,Low
C001990,19237,LATAM,Finance,7722.64,6,155,2,0.978,604.2,Fair,5,SMS,0,0,DCA-08,2026-01-10,9,2026-01-19,Closed,1,6511.77,69.0,2026-03-20,0,0,0,Low
C001991,15310,NA,Retail,7146.15,3,46,0,0.92,742.0,Very Good,1,Email,0,0,DCA-08,2025-07-11,8,2025-07-19,In Progress,0,0.0,,,0,0,0,Medium
C001992,14379,APAC,FMCG,10146.88,6,359,0,0.733,549.8,Poor,5,Email,0,0,DCA-02,2025-01-23,7,2025-01-30,Closed,1,7283.21,68.0,2025-04-01,0,0,0,Low
C001993,12872,IND,Automotive,26768.66,1,220,1,1.0,716.5,Good,3,Email,0,0,DCA-09,2025-05-18,14,2025-06-01,Closed,1,20529.71,78.0,2025-08-04,0,0,0,Low
C001994,16390,APAC,Finance,15528.2,6,36,0,1.0,792.7,Very Good,3,Portal,0,0,DCA-04,2025-09-14,24,2025-10-08,In Progress,0,0.0,,,0,0,0,Medium
C001995,17539,EU,Automotive,12459.23,5,125,0,0.84,684.6,Good,0,Portal,0,1,DCA-10,2025-07-14,23,2025-08-06,Closed,1,10647.57,35.0,2025-08-18,0,1,0,Medium
C001996,10023,IND,Retail,4899.4,4,306,0,0.842,813.7,Excellent,8,Phone,0,0,DCA-01,2025-10-07,15,2025-10-22,Closed,1,4016.23,84.0,2025-12-30,0,0,0,Low
C001997,15526,NA,Aviation,6003.54,3,161,2,0.906,741.0,Very Good,1,Email,0,1,DCA-07,2025-12-04,27,2025-12-31,Closed,1,4721.93,34.0,2026-01-07,0,1,0,Medium
C001998,19933,NA,Logistics,5459.5,3,181,0,0.867,718.0,Good,1,Portal,0,0,DCA-10,2025-12-09,10,2025-12-19,Escalated,0,0.0,,,0,0,1,Medium
C001999,12806,LATAM,Finance,33349.43,3,52,1,0.607,640.4,Fair,1,Email,0,0,DCA-06,2025-09-11,16,2025-09-27,Closed,1,27622.03,43.0,2025-10-24,0,1,0,Low
C002000,12808,EU,Healthcare,19368.32,7,41,0,1.0,736.2,Good,1,Email,0,0,DCA-02,2025-09-24,29,2025-10-23,In Progress,0,0.0,,,0,0,0,Low
C002001,18781,IND,Retail,7309.03,1,356,2,0.977,605.6,Fair,8,Email,0,1,DCA-01,2025-03-17,28,2025-04-14,PTP,0,0.0,,,0,0,1,Low
C002002,10620,IND,Aviation,8999.64,5,347,1,0.739,662.5,Fair,4,Email,1,0,DCA-06,2025-11-21,7,2025-11-28,Escalated,0,0.0,,,0,0,1,Low
C002003,13975,APAC,Logistics,7497.29,7,35,0,0.574,570.5,Poor,2,Portal,0,0,DCA-08,2025-08-18,15,2025-09-02,Closed,1,6301.73,56.0,2025-10-13,0,1,0,Medium
C002004,14582,APAC,Finance,7186.05,4,200,0,0.868,658.5,Fair,4,Phone,0,0,DCA-09,2025-10-17,25,2025-11-11,Closed,1,6592.67,44.0,2025-11-30,0,1,0,Medium
C002005,17978,IND,Automotive,18438.77,5,248,0,0.836,656.4,Fair,4,Email,0,1,DCA-06,2025-06-25,30,2025-07-25,PTP,0,0.0,,,0,0,1,Medium
C002006,11290,IND,Finance,10924.08,5,321,1,0.863,629.4,Fair,3,SMS,0,0,DCA-04,2025-05-31,16,2025-06-16,Closed,1,9683.08,81.0,2025-08-20,0,0,0,Low
C002007,14340,LATAM,FMCG,57343.65,4,204,0,0.926,724.0,Good,5,SMS,1,0,DCA-02,2025-10-15,14,2025-10-29,Escalated,0,0.0,,,0,0,1,Low
C002008,11523,MEA,Aviation,32056.39,5,317,3,0.753,609.7,Fair,8,Email,0,1,DCA-07,2025-02-22,16,2025-03-10,Closed,1,28663.38,42.0,2025-04-05,0,1,0,Low
C002009,17876,IND,FMCG,33410.86,7,45,0,0.611,724.5,Good,3,Email,1,0,DCA-06,2025-03-28,19,2025-04-16,Dispute,0,0.0,,,0,0,0,Low
C002010,16322,NA,Energy,21374.41,5,6,1,0.653,567.0,Poor,4,Email,0,0,DCA-03,2025-12-20,16,2026-01-05,In Progress,0,0.0,,,0,0,0,Low
C002011,14967,NA,Automotive,9938.17,6,170,1,1.0,679.8,Good,2,Phone,0,0,DCA-10,2025-07-07,26,2025-08-02,Closed,1,8444.72,55.0,2025-08-31,0,1,0,Medium
C002012,13929,EU,FMCG,20301.57,4,97,1,0.87,671.0,Good,6,Email,0,0,DCA-06,2026-01-11,15,2026-01-26,In Progress,0,0.0,,,0,0,0,Low
C002013,11531,EU,Technology,10465.27,6,275,0,0.915,659.1,Fair,4,Phone,0,0,DCA-08,2025-07-30,26,2025-08-25,Escalated,0,0.0,,,0,0,1,Medium
C002014,19218,NA,Logistics,41822.65,7,123,1,0.9,626.0,Fair,8,Email,0,0,DCA-07,2025-01-10,9,2025-01-19,In Progress,0,0.0,,,0,0,0,Low
C002015,16476,LATAM,Healthcare,17729.68,2,149,0,0.804,644.7,Fair,4,SMS,0,0,DCA-02,2025-09-21,29,2025-10-20,In Progress,0,0.0,,,0,0,0,Low
C002016,13191,APAC,Automotive,16053.02,7,195,0,1.0,570.1,Poor,1,Email,0,0,DCA-10,2025-10-06,24,2025-10-30,Escalated,0,0.0,,,0,0,1,Low
C002017,14139,EU,Automotive,14602.54,5,350,0,0.562,539.9,Poor,7,Phone,0,0,DCA-06,2025-11-23,23,2025-12-16,Escalated,0,0.0,,,0,0,1,Low
C002018,17261,IND,FMCG,45169.91,4,27,0,1.0,725.6,Good,5,Phone,0,1,DCA-07,2025-02-08,19,2025-02-27,Closed,1,45169.91,26.0,2025-03-06,1,1,0,High
C002019,17195,APAC,Retail,4896.98,6,202,1,0.718,549.7,Poor,1,SMS,0,0,DCA-06,2025-08-10,7,2025-08-17,Escalated,0,0.0,,,0,0,1,Low
C002020,14610,EU,Technology,48378.05,2,142,0,0.651,618.8,Fair,4,Phone,0,1,DCA-08,2025-10-07,16,2025-10-23,PTP,0,0.0,,,0,0,0,Medium
C002021,13029,IND,Healthcare,11727.51,5,14,1,1.0,736.4,Good,0,Phone,0,0,DCA-10,2025-01-27,20,2025-02-16,Closed,1,10736.42,46.0,2025-03-14,0,1,0,Medium
C002022,16599,APAC,Technology,4992.52,5,297,0,1.0,686.4,Good,4,Email,1,0,DCA-04,2025-03-26,19,2025-04-14,Escalated,0,0.0,,,0,0,1,Low
C002023,16582,APAC,Automotive,7890.8,7,333,1,0.534,452.5,Poor,4,Email,0,0,DCA-09,2025-12-10,12,2025-12-22,Escalated,0,0.0,,,0,0,1,Low
C002024,15996,MEA,FMCG,4206.7,5,64,0,1.0,751.3,Very Good,2,Email,1,0,DCA-02,2026-01-22,18,2026-02-09,Dispute,0,0.0,,,0,0,0,Medium
C002025,10728,IND,Healthcare,21111.22,4,277,2,0.758,560.4,Poor,6,Email,0,1,DCA-05,2025-03-26,22,2025-04-17,PTP,0,0.0,,,0,0,1,Low
C002026,14727,MEA,FMCG,6458.77,4,256,0,0.903,670.6,Good,3,Phone,0,0,DCA-09,2025-10-21,12,2025-11-02,Closed,1,5864.34,69.0,2025-12-29,0,0,0,Low
C002027,16139,IND,Finance,15033.97,4,257,5,0.5,536.7,Poor,4,SMS,0,0,DCA-06,2025-08-30,27,2025-09-26,Escalated,0,0.0,,,0,0,1,Low
C002028,19500,IND,Energy,29553.34,7,168,2,0.59,658.2,Fair,3,Phone,0,0,DCA-01,2025-10-05,10,2025-10-15,In Progress,0,0.0,,,0,0,0,Low
C002029,15255,IND,Retail,8346.42,6,117,2,1.0,753.2,Very Good,3,Portal,0,0,DCA-04,2025-09-13,9,2025-09-22,In Progress,0,0.0,,,0,0,0,Low
C002030,13427,MEA,Logistics,11073.69,1,26,0,0.784,670.1,Good,4,Phone,0,0,DCA-08,2025-03-28,26,2025-04-23,Closed,1,9328.65,53.0,2025-05-20,0,1,0,Medium
C002031,15557,APAC,Logistics,5364.96,4,13,1,0.825,649.4,Fair,5,Phone,1,0,DCA-04,2025-01-07,20,2025-01-27,Dispute,0,0.0,,,0,0,0,Low
C002032,11772,APAC,Logistics,10179.69,3,65,0,0.815,762.3,Very Good,5,Phone,0,0,DCA-03,2025-04-05,24,2025-04-29,In Progress,0,0.0,,,0,0,0,Medium
C002033,10906,MEA,FMCG,80968.59,2,193,0,0.782,594.4,Fair,2,Email,0,0,DCA-09,2025-05-07,22,2025-05-29,Escalated,0,0.0,,,0,0,1,Medium
C002034,16780,APAC,Manufacturing,23030.01,7,52,2,0.623,679.3,Good,1,Phone,0,1,DCA-03,2025-08-08,11,2025-08-19,Closed,1,20496.85,32.0,2025-09-09,0,1,0,Low
C002035,19861,APAC,Manufacturing,11099.87,7,250,2,0.731,620.3,Fair,8,In-person,0,0,DCA-02,2025-06-10,12,2025-06-22,Escalated,0,0.0,,,0,0,1,Low
C002036,18460,IND,Technology,8706.44,7,226,0,0.711,715.7,Good,6,Email,0,1,DCA-07,2025-03-05,9,2025-03-14,PTP,0,0.0,,,0,0,1,Medium
C002037,15836,IND,Healthcare,12966.92,3,126,1,0.953,621.3,Fair,3,Phone,0,0,DCA-07,2026-01-29,14,2026-02-12,In Progress,0,0.0,,,0,0,0,Low
C002038,10402,EU,Healthcare,14633.01,3,32,1,0.624,710.3,Good,4,Email,0,0,DCA-01,2025-05-06,20,2025-05-26,In Progress,0,0.0,,,0,0,0,Low
C002039,19879,LATAM,FMCG,9963.18,6,189,0,0.701,646.2,Fair,5,SMS,0,1,DCA-06,2025-06-28,19,2025-07-17,PTP,0,0.0,,,0,0,1,Medium
C002040,14496,IND,Manufacturing,19361.49,2,300,0,0.681,683.4,Good,1,Email,1,0,DCA-01,2025-12-28,22,2026-01-19,Escalated,0,0.0,,,0,0,1,Low
C002041,12896,IND,Retail,6853.99,1,144,0,0.54,619.1,Fair,6,Phone,0,0,DCA-10,2025-09-10,16,2025-09-26,In Progress,0,0.0,,,0,0,0,Low
C002042,18924,NA,Energy,6830.33,3,294,0,0.921,619.4,Fair,6,Email,0,1,DCA-08,2025-06-29,21,2025-07-20,Closed,1,6300.47,30.0,2025-07-29,1,1,0,Medium
C002043,17464,IND,Aviation,17311.68,5,105,0,0.916,645.8,Fair,5,Email,0,0,DCA-08,2025-02-20,9,2025-03-01,In Progress,0,0.0,,,0,0,0,Low
C002044,17496,IND,Aviation,5895.54,4,30,1,0.862,680.4,Good,1,Phone,0,0,DCA-08,2025-05-15,13,2025-05-28,In Progress,0,0.0,,,0,0,0,Medium
C002045,12777,EU,Aviation,22254.78,2,237,1,0.59,550.8,Poor,2,Email,0,0,DCA-02,2026-01-23,25,2026-02-17,Escalated,0,0.0,,,0,0,1,Low
C002046,19918,IND,Retail,13226.84,4,324,0,0.994,697.4,Good,4,Phone,0,1,DCA-02,2025-12-05,24,2025-12-29,PTP,0,0.0,,,0,0,1,Low
C002047,14528,APAC,Finance,3716.22,7,322,1,0.885,647.1,Fair,5,Email,0,0,DCA-05,2025-05-26,25,2025-06-20,Escalated,0,0.0,,,0,0,1,Low
C002048,15314,IND,Manufacturing,14424.01,2,350,0,1.0,652.4,Fair,9,Portal,0,0,DCA-07,2025-09-21,12,2025-10-03,Closed,1,11694.45,69.0,2025-11-29,0,0,0,Low
C002049,17509,NA,Manufacturing,4106.79,3,40,0,0.74,677.7,Good,1,Phone,0,0,DCA-10,2025-04-04,21,2025-04-25,Closed,1,3079.94,35.0,2025-05-09,0,1,0,Medium
C002050,16599,NA,Technology,21706.2,3,16,0,1.0,733.8,Good,0,Email,1,0,DCA-03,2025-06-28,19,2025-07-17,Closed,1,19026.22,62.0,2025-08-29,0,0,0,Medium
C002051,11722,APAC,Manufacturing,11225.01,3,208,0,1.0,688.4,Good,4,Email,0,0,DCA-10,2025-08-09,20,2025-08-29,Escalated,0,0.0,,,0,0,1,Low
C002052,13024,NA,Logistics,48813.34,5,346,1,1.0,714.0,Good,5,SMS,0,1,DCA-01,2025-11-01,11,2025-11-12,Closed,1,41106.05,54.0,2025-12-25,0,1,0,Low
C002053,13611,LATAM,Technology,28280.25,3,364,3,0.841,620.3,Fair,6,Email,0,0,DCA-04,2025-06-03,11,2025-06-14,Closed,1,23992.72,74.0,2025-08-16,0,0,0,Low
C002054,19475,EU,FMCG,6358.29,5,102,0,0.85,658.4,Fair,4,Phone,0,0,DCA-05,2025-03-25,15,2025-04-09,In Progress,0,0.0,,,0,0,0,Low
C002055,17145,EU,Retail,3246.98,1,137,0,1.0,735.2,Good,4,Portal,0,0,DCA-04,2025-04-15,16,2025-05-01,In Progress,0,0.0,,,0,0,0,Medium
C002056,13663,MEA,Retail,7874.85,5,242,2,0.732,548.1,Poor,2,Email,0,0,DCA-09,2025-02-11,18,2025-03-01,Escalated,0,0.0,,,0,0,1,Low
C002057,17347,APAC,Logistics,5682.34,1,333,0,0.99,684.8,Good,4,In-person,0,0,DCA-05,2025-05-28,25,2025-06-22,Escalated,0,0.0,,,0,0,1,Low
C002058,17385,NA,Healthcare,47954.92,3,64,3,0.616,684.4,Good,2,Phone,0,0,DCA-08,2025-04-25,20,2025-05-15,In Progress,0,0.0,,,0,0,0,Low
C002059,13942,NA,Aviation,13263.61,7,356,0,1.0,682.7,Good,5,Email,0,0,DCA-09,2026-01-28,28,2026-02-25,Escalated,0,0.0,,,0,0,1,Low
C002060,14031,EU,FMCG,25678.08,3,298,2,0.728,512.6,Poor,3,Portal,1,0,DCA-06,2025-05-05,9,2025-05-14,Escalated,0,0.0,,,0,0,1,Low
C002061,18942,EU,Manufacturing,10943.25,5,25,1,0.569,632.0,Fair,0,Phone,0,0,DCA-04,2025-09-20,25,2025-10-15,In Progress,0,0.0,,,0,0,0,Low
C002062,15618,IND,Technology,11780.88,3,307,0,0.921,714.7,Good,4,Email,0,0,DCA-01,2025-12-22,15,2026-01-06,Closed,1,11290.99,75.0,2026-03-07,0,0,0,Low
C002063,11495,IND,Manufacturing,13058.06,7,234,0,0.772,655.8,Fair,5,Phone,0,1,DCA-08,2025-02-19,24,2025-03-15,Closed,1,10495.49,38.0,2025-03-29,0,1,0,Low
C002064,17197,EU,Healthcare,28986.27,7,357,1,0.869,575.2,Poor,7,SMS,0,0,DCA-10,2026-01-18,19,2026-02-06,Escalated,0,0.0,,,0,0,1,Low
C002065,15895,IND,Finance,16616.27,7,77,1,0.879,675.3,Good,4,Phone,0,0,DCA-03,2025-08-21,8,2025-08-29,In Progress,0,0.0,,,0,0,0,Low
C002066,15089,IND,Automotive,6373.26,3,362,0,0.871,613.7,Fair,4,SMS,0,0,DCA-10,2025-01-22,26,2025-02-17,Escalated,0,0.0,,,0,0,1,Low
C002067,17251,IND,Retail,41596.03,3,18,1,0.596,647.5,Fair,1,Email,0,0,DCA-10,2025-01-05,14,2025-01-19,In Progress,0,0.0,,,0,0,0,Low
C002068,19070,MEA,Finance,10883.78,5,28,0,0.902,714.5,Good,0,Email,0,0,DCA-07,2025-12-19,13,2026-01-01,Closed,1,9711.88,46.0,2026-02-03,0,1,0,Medium
C002069,13304,IND,Energy,9712.18,6,163,1,0.934,687.9,Good,6,Email,0,1,DCA-07,2025-07-02,12,2025-07-14,Closed,1,9654.85,28.0,2025-07-30,1,1,0,Medium
C002070,14193,APAC,Finance,1843.36,4,240,0,0.862,659.7,Fair,5,In-person,0,1,DCA-09,2025-11-23,25,2025-12-18,PTP,0,0.0,,,0,0,1,Low
C002071,11894,EU,Logistics,20828.55,6,61,1,0.854,657.3,Fair,7,Email,0,0,DCA-10,2025-04-02,22,2025-04-24,In Progress,0,0.0,,,0,0,0,Low
C002072,16470,APAC,Automotive,14338.58,7,100,1,0.683,681.6,Good,4,Portal,0,0,DCA-07,2025-03-16,30,2025-04-15,In Progress,0,0.0,,,0,0,0,Low
C002073,14027,IND,Retail,14327.67,6,142,1,0.862,722.3,Good,3,Email,1,0,DCA-01,2025-12-04,10,2025-12-14,Closed,1,12410.51,54.0,2026-01-27,0,1,1,Low
C002074,13423,APAC,Manufacturing,10077.12,3,46,0,1.0,754.0,Very Good,4,Phone,0,0,DCA-08,2025-07-07,22,2025-07-29,In Progress,0,0.0,,,0,0,0,Medium
C002075,16965,EU,Technology,8931.57,2,65,0,0.889,800.4,Excellent,1,SMS,0,0,DCA-03,2025-02-06,12,2025-02-18,In Progress,0,0.0,,,0,0,0,Medium
C002076,14081,NA,Manufacturing,10314.37,4,55,0,0.613,640.8,Fair,1,Email,0,0,DCA-06,2025-07-11,24,2025-08-04,Closed,1,8602.88,53.0,2025-09-02,0,1,0,Medium
C002077,14643,IND,Retail,18475.72,5,348,1,0.712,697.2,Good,9,Email,0,0,DCA-07,2025-04-24,11,2025-05-05,Escalated,0,0.0,,,0,0,1,Low
C002078,14400,MEA,Technology,20897.45,6,341,0,1.0,585.2,Fair,5,Email,0,0,DCA-04,2025-03-23,26,2025-04-18,Escalated,0,0.0,,,0,0,1,Low
C002079,12585,APAC,Aviation,11364.82,3,229,2,0.582,603.6,Fair,3,Phone,0,0,DCA-02,2025-09-23,16,2025-10-09,Escalated,0,0.0,,,0,0,1,Low
C002080,11258,EU,FMCG,25958.55,2,249,0,0.998,654.4,Fair,1,Email,0,0,DCA-06,2025-05-31,27,2025-06-27,Escalated,0,0.0,,,0,0,1,Low
C002081,18272,APAC,Healthcare,12641.22,3,50,0,0.86,694.2,Good,0,Email,0,0,DCA-05,2025-04-24,16,2025-05-10,Closed,1,9711.25,56.0,2025-06-19,0,1,0,Medium
C002082,10917,NA,Energy,9386.63,5,19,0,0.809,646.1,Fair,3,Email,0,1,DCA-10,2025-03-05,9,2025-03-14,Closed,1,9240.57,12.0,2025-03-17,1,1,0,Medium
C002083,13248,NA,Retail,15350.31,2,138,0,0.896,657.3,Fair,2,Portal,0,0,DCA-01,2025-11-26,12,2025-12-08,In Progress,0,0.0,,,0,0,0,Low
C002084,16674,EU,Finance,5158.65,3,359,5,0.773,566.6,Poor,4,Phone,0,0,DCA-09,2025-08-10,14,2025-08-24,Escalated,0,0.0,,,0,0,1,Low
C002085,11312,NA,Logistics,15723.36,2,174,2,0.745,559.0,Poor,4,Portal,0,0,DCA-05,2025-12-28,11,2026-01-08,In Progress,0,0.0,,,0,0,0,Low
C002086,16555,NA,Automotive,4539.05,7,295,1,0.74,583.1,Fair,8,Email,0,0,DCA-02,2025-05-15,19,2025-06-03,Escalated,0,0.0,,,0,0,1,Low
C002087,17330,EU,Manufacturing,6506.72,4,135,7,0.641,528.8,Poor,2,Email,0,0,DCA-03,2025-01-03,26,2025-01-29,In Progress,0,0.0,,,0,0,0,Low
C002088,16629,IND,Automotive,3251.64,6,113,1,0.877,801.6,Excellent,4,Phone,0,0,DCA-01,2025-07-02,15,2025-07-17,In Progress,0,0.0,,,0,0,0,Low
C002089,13050,NA,Energy,11818.46,4,296,2,0.908,662.1,Fair,1,Email,0,0,DCA-06,2025-05-14,8,2025-05-22,Closed,1,10109.68,63.0,2025-07-16,0,0,0,Low
C002090,10197,IND,Technology,41222.67,1,172,1,0.724,679.5,Good,5,Email,0,0,DCA-10,2025-07-15,12,2025-07-27,In Progress,0,0.0,,,0,0,0,Low
C002091,18873,LATAM,Retail,12308.51,2,267,0,0.885,660.6,Fair,3,Phone,0,0,DCA-08,2025-07-11,17,2025-07-28,Escalated,0,0.0,,,0,0,1,Low
C002092,13265,NA,Automotive,20962.91,6,265,0,0.875,662.9,Fair,4,Phone,0,1,DCA-03,2025-07-27,28,2025-08-24,PTP,0,0.0,,,0,0,1,Low
C002093,18050,APAC,FMCG,69329.08,4,265,0,0.934,672.3,Good,5,Email,0,0,DCA-04,2025-11-10,20,2025-11-30,Escalated,0,0.0,,,0,0,1,Low
C002094,11978,LATAM,Energy,17726.91,5,247,1,0.725,570.4,Poor,2,Portal,0,0,DCA-03,2025-03-14,25,2025-04-08,Closed,1,15710.05,62.0,2025-05-15,0,0,0,Low
C002095,11624,NA,Automotive,7819.31,6,295,0,0.863,538.3,Poor,4,Portal,1,0,DCA-02,2026-01-21,12,2026-02-02,Escalated,0,0.0,,,0,0,1,Low
C002096,17781,NA,Retail,8610.19,4,169,1,0.701,618.2,Fair,4,Phone,0,0,DCA-02,2025-01-06,12,2025-01-18,In Progress,0,0.0,,,0,0,0,Low
C002097,19397,NA,Healthcare,13365.88,5,111,0,1.0,780.2,Very Good,3,Phone,0,1,DCA-08,2025-07-29,9,2025-08-07,Closed,1,11608.98,23.0,2025-08-21,1,1,0,Medium
C002098,18606,IND,FMCG,8578.15,2,187,0,1.0,681.9,Good,3,Phone,0,1,DCA-06,2025-08-15,12,2025-08-27,Closed,1,8005.61,31.0,2025-09-15,0,1,0,Low
C002099,17512,NA,FMCG,9039.32,2,119,0,0.922,644.5,Fair,4,Email,0,0,DCA-03,2025-11-06,29,2025-12-05,Closed,1,7627.02,60.0,2026-01-05,0,1,0,Medium
C002100,12466,LATAM,Aviation,26626.91,2,16,0,1.0,603.4,Fair,1,Phone,0,0,DCA-03,2025-04-30,22,2025-05-22,Closed,1,22694.67,57.0,2025-06-26,0,1,0,Medium
C002101,19132,EU,Finance,27400.3,3,132,1,1.0,836.6,Excellent,3,Email,0,0,DCA-08,2025-10-06,19,2025-10-25,In Progress,0,0.0,,,0,0,0,Medium
C002102,16678,LATAM,Technology,4218.25,5,183,1,0.597,541.5,Poor,2,Portal,0,0,DCA-01,2025-01-26,18,2025-02-13,Escalated,0,0.0,,,0,0,1,Low
C002103,11721,NA,FMCG,7534.75,7,190,0,0.932,620.9,Fair,3,Phone,1,0,DCA-02,2025-06-23,9,2025-07-02,Escalated,0,0.0,,,0,0,1,Low
C002104,11293,APAC,Technology,9654.67,4,124,0,1.0,695.6,Good,2,Phone,0,1,DCA-04,2025-05-29,14,2025-06-12,Closed,1,8937.35,37.0,2025-07-05,0,1,0,Medium
C002105,18711,IND,Retail,20320.03,5,265,1,0.636,607.1,Fair,2,SMS,0,0,DCA-09,2026-01-15,11,2026-01-26,Escalated,0,0.0,,,0,0,1,Low
C002106,12751,IND,Finance,29737.17,7,104,0,0.989,732.3,Good,1,SMS,0,0,DCA-09,2026-01-26,27,2026-02-22,In Progress,0,0.0,,,0,0,0,Medium
C002107,17658,APAC,Automotive,88554.86,5,236,0,1.0,676.5,Good,3,Email,1,0,DCA-01,2025-12-16,13,2025-12-29,Escalated,0,0.0,,,0,0,1,Low
C002108,11386,NA,Healthcare,9643.4,2,99,0,0.82,628.7,Fair,3,Phone,0,0,DCA-06,2025-09-02,29,2025-10-01,In Progress,0,0.0,,,0,0,0,Medium
C002109,12805,IND,Automotive,9986.5,2,360,0,0.747,530.5,Poor,4,Portal,1,0,DCA-09,2025-01-17,12,2025-01-29,Escalated,0,0.0,,,0,0,1,Low
C002110,12835,APAC,Automotive,20170.96,5,237,2,0.844,606.1,Fair,4,Phone,0,1,DCA-06,2025-10-13,15,2025-10-28,PTP,0,0.0,,,0,0,1,Low
C002111,12811,EU,FMCG,8287.04,3,203,1,1.0,626.7,Fair,5,Email,0,1,DCA-05,2025-03-21,9,2025-03-30,Closed,1,7591.34,46.0,2025-05-06,0,1,0,Medium
C002112,16747,IND,Technology,12104.43,2,157,0,0.824,577.1,Poor,2,Portal,0,0,DCA-09,2025-11-30,22,2025-12-22,In Progress,0,0.0,,,0,0,0,Low
C002113,19143,APAC,FMCG,9991.33,5,276,2,0.905,558.9,Poor,4,Portal,0,0,DCA-08,2025-05-31,10,2025-06-10,Escalated,0,0.0,,,0,0,1,Low
C002114,19103,IND,Automotive,2132.06,5,155,0,0.906,756.2,Very Good,3,Email,0,1,DCA-06,2025-09-25,15,2025-10-10,PTP,0,0.0,,,0,0,0,Medium
C002115,17415,APAC,FMCG,14563.35,2,293,2,0.776,572.6,Poor,4,Email,0,0,DCA-02,2025-08-10,30,2025-09-09,Escalated,0,0.0,,,0,0,1,Low
C002116,12025,APAC,Logistics,11758.68,1,58,0,0.885,699.5,Good,3,Email,0,1,DCA-02,2025-06-23,29,2025-07-22,PTP,0,0.0,,,0,0,0,Medium
C002117,19605,EU,Retail,32528.17,6,299,1,0.586,574.6,Poor,3,Portal,0,0,DCA-03,2025-09-10,9,2025-09-19,Escalated,0,0.0,,,0,0,1,Low
C002118,15420,EU,Logistics,13411.17,3,351,1,0.685,629.1,Fair,5,In-person,0,0,DCA-06,2025-12-09,16,2025-12-25,Escalated,0,0.0,,,0,0,1,Low
C002119,15459,EU,Technology,5550.69,5,89,1,0.841,594.0,Fair,1,Phone,0,0,DCA-06,2025-10-17,20,2025-11-06,In Progress,0,0.0,,,0,0,0,Low
C002120,17013,IND,Retail,11151.52,2,82,1,0.89,671.2,Good,7,Portal,0,0,DCA-07,2025-05-01,11,2025-05-12,In Progress,0,0.0,,,0,0,0,Low
C002121,17690,EU,Automotive,3090.98,3,348,0,1.0,800.5,Excellent,2,Email,0,0,DCA-02,2025-03-14,8,2025-03-22,Escalated,0,0.0,,,0,0,1,Low
C002122,19529,EU,Retail,5723.62,5,148,2,1.0,636.5,Fair,6,Phone,0,0,DCA-06,2025-04-11,16,2025-04-27,In Progress,0,0.0,,,0,0,0,Low
C002123,15823,IND,Automotive,20844.68,1,254,0,0.64,561.5,Poor,3,Email,1,0,DCA-07,2025-07-27,18,2025-08-14,Closed,1,14133.16,66.0,2025-10-01,0,0,1,Low
C002124,16100,IND,FMCG,11235.81,3,70,0,0.827,691.4,Good,2,In-person,0,0,DCA-09,2025-04-13,14,2025-04-27,Closed,1,9547.4,49.0,2025-06-01,0,1,0,Medium
C002125,17455,APAC,Aviation,25482.72,6,156,0,0.812,620.5,Fair,2,Email,0,0,DCA-03,2025-11-11,27,2025-12-08,Closed,1,23177.75,54.0,2026-01-04,0,1,0,Medium
C002126,12551,NA,FMCG,3371.71,6,256,0,0.666,543.5,Poor,3,Portal,0,0,DCA-03,2025-05-18,19,2025-06-06,Closed,1,2552.38,64.0,2025-07-21,0,0,0,Low
C002127,13077,NA,Finance,11274.25,3,326,2,0.92,625.3,Fair,6,SMS,0,0,DCA-10,2025-03-20,16,2025-04-05,Escalated,0,0.0,,,0,0,1,Low
C002128,16254,LATAM,Finance,9577.21,1,159,1,0.888,639.6,Fair,2,Portal,0,1,DCA-01,2025-11-04,9,2025-11-13,PTP,0,0.0,,,0,0,0,Medium
C002129,10641,IND,FMCG,26084.43,1,28,1,0.81,673.4,Good,5,Phone,0,0,DCA-05,2025-10-23,29,2025-11-21,In Progress,0,0.0,,,0,0,0,Low
C002130,13204,MEA,Aviation,21395.46,4,151,0,0.876,600.8,Fair,2,Phone,0,0,DCA-10,2025-02-12,21,2025-03-05,In Progress,0,0.0,,,0,0,0,Low
C002131,17179,IND,Aviation,20943.35,5,235,0,0.805,667.4,Fair,4,Email,0,0,DCA-06,2025-07-25,28,2025-08-22,Escalated,0,0.0,,,0,0,1,Low
C002132,19761,APAC,Technology,39300.28,5,319,0,1.0,750.4,Very Good,4,Email,0,0,DCA-06,2025-07-26,25,2025-08-20,Escalated,0,0.0,,,0,0,1,Low
C002133,15194,IND,FMCG,10325.16,3,304,0,0.78,767.8,Very Good,1,Phone,0,0,DCA-03,2025-05-30,21,2025-06-20,Escalated,0,0.0,,,0,0,1,Low
C002134,13996,MEA,FMCG,34014.99,1,277,2,0.746,602.9,Fair,0,Email,0,0,DCA-08,2025-08-26,13,2025-09-08,Escalated,0,0.0,,,0,0,1,Low
C002135,14403,IND,Automotive,6432.1,2,61,1,0.85,730.3,Good,2,Phone,0,0,DCA-10,2025-07-25,13,2025-08-07,In Progress,0,0.0,,,0,0,0,Low
C002136,16854,LATAM,Finance,6269.08,1,190,2,0.796,627.3,Fair,5,Email,0,0,DCA-05,2026-01-03,13,2026-01-16,Escalated,0,0.0,,,0,0,1,Low
C002137,15444,NA,Finance,22627.53,4,210,1,0.774,641.3,Fair,3,Phone,0,0,DCA-09,2025-02-22,23,2025-03-17,Escalated,0,0.0,,,0,0,1,Low
C002138,10232,IND,Healthcare,4659.58,3,171,1,0.676,616.7,Fair,5,Email,0,0,DCA-01,2025-06-01,15,2025-06-16,In Progress,0,0.0,,,0,0,0,Low
C002139,15392,EU,Energy,19949.03,1,336,0,1.0,568.3,Poor,4,Email,0,0,DCA-09,2025-06-09,10,2025-06-19,Escalated,0,0.0,,,0,0,1,Low
C002140,14000,NA,Logistics,14341.59,5,350,1,0.638,594.1,Fair,7,Email,0,0,DCA-10,2025-07-08,19,2025-07-27,Escalated,0,0.0,,,0,0,1,Low
C002141,17008,IND,FMCG,28290.94,3,77,1,0.789,665.4,Fair,3,Email,0,1,DCA-09,2025-10-15,8,2025-10-23,PTP,0,0.0,,,0,0,0,Medium
C002142,18751,EU,Automotive,12815.23,7,349,0,0.536,558.3,Poor,3,Phone,0,1,DCA-01,2025-09-29,9,2025-10-08,PTP,0,0.0,,,0,0,1,Low
C002143,19624,IND,FMCG,13894.3,3,309,0,1.0,684.7,Good,3,Email,0,0,DCA-07,2026-01-08,27,2026-02-04,Escalated,0,0.0,,,0,0,1,Low
C002144,16102,IND,Logistics,19081.71,1,257,0,0.818,625.4,Fair,5,Phone,0,1,DCA-01,2025-03-07,20,2025-03-27,PTP,0,0.0,,,0,0,1,Low
C002145,13625,MEA,Automotive,8401.33,5,139,1,0.753,578.7,Poor,2,Phone,0,0,DCA-01,2025-04-12,12,2025-04-24,Closed,1,7081.99,52.0,2025-06-03,0,1,0,Low
C002146,14439,IND,Automotive,8149.04,5,277,0,0.506,556.3,Poor,2,Email,0,0,DCA-01,2025-06-10,22,2025-07-02,Escalated,0,0.0,,,0,0,1,Low
C002147,11764,IND,Aviation,18622.03,7,214,0,0.976,650.9,Fair,5,Phone,0,0,DCA-02,2025-10-16,16,2025-11-01,Escalated,0,0.0,,,0,0,1,Low
C002148,19359,LATAM,Finance,13088.62,5,328,2,0.894,602.3,Fair,8,Email,0,0,DCA-06,2025-01-13,30,2025-02-12,Escalated,0,0.0,,,0,0,1,Low
C002149,18473,LATAM,Automotive,10045.5,3,259,2,0.776,656.8,Fair,7,Email,1,1,DCA-08,2025-03-31,27,2025-04-27,Escalated,0,0.0,,,0,0,1,Low
C002150,18539,MEA,Finance,12607.55,5,352,0,0.845,569.9,Poor,9,SMS,0,0,DCA-02,2025-01-01,30,2025-01-31,Escalated,0,0.0,,,0,0,1,Low
C002151,13281,NA,Manufacturing,40789.98,6,153,0,0.743,687.7,Good,7,Phone,0,0,DCA-01,2025-01-25,13,2025-02-07,In Progress,0,0.0,,,0,0,0,Low
C002152,13222,MEA,Manufacturing,9797.54,4,30,0,0.737,665.4,Fair,3,In-person,0,0,DCA-05,2025-06-17,14,2025-07-01,Closed,1,8076.15,61.0,2025-08-17,0,0,0,Medium
C002153,18566,NA,Aviation,9600.65,6,180,2,0.729,616.7,Fair,8,Portal,0,0,DCA-05,2025-04-14,21,2025-05-05,In Progress,0,0.0,,,0,0,0,Low
C002154,15445,IND,Energy,4043.19,7,364,1,0.412,509.2,Poor,5,Email,0,0,DCA-05,2025-11-19,22,2025-12-11,Escalated,0,0.0,,,0,0,1,Low
C002155,17046,MEA,Logistics,12969.46,6,239,3,0.562,661.8,Fair,4,Portal,1,1,DCA-06,2025-02-13,10,2025-02-23,Escalated,0,0.0,,,0,0,1,Low
C002156,14898,NA,Manufacturing,21158.95,4,256,0,0.746,590.9,Fair,6,Email,0,0,DCA-10,2025-06-01,24,2025-06-25,Escalated,0,0.0,,,0,0,1,Low
C002157,14427,IND,FMCG,23988.71,4,228,1,0.72,592.1,Fair,5,Phone,0,1,DCA-03,2025-01-29,16,2025-02-14,PTP,0,0.0,,,0,0,1,Medium
C002158,16322,IND,Technology,14411.08,6,216,0,0.742,586.7,Fair,3,Phone,0,0,DCA-06,2025-08-07,26,2025-09-02,Closed,1,10429.42,81.0,2025-10-27,0,0,0,Low
C002159,18129,LATAM,Logistics,26084.16,7,23,0,0.927,720.6,Good,1,Phone,0,0,DCA-09,2025-09-12,18,2025-09-30,In Progress,0,0.0,,,0,0,0,High
C002160,13341,NA,Technology,22289.28,2,151,1,0.917,635.9,Fair,3,Portal,0,0,DCA-05,2025-07-06,9,2025-07-15,In Progress,0,0.0,,,0,0,0,Low
C002161,18091,IND,Healthcare,29116.64,1,32,0,1.0,800.0,Very Good,2,Portal,0,1,DCA-01,2025-02-15,20,2025-03-07,Closed,1,29116.64,35.0,2025-03-22,0,1,0,Medium
C002162,12442,IND,Finance,26609.19,6,123,3,0.692,577.7,Poor,1,Phone,1,0,DCA-04,2025-06-19,10,2025-06-29,Escalated,0,0.0,,,0,0,1,Low
C002163,14028,NA,Manufacturing,40094.11,2,263,1,1.0,740.5,Very Good,7,Portal,0,0,DCA-07,2025-12-03,24,2025-12-27,Escalated,0,0.0,,,0,0,1,Low
C002164,19126,APAC,Technology,11863.42,7,293,0,0.899,623.6,Fair,8,Portal,0,0,DCA-02,2025-08-30,14,2025-09-13,Escalated,0,0.0,,,0,0,1,Low
C002165,19544,IND,Energy,5276.72,1,82,0,0.877,715.1,Good,4,SMS,0,0,DCA-07,2025-08-19,19,2025-09-07,Closed,1,5276.72,43.0,2025-10-01,0,1,0,Medium
C002166,19238,IND,Aviation,21260.44,7,239,3,0.659,568.7,Poor,2,Phone,0,0,DCA-01,2026-01-11,13,2026-01-24,Escalated,0,0.0,,,0,0,1,Low
C002167,13160,IND,Retail,23072.28,5,83,1,1.0,684.8,Good,1,Phone,0,0,DCA-07,2025-03-23,10,2025-04-02,In Progress,0,0.0,,,0,0,0,Medium
C002168,18433,MEA,Aviation,40094.59,3,74,0,1.0,738.6,Good,2,Phone,0,0,DCA-06,2025-08-06,25,2025-08-31,In Progress,0,0.0,,,0,0,0,Medium
C002169,19360,EU,Energy,32758.03,1,350,0,0.978,654.9,Fair,6,Email,0,0,DCA-07,2025-05-03,12,2025-05-15,Escalated,0,0.0,,,0,0,1,Medium
C002170,19782,MEA,Technology,52147.46,6,223,1,0.832,562.8,Poor,2,Email,0,0,DCA-01,2025-12-02,26,2025-12-28,Escalated,0,0.0,,,0,0,1,Low
C002171,10209,APAC,Energy,20617.55,1,72,0,1.0,850.0,Excellent,5,Phone,0,1,DCA-10,2025-11-02,22,2025-11-24,Closed,1,19512.01,20.0,2025-11-22,1,1,0,Medium
C002172,17449,MEA,Aviation,15680.41,1,52,0,0.897,781.2,Very Good,1,Portal,0,0,DCA-06,2025-05-13,18,2025-05-31,In Progress,0,0.0,,,0,0,0,Medium
C002173,19967,APAC,Automotive,5067.04,6,19,2,0.468,549.4,Poor,1,Email,0,0,DCA-07,2025-11-30,18,2025-12-18,In Progress,0,0.0,,,0,0,0,Low
C002174,17646,IND,Automotive,16575.28,5,181,0,0.766,642.5,Fair,5,Email,0,0,DCA-09,2025-04-21,18,2025-05-09,Escalated,0,0.0,,,0,0,1,Low
C002175,12331,LATAM,Aviation,9074.72,1,37,0,0.853,712.7,Good,4,Phone,0,0,DCA-01,2025-06-23,17,2025-07-10,In Progress,0,0.0,,,0,0,0,Medium
C002176,17625,EU,Technology,15491.66,3,213,0,0.781,647.8,Fair,7,Email,0,0,DCA-02,2025-02-01,19,2025-02-20,Escalated,0,0.0,,,0,0,1,Low
C002177,11052,EU,Manufacturing,13879.38,5,158,2,0.705,617.9,Fair,5,In-person,0,0,DCA-02,2025-06-24,7,2025-07-01,In Progress,0,0.0,,,0,0,0,Low
C002178,14806,MEA,Logistics,18586.92,5,232,0,0.79,590.6,Fair,5,Phone,0,1,DCA-02,2025-08-19,7,2025-08-26,Closed,1,18586.92,37.0,2025-09-25,0,1,0,Medium
C002179,16262,IND,Retail,12479.82,3,76,1,0.672,609.7,Fair,3,Phone,0,1,DCA-01,2025-09-15,22,2025-10-07,PTP,0,0.0,,,0,0,0,Low
C002180,14564,IND,Healthcare,25706.88,3,53,2,0.591,663.2,Fair,0,In-person,0,1,DCA-10,2025-10-19,16,2025-11-04,Closed,1,22492.15,17.0,2025-11-05,1,1,0,Low
C002181,16998,IND,Logistics,1985.83,1,37,0,0.836,635.4,Fair,1,Portal,0,1,DCA-04,2025-10-23,26,2025-11-18,PTP,0,0.0,,,0,0,0,Low
C002182,12402,NA,Retail,15260.08,1,35,4,0.975,607.4,Fair,4,Portal,0,1,DCA-02,2025-09-06,9,2025-09-15,PTP,0,0.0,,,0,0,0,Low
C002183,16062,LATAM,FMCG,31000.01,7,27,0,1.0,755.5,Very Good,2,SMS,0,0,DCA-08,2025-06-06,9,2025-06-15,In Progress,0,0.0,,,0,0,0,Medium
C002184,16448,MEA,Technology,49465.66,2,95,0,1.0,719.4,Good,3,Phone,0,1,DCA-04,2025-12-02,10,2025-12-12,PTP,0,0.0,,,0,0,0,Low
C002185,16337,NA,Technology,22300.69,7,292,0,0.981,760.0,Very Good,5,SMS,0,1,DCA-02,2025-05-05,27,2025-06-01,Closed,1,21125.32,39.0,2025-06-13,0,1,0,Low
C002186,12893,EU,Finance,43452.26,1,221,1,1.0,696.4,Good,3,Phone,0,0,DCA-10,2025-03-25,23,2025-04-17,Escalated,0,0.0,,,0,0,1,Low
C002187,13053,MEA,Energy,15036.79,7,92,0,0.956,744.1,Very Good,3,Phone,0,0,DCA-09,2025-04-21,18,2025-05-09,In Progress,0,0.0,,,0,0,0,Medium
C002188,12578,IND,Technology,13386.52,3,340,0,0.896,700.8,Good,10,Phone,0,0,DCA-06,2025-09-20,20,2025-10-10,Escalated,0,0.0,,,0,0,1,Low
C002189,14617,NA,Healthcare,19352.77,6,278,0,0.753,639.4,Fair,7,Portal,0,0,DCA-05,2025-09-10,14,2025-09-24,Escalated,0,0.0,,,0,0,1,Low
C002190,15859,IND,FMCG,13329.89,6,284,0,0.937,678.0,Good,8,Email,0,0,DCA-02,2025-07-15,17,2025-08-01,Closed,1,12101.08,74.0,2025-09-27,0,0,0,Low
C002191,13625,APAC,Technology,7726.02,3,328,0,1.0,833.9,Excellent,4,Portal,0,0,DCA-05,2025-12-24,14,2026-01-07,Escalated,0,0.0,,,0,0,1,Low
C002192,14099,EU,Retail,9314.54,6,272,0,0.816,747.4,Very Good,6,SMS,0,1,DCA-05,2025-05-05,25,2025-05-30,PTP,0,0.0,,,0,0,1,Low
C002193,12864,EU,Logistics,6133.33,3,349,1,0.883,561.5,Poor,8,Email,0,1,DCA-06,2025-02-17,25,2025-03-14,PTP,0,0.0,,,0,0,1,Low
C002194,12188,IND,Logistics,19338.71,6,121,0,0.821,707.9,Good,6,Phone,0,1,DCA-04,2025-07-12,20,2025-08-01,Closed,1,16264.06,39.0,2025-08-20,0,1,0,Medium
C002195,16574,NA,Aviation,13466.69,7,312,0,0.632,467.6,Poor,5,Phone,0,1,DCA-06,2025-04-24,12,2025-05-06,Closed,1,11350.87,29.0,2025-05-23,1,1,0,Low
C002196,18160,IND,Healthcare,10381.7,6,41,0,0.731,696.5,Good,5,Phone,0,1,DCA-06,2025-10-12,13,2025-10-25,Closed,1,10284.69,27.0,2025-11-08,1,1,0,Medium
C002197,12907,EU,FMCG,8985.09,6,110,2,0.84,592.4,Fair,1,Email,0,0,DCA-01,2025-07-23,16,2025-08-08,Closed,1,7445.43,65.0,2025-09-26,0,0,0,Low
C002198,18605,EU,Logistics,19025.58,3,325,3,1.0,617.6,Fair,4,Email,0,0,DCA-02,2025-12-18,22,2026-01-09,Escalated,0,0.0,,,0,0,1,Low
C002199,15709,MEA,Automotive,23070.59,1,49,0,0.978,703.5,Good,2,Phone,0,0,DCA-05,2025-10-24,28,2025-11-21,In Progress,0,0.0,,,0,0,0,Medium
C002200,11676,APAC,Aviation,6055.0,4,183,0,1.0,736.0,Good,3,Email,0,1,DCA-10,2025-08-26,13,2025-09-08,PTP,0,0.0,,,0,0,1,Medium
C002201,13659,NA,Energy,5424.17,1,124,0,0.932,681.8,Good,2,Email,0,0,DCA-10,2025-06-15,26,2025-07-11,In Progress,0,0.0,,,0,0,0,Medium
C002202,10075,IND,Technology,26060.0,4,37,0,0.974,760.2,Very Good,2,Portal,0,0,DCA-06,2025-09-19,9,2025-09-28,In Progress,0,0.0,,,0,0,0,Medium
C002203,10391,APAC,Retail,5102.1,7,86,0,0.84,630.6,Fair,5,Phone,0,1,DCA-06,2025-05-22,10,2025-06-01,Closed,1,4593.35,42.0,2025-07-03,0,1,0,Medium
C002204,13361,APAC,Manufacturing,19599.14,1,195,0,0.769,702.4,Good,3,Portal,0,1,DCA-06,2026-01-05,29,2026-02-03,PTP,0,0.0,,,0,0,1,Medium
C002205,14544,APAC,Automotive,41433.14,7,230,0,1.0,583.8,Fair,6,Phone,0,1,DCA-03,2025-08-23,14,2025-09-06,PTP,0,0.0,,,0,0,1,Medium
C002206,17975,MEA,Retail,41500.65,5,246,2,0.807,632.4,Fair,7,Phone,0,1,DCA-05,2025-10-20,27,2025-11-16,PTP,0,0.0,,,0,0,1,Low
C002207,11343,IND,Logistics,22393.16,1,48,1,0.743,709.5,Good,0,Portal,1,1,DCA-06,2025-03-27,15,2025-04-11,Closed,1,19400.28,28.0,2025-04-24,1,1,0,Low
C002208,18391,NA,Technology,21942.19,6,117,0,0.967,723.9,Good,4,Phone,0,1,DCA-09,2025-03-29,20,2025-04-18,Closed,1,20556.21,22.0,2025-04-20,1,1,0,High
C002209,12345,MEA,Technology,64623.62,1,38,3,0.749,759.8,Very Good,2,Phone,0,0,DCA-04,2025-07-08,7,2025-07-15,In Progress,0,0.0,,,0,0,0,Low
C002210,11383,NA,Energy,2606.92,5,4,1,0.784,640.9,Fair,1,Email,0,0,DCA-02,2025-10-30,9,2025-11-08,Closed,1,2078.9,51.0,2025-12-20,0,1,0,Medium
C002211,16998,NA,Aviation,9652.43,4,143,1,1.0,743.6,Very Good,4,Email,0,1,DCA-02,2025-12-27,29,2026-01-25,PTP,0,0.0,,,0,0,0,Low
C002212,17743,IND,Logistics,24196.04,6,227,2,0.893,643.7,Fair,6,Email,0,1,DCA-04,2025-02-20,17,2025-03-09,PTP,0,0.0,,,0,0,1,Low
C002213,16049,IND,Retail,10550.19,3,135,0,0.897,712.1,Good,2,Email,0,0,DCA-06,2025-02-08,25,2025-03-05,In Progress,0,0.0,,,0,0,0,Low
C002214,11157,EU,Finance,31819.83,1,15,0,0.922,712.2,Good,2,Portal,0,0,DCA-10,2025-02-22,20,2025-03-14,In Progress,0,0.0,,,0,0,0,Medium
C002215,11153,APAC,Finance,12996.72,3,81,1,1.0,790.9,Very Good,1,SMS,0,0,DCA-02,2025-02-08,23,2025-03-03,In Progress,0,0.0,,,0,0,0,Low
C002216,13900,LATAM,Healthcare,14650.37,6,158,1,0.673,694.2,Good,2,Email,0,1,DCA-01,2026-01-11,14,2026-01-25,PTP,0,0.0,,,0,0,0,Low
C002217,14506,LATAM,Aviation,11022.87,7,130,2,0.691,609.3,Fair,2,Email,0,0,DCA-03,2025-03-01,29,2025-03-30,In Progress,0,0.0,,,0,0,0,Low
C002218,19986,IND,Finance,9267.25,2,301,0,0.782,664.0,Fair,0,Phone,0,0,DCA-07,2025-02-14,11,2025-02-25,Closed,1,6829.74,61.0,2025-04-16,0,0,0,Low
C002219,12864,EU,Automotive,9109.04,3,218,5,0.549,448.2,Poor,5,Email,0,0,DCA-10,2025-05-06,24,2025-05-30,Escalated,0,0.0,,,0,0,1,Low
C002220,11925,LATAM,FMCG,16152.28,7,364,0,0.874,542.0,Poor,0,Phone,0,0,DCA-07,2025-11-24,19,2025-12-13,Escalated,0,0.0,,,0,0,1,Low
C002221,19459,NA,Healthcare,7768.28,3,64,4,0.751,639.4,Fair,0,Email,0,1,DCA-08,2025-12-28,19,2026-01-16,Closed,1,6939.92,23.0,2026-01-20,1,1,0,Low
C002222,11539,IND,Energy,26036.21,2,135,1,0.693,652.9,Fair,4,Phone,0,0,DCA-07,2025-09-24,28,2025-10-22,In Progress,0,0.0,,,0,0,0,Low
C002223,10264,MEA,Logistics,21104.85,6,32,2,0.543,607.7,Fair,2,Portal,0,0,DCA-10,2025-08-23,7,2025-08-30,In Progress,0,0.0,,,0,0,0,Low
C002224,14228,LATAM,Aviation,28842.1,4,8,0,0.854,778.8,Very Good,0,Phone,0,0,DCA-06,2025-10-26,14,2025-11-09,In Progress,0,0.0,,,0,0,0,Medium
C002225,14010,NA,Healthcare,6061.74,5,337,0,1.0,803.5,Excellent,1,Portal,0,0,DCA-07,2025-02-05,25,2025-03-02,Escalated,0,0.0,,,0,0,1,Low
C002226,16196,NA,Retail,4065.8,4,180,0,0.912,659.2,Fair,0,Phone,1,1,DCA-10,2025-08-10,27,2025-09-06,Escalated,0,0.0,,,0,0,1,Low
C002227,18777,NA,Retail,13320.64,5,241,0,0.807,618.1,Fair,5,Phone,0,0,DCA-06,2025-01-23,29,2025-02-21,Closed,1,11763.55,66.0,2025-03-30,0,0,0,Low
C002228,19329,EU,Energy,101636.75,2,101,3,0.578,703.7,Good,8,Phone,0,1,DCA-03,2025-10-27,16,2025-11-12,PTP,0,0.0,,,0,0,0,Low
C002229,12896,APAC,Finance,32414.01,6,19,0,0.675,630.4,Fair,3,SMS,0,0,DCA-10,2025-07-15,16,2025-07-31,In Progress,0,0.0,,,0,0,0,Medium
C002230,19808,APAC,Healthcare,9062.38,3,325,0,0.686,491.0,Poor,7,In-person,0,0,DCA-06,2026-01-13,13,2026-01-26,Escalated,0,0.0,,,0,0,1,Low
C002231,16326,NA,Retail,17982.57,4,240,1,0.744,566.7,Poor,3,Email,0,1,DCA-09,2025-08-26,16,2025-09-11,PTP,0,0.0,,,0,0,1,Low
C002232,10696,APAC,Technology,22232.51,2,259,0,0.77,524.8,Poor,1,Phone,0,0,DCA-04,2025-10-21,27,2025-11-17,Closed,1,16763.05,61.0,2025-12-21,0,0,0,Low
C002233,19384,APAC,FMCG,5126.24,1,195,0,0.977,670.8,Good,3,Phone,0,0,DCA-10,2025-01-25,15,2025-02-09,Escalated,0,0.0,,,0,0,1,Low
C002234,11379,NA,Healthcare,34847.55,4,148,0,1.0,710.3,Good,4,Phone,0,0,DCA-08,2025-05-07,9,2025-05-16,In Progress,0,0.0,,,0,0,0,Low
C002235,15885,NA,Logistics,11882.28,1,154,2,0.432,617.6,Fair,5,Phone,0,1,DCA-07,2025-07-01,30,2025-07-31,PTP,0,0.0,,,0,0,0,Low
C002236,17907,IND,Logistics,12538.05,7,278,1,0.705,609.1,Fair,5,Email,0,1,DCA-08,2025-12-20,25,2026-01-14,PTP,0,0.0,,,0,0,1,Low
C002237,12494,IND,Finance,13584.02,7,83,1,0.913,663.6,Fair,4,Email,0,0,DCA-09,2025-09-25,10,2025-10-05,In Progress,0,0.0,,,0,0,0,Low
C002238,12706,NA,Healthcare,29767.67,3,125,0,0.847,711.9,Good,4,Phone,1,1,DCA-09,2025-07-09,18,2025-07-27,Closed,1,27032.58,27.0,2025-08-05,1,1,1,Medium
C002239,14761,APAC,FMCG,7874.4,3,112,0,0.891,704.3,Good,7,Phone,0,0,DCA-06,2025-09-14,25,2025-10-09,In Progress,0,0.0,,,0,0,0,Low
C002240,18848,NA,FMCG,4044.53,4,190,2,0.948,667.7,Fair,6,Phone,0,1,DCA-07,2025-03-04,8,2025-03-12,PTP,0,0.0,,,0,0,1,Low
C002241,12236,NA,Retail,16748.58,2,353,0,0.915,668.1,Fair,4,Portal,0,0,DCA-10,2025-09-28,12,2025-10-10,Escalated,0,0.0,,,0,0,1,Low
C002242,16634,NA,Aviation,3195.31,7,336,0,1.0,743.4,Very Good,5,Email,0,0,DCA-06,2025-12-24,23,2026-01-16,Escalated,0,0.0,,,0,0,1,Low
C002243,14525,EU,Manufacturing,10820.82,1,199,1,0.939,612.6,Fair,3,Phone,0,0,DCA-01,2025-05-13,25,2025-06-07,Escalated,0,0.0,,,0,0,1,Low
C002244,11118,APAC,Aviation,30663.0,4,73,0,0.929,659.0,Fair,5,Phone,0,0,DCA-01,2025-06-13,15,2025-06-28,In Progress,0,0.0,,,0,0,0,Medium
C002245,17108,APAC,Retail,20037.6,2,343,2,0.804,564.2,Poor,5,In-person,1,0,DCA-08,2026-01-13,7,2026-01-20,Escalated,0,0.0,,,0,0,1,Low
C002246,18325,APAC,Energy,27712.79,6,114,0,0.554,632.4,Fair,6,SMS,0,1,DCA-01,2025-04-09,25,2025-05-04,Closed,1,20743.76,27.0,2025-05-06,1,1,0,Medium
C002247,15756,EU,Retail,20624.73,2,130,1,0.748,705.9,Good,0,In-person,0,0,DCA-07,2025-09-25,24,2025-10-19,In Progress,0,0.0,,,0,0,0,Medium
C002248,11763,APAC,Technology,72202.8,4,323,1,1.0,658.4,Fair,5,Phone,0,0,DCA-09,2025-09-10,19,2025-09-29,Closed,1,56850.23,79.0,2025-11-28,0,0,0,Low
C002249,11557,NA,Energy,8850.53,6,96,0,0.761,679.7,Good,3,Phone,0,1,DCA-06,2025-03-24,13,2025-04-06,PTP,0,0.0,,,0,0,0,Low
C002250,14234,EU,Automotive,17653.55,4,169,1,0.687,663.6,Fair,4,Portal,0,1,DCA-03,2026-01-29,26,2026-02-24,PTP,0,0.0,,,0,0,0,Low
C002251,15064,NA,Manufacturing,9831.19,2,334,1,0.749,515.0,Poor,5,Email,1,0,DCA-10,2026-01-11,23,2026-02-03,Escalated,0,0.0,,,0,0,1,Low
C002252,15521,LATAM,Aviation,26101.83,2,116,0,0.859,688.4,Good,1,Portal,0,0,DCA-06,2025-11-30,7,2025-12-07,In Progress,0,0.0,,,0,0,0,Low
C002253,12436,APAC,Finance,12796.12,5,228,1,0.656,565.5,Poor,7,Phone,0,0,DCA-02,2025-09-17,26,2025-10-13,Escalated,0,0.0,,,0,0,1,Low
C002254,15007,NA,Automotive,44497.64,1,14,2,1.0,732.0,Good,0,In-person,0,0,DCA-05,2025-04-10,18,2025-04-28,Closed,1,44497.64,47.0,2025-05-27,0,1,0,Medium
C002255,12950,NA,Retail,9213.53,3,363,1,0.789,539.0,Poor,3,Email,0,0,DCA-08,2025-01-06,23,2025-01-29,Escalated,0,0.0,,,0,0,1,Low
C002256,16861,MEA,Automotive,35774.43,5,153,1,0.8,697.3,Good,3,Email,0,1,DCA-06,2025-10-09,19,2025-10-28,PTP,0,0.0,,,0,0,0,Low
C002257,17964,IND,Retail,20235.58,3,244,1,0.895,735.2,Good,2,Email,0,1,DCA-06,2025-10-04,9,2025-10-13,PTP,0,0.0,,,0,0,1,Low
C002258,16526,EU,Retail,13059.58,6,183,1,0.866,652.6,Fair,1,Email,0,1,DCA-01,2025-04-11,27,2025-05-08,PTP,0,0.0,,,0,0,1,Low
C002259,10012,LATAM,Manufacturing,19530.05,5,158,1,0.652,608.2,Fair,1,Email,0,1,DCA-05,2025-02-19,28,2025-03-19,PTP,0,0.0,,,0,0,0,Medium
C002260,19920,NA,Logistics,16040.71,1,148,0,1.0,637.7,Fair,0,Email,1,0,DCA-07,2025-07-22,27,2025-08-18,Escalated,0,0.0,,,0,0,1,Low
C002261,10237,EU,Retail,17139.97,6,7,0,0.851,734.3,Good,1,Email,0,1,DCA-02,2026-01-29,19,2026-02-17,PTP,0,0.0,,,0,0,0,Medium
C002262,19994,NA,Automotive,11558.66,7,101,0,0.959,685.7,Good,2,Email,0,0,DCA-10,2025-02-25,18,2025-03-15,In Progress,0,0.0,,,0,0,0,Medium
C002263,10317,APAC,Healthcare,8175.43,2,139,0,0.977,727.8,Good,2,Phone,0,1,DCA-01,2025-05-04,12,2025-05-16,PTP,0,0.0,,,0,0,0,Medium
C002264,15164,NA,Manufacturing,10566.57,3,135,1,0.918,713.2,Good,2,Phone,0,0,DCA-03,2025-04-25,13,2025-05-08,Closed,1,9971.59,48.0,2025-06-12,0,1,0,Low
C002265,11059,APAC,Aviation,4112.55,3,100,2,0.511,663.1,Fair,2,Email,0,0,DCA-01,2025-03-10,10,2025-03-20,In Progress,0,0.0,,,0,0,0,Low
C002266,10951,IND,Manufacturing,24085.47,3,234,0,0.773,590.0,Fair,3,Phone,0,1,DCA-03,2026-01-27,17,2026-02-13,PTP,0,0.0,,,0,0,1,Medium
C002267,16833,NA,Manufacturing,5627.3,4,302,2,0.841,534.6,Poor,9,Phone,0,1,DCA-04,2025-12-05,22,2025-12-27,PTP,0,0.0,,,0,0,1,Low
C002268,17278,LATAM,Automotive,11471.8,7,325,0,1.0,629.6,Fair,5,Email,0,0,DCA-05,2025-06-29,24,2025-07-23,Closed,1,10396.94,82.0,2025-09-19,0,0,0,Low
C002269,11182,NA,Automotive,21028.45,5,354,2,0.772,678.8,Good,10,Email,0,0,DCA-09,2025-05-27,16,2025-06-12,Escalated,0,0.0,,,0,0,1,Low
C002270,19766,APAC,Manufacturing,24042.48,7,237,4,0.435,539.3,Poor,7,Phone,1,0,DCA-04,2025-10-21,8,2025-10-29,Escalated,0,0.0,,,0,0,1,Low
C002271,13204,IND,Logistics,3857.38,3,150,0,0.766,647.6,Fair,7,SMS,0,0,DCA-02,2026-01-24,28,2026-02-21,In Progress,0,0.0,,,0,0,0,Medium
C002272,13183,NA,Automotive,12527.81,4,236,0,0.951,683.9,Good,3,Email,1,0,DCA-02,2025-06-23,30,2025-07-23,Escalated,0,0.0,,,0,0,1,Low
C002273,12969,APAC,Healthcare,18431.59,1,49,0,0.833,691.8,Good,3,Phone,0,0,DCA-01,2025-12-10,23,2026-01-02,In Progress,0,0.0,,,0,0,0,Low
C002274,14612,APAC,Healthcare,13855.14,2,298,2,0.824,573.4,Poor,3,Email,0,0,DCA-02,2025-01-01,22,2025-01-23,Escalated,0,0.0,,,0,0,1,Low
C002275,11778,IND,Finance,34229.82,5,195,0,0.957,833.7,Excellent,3,SMS,0,1,DCA-03,2025-09-05,28,2025-10-03,PTP,0,0.0,,,0,0,1,Medium
C002276,14247,NA,Manufacturing,7515.59,2,61,0,0.914,787.0,Very Good,2,Phone,0,0,DCA-03,2025-09-16,17,2025-10-03,In Progress,0,0.0,,,0,0,0,Medium
C002277,12099,EU,Finance,3183.29,7,156,2,0.829,613.4,Fair,6,Phone,0,0,DCA-01,2025-06-17,19,2025-07-06,In Progress,0,0.0,,,0,0,0,Low
C002278,10514,NA,Energy,23558.18,2,110,0,0.827,682.8,Good,4,Phone,0,0,DCA-10,2025-06-15,21,2025-07-06,In Progress,0,0.0,,,0,0,0,Low
C002279,13687,LATAM,Retail,9173.18,2,128,3,0.59,665.6,Fair,4,In-person,0,0,DCA-01,2025-02-27,19,2025-03-18,In Progress,0,0.0,,,0,0,0,Low
C002280,16722,APAC,FMCG,3901.13,6,19,0,0.785,630.9,Fair,1,Phone,0,1,DCA-08,2025-04-14,28,2025-05-12,PTP,0,0.0,,,0,0,0,High
C002281,17630,APAC,Technology,11956.63,1,6,1,0.992,768.1,Very Good,4,Phone,0,0,DCA-03,2025-09-18,12,2025-09-30,In Progress,0,0.0,,,0,0,0,Medium
C002282,13533,NA,Technology,31615.11,3,128,1,0.882,757.0,Very Good,6,Phone,0,1,DCA-06,2025-03-19,16,2025-04-04,PTP,0,0.0,,,0,0,0,Medium
C002283,13237,EU,Automotive,5517.74,2,110,0,0.789,667.2,Fair,4,Email,0,1,DCA-01,2025-04-24,30,2025-05-24,PTP,0,0.0,,,0,0,0,Medium
C002284,17874,IND,Technology,68541.67,5,364,0,0.83,657.2,Fair,2,Portal,0,0,DCA-01,2025-07-11,12,2025-07-23,Escalated,0,0.0,,,0,0,1,Low
C002285,16811,LATAM,Automotive,7431.5,6,96,2,0.81,712.1,Good,0,Phone,0,0,DCA-04,2025-02-11,21,2025-03-04,Closed,1,6946.17,83.0,2025-05-05,0,0,0,Low
C002286,18321,IND,Logistics,14198.73,2,120,1,0.944,688.9,Good,4,Phone,0,0,DCA-07,2025-12-21,23,2026-01-13,In Progress,0,0.0,,,0,0,0,Low
C002287,19061,LATAM,Automotive,5690.81,3,334,2,0.643,469.6,Poor,5,Portal,0,1,DCA-10,2025-12-25,27,2026-01-21,PTP,0,0.0,,,0,0,1,Low
C002288,18212,LATAM,Manufacturing,13754.58,4,313,0,1.0,790.9,Very Good,6,Phone,0,0,DCA-05,2025-05-15,8,2025-05-23,Escalated,0,0.0,,,0,0,1,Medium
C002289,19364,IND,FMCG,12165.71,5,21,1,1.0,692.0,Good,2,Email,0,0,DCA-07,2025-04-23,19,2025-05-12,In Progress,0,0.0,,,0,0,0,Medium
C002290,14166,APAC,Automotive,4709.58,3,32,0,0.83,689.7,Good,3,Phone,0,0,DCA-06,2025-08-12,16,2025-08-28,Closed,1,4151.31,37.0,2025-09-18,0,1,0,Medium
C002291,13946,MEA,Energy,96575.36,4,35,0,1.0,697.6,Good,5,In-person,0,0,DCA-10,2025-12-16,17,2026-01-02,In Progress,0,0.0,,,0,0,0,Low
C002292,13215,NA,Finance,9445.22,4,168,1,0.928,629.6,Fair,3,Portal,0,1,DCA-06,2025-01-21,12,2025-02-02,PTP,0,0.0,,,0,0,0,Medium
C002293,12352,NA,Aviation,9451.0,1,209,0,0.673,642.1,Fair,7,Phone,0,1,DCA-03,2025-01-15,14,2025-01-29,Closed,1,8837.84,48.0,2025-03-04,0,1,0,Medium
C002294,17488,APAC,Energy,26326.34,4,128,2,0.871,638.1,Fair,2,Portal,0,0,DCA-07,2025-10-13,25,2025-11-07,Closed,1,24418.46,46.0,2025-11-28,0,1,0,Low
C002295,17144,EU,Finance,47570.99,4,5,1,0.644,709.6,Good,4,Phone,0,1,DCA-09,2025-10-03,29,2025-11-01,PTP,0,0.0,,,0,0,0,Medium
C002296,18013,EU,Healthcare,29392.82,7,74,1,0.867,671.4,Good,2,Phone,0,1,DCA-09,2025-11-06,27,2025-12-03,PTP,0,0.0,,,0,0,0,Medium
C002297,11673,EU,Energy,5762.77,4,224,0,1.0,687.9,Good,6,Phone,0,0,DCA-09,2025-08-25,24,2025-09-18,Escalated,0,0.0,,,0,0,1,Medium
C002298,14912,MEA,Technology,15517.7,7,136,2,1.0,720.3,Good,2,Email,0,1,DCA-01,2025-05-30,26,2025-06-25,PTP,0,0.0,,,0,0,0,Low
C002299,12219,LATAM,Manufacturing,3579.72,3,45,3,0.858,683.3,Good,1,Email,0,1,DCA-05,2025-01-17,24,2025-02-10,PTP,0,0.0,,,0,0,0,Low
C002300,18930,NA,Manufacturing,25114.32,5,238,0,0.86,517.2,Poor,4,Phone,0,1,DCA-05,2025-06-23,9,2025-07-02,PTP,0,0.0,,,0,0,1,Low
C002301,12674,IND,Energy,4252.95,7,224,2,0.832,639.2,Fair,5,Email,0,0,DCA-10,2025-02-12,22,2025-03-06,Escalated,0,0.0,,,0,0,1,Low
C002302,11439,MEA,Aviation,7614.12,2,179,0,1.0,730.6,Good,6,Phone,0,1,DCA-02,2025-01-28,10,2025-02-07,PTP,0,0.0,,,0,0,0,Medium
C002303,15698,EU,Energy,13329.82,4,343,0,0.858,679.0,Good,5,Portal,0,1,DCA-05,2025-08-14,15,2025-08-29,PTP,0,0.0,,,0,0,1,Low
C002304,18790,NA,Technology,18242.41,7,308,0,1.0,761.6,Very Good,8,Portal,0,1,DCA-08,2025-12-30,29,2026-01-28,Closed,1,18242.41,40.0,2026-02-08,0,1,0,Medium
C002305,19157,IND,FMCG,11129.4,4,15,1,0.708,631.5,Fair,1,Email,0,1,DCA-01,2025-10-24,28,2025-11-21,PTP,0,0.0,,,0,0,0,Medium
C002306,10960,EU,FMCG,38690.86,7,330,1,0.68,580.4,Fair,6,Portal,0,1,DCA-09,2025-08-06,21,2025-08-27,PTP,0,0.0,,,0,0,1,Low
C002307,13258,EU,Retail,22164.95,3,19,2,0.752,652.5,Fair,0,Phone,1,0,DCA-07,2025-03-20,24,2025-04-13,Dispute,0,0.0,,,0,0,0,Low
C002308,11535,EU,Energy,20979.63,7,176,0,0.924,758.9,Very Good,3,Email,0,1,DCA-02,2025-02-25,13,2025-03-10,Closed,1,18602.85,41.0,2025-04-07,0,1,0,Medium
C002309,13078,EU,Finance,5650.05,5,329,2,0.686,541.4,Poor,7,SMS,0,0,DCA-07,2025-02-08,25,2025-03-05,Escalated,0,0.0,,,0,0,1,Low
C002310,15338,IND,Technology,43895.08,4,358,1,0.725,704.2,Good,3,Email,0,1,DCA-07,2025-10-21,21,2025-11-11,PTP,0,0.0,,,0,0,1,Low
C002311,12805,LATAM,Energy,7614.84,2,9,0,0.847,701.8,Good,2,SMS,0,0,DCA-02,2025-11-24,19,2025-12-13,In Progress,0,0.0,,,0,0,0,Low
C002312,10675,EU,Technology,45083.87,2,27,3,0.827,636.9,Fair,4,Phone,1,0,DCA-10,2025-11-04,24,2025-11-28,Dispute,0,0.0,,,0,0,0,Low
C002313,15100,EU,FMCG,55024.65,3,88,0,1.0,768.2,Very Good,4,Phone,0,0,DCA-06,2025-01-04,29,2025-02-02,In Progress,0,0.0,,,0,0,0,Medium
C002314,10528,IND,Manufacturing,19127.06,6,101,0,0.997,673.5,Good,0,Portal,0,1,DCA-06,2025-03-21,23,2025-04-13,Closed,1,18519.37,21.0,2025-04-11,1,1,0,Medium
C002315,12266,LATAM,Energy,27512.87,4,102,1,0.999,713.4,Good,5,Portal,0,1,DCA-07,2025-07-07,17,2025-07-24,Closed,1,27512.87,46.0,2025-08-22,0,1,0,Medium
C002316,10005,MEA,Logistics,1543.73,3,152,3,0.434,497.9,Poor,3,Phone,0,0,DCA-02,2025-06-29,15,2025-07-14,In Progress,0,0.0,,,0,0,0,Low
C002317,10868,EU,Finance,11655.09,4,117,0,0.861,644.7,Fair,5,Phone,0,0,DCA-06,2025-02-22,13,2025-03-07,In Progress,0,0.0,,,0,0,0,Low
C002318,14363,IND,Finance,28897.66,3,213,1,0.39,516.5,Poor,4,Phone,0,0,DCA-04,2025-06-25,21,2025-07-16,Escalated,0,0.0,,,0,0,1,Low
C002319,18507,IND,Energy,25518.45,6,311,0,0.692,571.9,Poor,3,Phone,0,0,DCA-09,2025-08-20,15,2025-09-04,Escalated,0,0.0,,,0,0,1,Low
C002320,17746,EU,Aviation,5688.45,3,199,0,0.852,618.3,Fair,5,Phone,0,0,DCA-09,2025-05-28,9,2025-06-06,Escalated,0,0.0,,,0,0,1,Low
C002321,10988,IND,Technology,10876.88,4,121,0,1.0,725.8,Good,0,Email,0,0,DCA-08,2025-07-31,20,2025-08-20,In Progress,0,0.0,,,0,0,0,Low
C002322,10348,APAC,Logistics,2263.22,4,207,2,0.534,526.2,Poor,5,Phone,0,0,DCA-02,2025-12-08,28,2026-01-05,Escalated,0,0.0,,,0,0,1,Low
C002323,13380,NA,Aviation,17838.16,5,226,0,0.983,718.2,Good,1,Phone,0,0,DCA-05,2025-03-05,7,2025-03-12,Escalated,0,0.0,,,0,0,1,Medium
C002324,16522,EU,Logistics,3574.82,3,327,1,0.628,502.3,Poor,4,Portal,1,0,DCA-10,2025-10-07,26,2025-11-02,Escalated,0,0.0,,,0,0,1,Low
C002325,17467,IND,Finance,29476.08,1,345,2,0.775,616.4,Fair,4,Email,0,1,DCA-04,2025-10-29,27,2025-11-25,PTP,0,0.0,,,0,0,1,Low
C002326,18231,APAC,Aviation,30574.07,5,102,0,1.0,824.1,Excellent,4,Phone,0,1,DCA-04,2025-12-16,28,2026-01-13,PTP,0,0.0,,,0,0,0,Medium
C002327,13422,APAC,Logistics,9584.89,4,335,0,0.865,544.0,Poor,4,Portal,0,0,DCA-02,2025-04-12,9,2025-04-21,Escalated,0,0.0,,,0,0,1,Low
C002328,11680,APAC,Finance,19242.82,5,298,0,0.783,571.7,Poor,6,Phone,0,0,DCA-01,2025-07-29,13,2025-08-11,Escalated,0,0.0,,,0,0,1,Low
C002329,10263,IND,Manufacturing,11476.2,4,47,1,0.82,651.6,Fair,1,Email,0,0,DCA-01,2025-06-22,26,2025-07-18,In Progress,0,0.0,,,0,0,0,Low
C002330,11468,NA,Technology,15824.84,4,204,0,0.892,569.6,Poor,3,Portal,0,0,DCA-02,2025-11-16,12,2025-11-28,Escalated,0,0.0,,,0,0,1,Low
C002331,10651,EU,Retail,5984.44,7,56,0,1.0,772.1,Very Good,5,Email,0,0,DCA-05,2025-03-11,30,2025-04-10,In Progress,0,0.0,,,0,0,0,Low
C002332,18608,IND,Aviation,20655.66,1,179,0,0.97,674.5,Good,8,Phone,0,1,DCA-06,2025-04-04,20,2025-04-24,PTP,0,0.0,,,0,0,0,Medium
C002333,12684,NA,Finance,4235.13,1,17,1,1.0,710.4,Good,1,Phone,0,1,DCA-06,2025-04-23,15,2025-05-08,Closed,1,3922.78,23.0,2025-05-16,1,1,0,Medium
C002334,18231,EU,Finance,3710.97,7,109,1,0.754,653.1,Fair,4,Portal,0,0,DCA-05,2025-04-21,16,2025-05-07,In Progress,0,0.0,,,0,0,0,Low
C002335,15531,IND,Energy,12266.78,7,215,1,1.0,642.7,Fair,7,SMS,0,0,DCA-09,2025-11-29,17,2025-12-16,Escalated,0,0.0,,,0,0,1,Low
C002336,15389,NA,Automotive,11523.34,3,111,0,0.589,564.3,Poor,4,Portal,0,0,DCA-09,2025-07-14,11,2025-07-25,In Progress,0,0.0,,,0,0,0,Low
C002337,14547,NA,Retail,16165.12,4,4,0,1.0,761.2,Very Good,2,Phone,0,0,DCA-04,2025-09-30,15,2025-10-15,In Progress,0,0.0,,,0,0,0,Medium
C002338,18191,EU,Aviation,8478.97,4,142,0,0.896,660.8,Fair,4,Email,0,0,DCA-06,2025-07-14,26,2025-08-09,In Progress,0,0.0,,,0,0,0,Medium
C002339,10434,MEA,Logistics,50010.3,7,197,1,0.72,586.3,Fair,5,Email,0,1,DCA-09,2025-10-29,8,2025-11-06,Closed,1,44298.34,36.0,2025-12-04,0,1,0,Low
C002340,10927,EU,FMCG,14949.36,4,278,0,1.0,764.2,Very Good,3,Email,0,1,DCA-02,2025-01-18,9,2025-01-27,PTP,0,0.0,,,0,0,1,Low
C002341,14233,IND,Finance,15725.16,6,50,0,1.0,725.1,Good,0,Phone,0,0,DCA-04,2025-04-02,16,2025-04-18,In Progress,0,0.0,,,0,0,0,Low
C002342,13944,NA,Logistics,15337.62,3,174,0,0.751,669.4,Fair,4,Phone,0,0,DCA-06,2025-08-20,7,2025-08-27,In Progress,0,0.0,,,0,0,0,Low
C002343,15455,NA,Finance,26958.04,3,73,0,0.66,521.5,Poor,3,Email,0,0,DCA-05,2025-04-16,17,2025-05-03,Closed,1,21644.47,63.0,2025-06-18,0,0,0,Medium
C002344,17377,IND,Retail,19994.49,5,56,0,0.821,635.2,Fair,1,Portal,0,0,DCA-06,2025-01-07,26,2025-02-02,In Progress,0,0.0,,,0,0,0,Medium
C002345,15875,APAC,Energy,18204.29,3,45,0,1.0,747.5,Very Good,4,Phone,0,0,DCA-01,2025-10-28,19,2025-11-16,In Progress,0,0.0,,,0,0,0,Medium
C002346,12574,APAC,Logistics,22363.58,1,277,0,1.0,798.9,Very Good,3,Email,0,0,DCA-05,2025-03-18,12,2025-03-30,Closed,1,17096.8,63.0,2025-05-20,0,0,0,Low
C002347,13272,IND,Automotive,3724.8,2,335,1,0.861,565.2,Poor,5,SMS,0,1,DCA-10,2025-12-07,8,2025-12-15,PTP,0,0.0,,,0,0,1,Low
C002348,17523,NA,Manufacturing,3824.59,7,242,0,0.863,605.0,Fair,4,Phone,0,0,DCA-10,2025-05-05,28,2025-06-02,Escalated,0,0.0,,,0,0,1,Low
C002349,12014,LATAM,Logistics,12667.04,3,138,0,0.846,608.0,Fair,2,Email,0,0,DCA-07,2025-07-26,25,2025-08-20,In Progress,0,0.0,,,0,0,0,Medium
C002350,15041,IND,FMCG,11633.32,1,346,0,0.983,681.9,Good,6,Portal,0,0,DCA-10,2025-11-27,20,2025-12-17,Escalated,0,0.0,,,0,0,1,Low
C002351,15387,APAC,FMCG,20047.64,7,181,1,0.816,728.4,Good,6,Email,0,0,DCA-08,2025-05-14,13,2025-05-27,Closed,1,15413.01,59.0,2025-07-12,0,1,0,Low
C002352,17502,EU,Energy,13548.24,7,193,2,0.793,633.5,Fair,3,Email,0,0,DCA-02,2025-03-19,21,2025-04-09,Escalated,0,0.0,,,0,0,1,Low
C002353,17143,NA,Technology,20076.5,4,231,0,0.785,710.3,Good,2,SMS,0,1,DCA-07,2025-06-14,25,2025-07-09,PTP,0,0.0,,,0,0,1,Medium
C002354,14646,LATAM,Energy,5586.36,5,239,0,1.0,603.9,Fair,2,Phone,0,0,DCA-10,2025-06-04,7,2025-06-11,Escalated,0,0.0,,,0,0,1,Low
C002355,13091,NA,Manufacturing,13259.62,6,180,0,0.802,584.9,Fair,2,Phone,0,1,DCA-07,2025-08-26,24,2025-09-19,Closed,1,12234.53,36.0,2025-10-01,0,1,0,Medium
C002356,13679,EU,Logistics,5225.26,1,175,1,0.741,613.3,Fair,6,Email,0,0,DCA-09,2025-09-13,17,2025-09-30,In Progress,0,0.0,,,0,0,0,Low
C002357,14115,EU,Technology,17514.78,3,116,0,1.0,734.4,Good,4,Email,0,1,DCA-07,2026-01-16,16,2026-02-01,Closed,1,17514.78,37.0,2026-02-22,0,1,0,Medium
C002358,12191,LATAM,Energy,3587.46,4,248,0,0.763,666.2,Fair,3,Phone,0,0,DCA-01,2025-03-01,28,2025-03-29,Escalated,0,0.0,,,0,0,1,Low
C002359,16254,IND,Logistics,17048.49,4,245,1,0.877,642.4,Fair,5,In-person,0,1,DCA-01,2025-03-19,26,2025-04-14,Closed,1,16628.98,47.0,2025-05-05,0,1,0,Medium
C002360,12083,IND,Automotive,4777.63,3,159,1,1.0,719.4,Good,5,Phone,0,1,DCA-08,2025-01-30,24,2025-02-23,PTP,0,0.0,,,0,0,0,Medium
C002361,16486,APAC,Manufacturing,10214.16,1,260,2,0.688,535.4,Poor,6,Email,0,1,DCA-04,2025-02-02,24,2025-02-26,PTP,0,0.0,,,0,0,1,Low
C002362,17514,NA,Manufacturing,24995.46,7,51,0,0.908,716.6,Good,5,In-person,1,1,DCA-05,2025-01-03,13,2025-01-16,Dispute,0,0.0,,,0,0,0,Medium
C002363,19618,NA,Finance,15664.71,5,152,0,1.0,690.1,Good,2,In-person,0,0,DCA-04,2025-05-21,29,2025-06-19,In Progress,0,0.0,,,0,0,0,Low
C002364,11189,EU,Manufacturing,4221.89,6,360,0,0.705,636.2,Fair,4,Email,0,1,DCA-02,2026-01-16,7,2026-01-23,PTP,0,0.0,,,0,0,1,Low
C002365,17597,LATAM,Retail,8344.22,4,268,0,0.873,724.0,Good,8,Email,0,0,DCA-04,2025-01-18,15,2025-02-02,Escalated,0,0.0,,,0,0,1,Low
C002366,10859,MEA,FMCG,4670.56,4,263,0,0.992,703.1,Good,2,Email,0,1,DCA-05,2025-01-16,10,2025-01-26,Closed,1,4536.89,20.0,2025-02-05,1,1,0,Medium
C002367,13372,EU,Technology,4079.25,4,315,1,0.927,687.7,Good,4,Phone,0,0,DCA-03,2025-05-12,11,2025-05-23,Closed,1,3684.56,59.0,2025-07-10,0,1,0,Low
C002368,11762,LATAM,FMCG,14506.68,4,222,2,0.586,582.3,Fair,7,Email,0,1,DCA-10,2025-09-15,26,2025-10-11,PTP,0,0.0,,,0,0,1,Low
C002369,11622,MEA,Technology,19775.69,5,242,1,0.814,666.6,Fair,5,SMS,0,0,DCA-10,2025-09-19,12,2025-10-01,Escalated,0,0.0,,,0,0,1,Low
C002370,11753,LATAM,Aviation,18186.31,7,176,0,0.987,764.2,Very Good,5,Phone,0,0,DCA-02,2025-01-02,18,2025-01-20,Closed,1,13629.96,59.0,2025-03-02,0,1,0,Medium
C002371,10439,IND,Technology,20370.41,6,301,1,0.779,570.6,Poor,6,Phone,1,0,DCA-03,2025-01-09,24,2025-02-02,Escalated,0,0.0,,,0,0,1,Low
C002372,18231,NA,Healthcare,13248.8,5,259,0,0.821,691.6,Good,4,Email,0,0,DCA-02,2025-11-23,18,2025-12-11,Escalated,0,0.0,,,0,0,1,Low
C002373,10611,MEA,Energy,11032.79,1,191,1,0.921,638.5,Fair,4,Phone,0,1,DCA-06,2025-11-17,13,2025-11-30,Closed,1,11032.79,48.0,2026-01-04,0,1,0,Low
C002374,13985,NA,Finance,6303.44,4,47,0,0.869,744.9,Very Good,2,Phone,1,0,DCA-06,2025-09-22,27,2025-10-19,Dispute,0,0.0,,,0,0,0,Low
C002375,16991,NA,Retail,9817.72,7,294,1,0.953,637.8,Fair,0,In-person,0,0,DCA-02,2025-02-28,14,2025-03-14,Escalated,0,0.0,,,0,0,1,Low
C002376,19903,NA,FMCG,5297.85,3,119,0,0.932,696.5,Good,4,Email,0,0,DCA-07,2026-01-23,17,2026-02-09,In Progress,0,0.0,,,0,0,0,Medium
C002377,18537,EU,Healthcare,7393.7,4,131,0,1.0,605.7,Fair,0,SMS,0,0,DCA-04,2025-10-19,12,2025-10-31,In Progress,0,0.0,,,0,0,0,Medium
C002378,11372,NA,Energy,14217.78,3,46,2,1.0,737.8,Good,2,Phone,0,0,DCA-05,2026-01-05,17,2026-01-22,In Progress,0,0.0,,,0,0,0,Medium
C002379,19877,IND,Aviation,12302.23,2,80,0,0.893,684.2,Good,5,SMS,0,0,DCA-08,2025-09-01,7,2025-09-08,In Progress,0,0.0,,,0,0,0,Medium
C002380,16535,APAC,Energy,114154.68,5,46,0,1.0,783.9,Very Good,4,Phone,0,1,DCA-01,2026-01-17,8,2026-01-25,PTP,0,0.0,,,0,0,0,High
C002381,11795,MEA,Healthcare,5207.96,3,36,0,0.938,688.6,Good,1,Email,0,0,DCA-09,2025-02-14,7,2025-02-21,Closed,1,3472.49,42.0,2025-03-28,0,1,0,Medium
C002382,14487,MEA,Manufacturing,12239.59,5,8,1,0.868,729.4,Good,0,Email,0,0,DCA-02,2025-01-31,25,2025-02-25,Closed,1,10196.61,53.0,2025-03-25,0,1,0,Medium
C002383,19178,IND,Technology,4931.45,5,108,3,0.67,612.2,Fair,4,SMS,0,0,DCA-06,2026-01-14,14,2026-01-28,In Progress,0,0.0,,,0,0,0,Low
C002384,13929,NA,Energy,10183.76,6,276,0,1.0,741.1,Very Good,6,SMS,0,0,DCA-10,2025-08-20,17,2025-09-06,Escalated,0,0.0,,,0,0,1,Low
C002385,11836,NA,Retail,10478.02,7,315,0,0.675,733.2,Good,3,Phone,0,0,DCA-10,2025-08-30,16,2025-09-15,Escalated,0,0.0,,,0,0,1,Low
C002386,18750,MEA,FMCG,24134.94,4,83,0,1.0,813.3,Excellent,4,Email,0,0,DCA-08,2025-10-22,29,2025-11-20,In Progress,0,0.0,,,0,0,0,High
C002387,19529,IND,Retail,9752.06,1,155,1,1.0,706.4,Good,2,Email,0,1,DCA-07,2026-01-03,26,2026-01-29,Closed,1,9752.06,29.0,2026-02-01,1,1,0,Medium
C002388,19755,NA,Aviation,11685.18,5,303,1,0.929,668.0,Fair,7,SMS,1,0,DCA-06,2025-02-18,12,2025-03-02,Escalated,0,0.0,,,0,0,1,Low
C002389,19557,APAC,Energy,9885.04,7,258,0,0.86,720.1,Good,4,Phone,0,0,DCA-02,2025-04-15,8,2025-04-23,Escalated,0,0.0,,,0,0,1,Low
C002390,18728,APAC,Finance,5010.36,4,330,0,0.92,636.1,Fair,2,Phone,0,1,DCA-05,2025-03-24,11,2025-04-04,PTP,0,0.0,,,0,0,1,Medium
C002391,14544,IND,Energy,8463.59,4,154,0,0.908,779.4,Very Good,4,Email,0,0,DCA-04,2025-04-16,11,2025-04-27,In Progress,0,0.0,,,0,0,0,Low
C002392,11923,MEA,Retail,10225.55,6,62,1,1.0,700.2,Good,2,Phone,1,0,DCA-10,2025-06-11,7,2025-06-18,Closed,1,9370.71,72.0,2025-08-22,0,0,0,Low
C002393,16171,IND,Manufacturing,14068.28,4,53,1,0.675,631.3,Fair,4,SMS,1,0,DCA-01,2025-08-14,24,2025-09-07,Dispute,0,0.0,,,0,0,0,Low
C002394,12207,EU,Manufacturing,19757.0,3,259,3,0.554,660.2,Fair,2,Phone,0,1,DCA-07,2025-12-02,23,2025-12-25,PTP,0,0.0,,,0,0,1,Low
C002395,14731,NA,Technology,11336.49,4,10,1,0.803,688.0,Good,5,Email,0,0,DCA-09,2025-04-03,20,2025-04-23,In Progress,0,0.0,,,0,0,0,Medium
C002396,16560,IND,Finance,11197.84,6,168,1,1.0,751.3,Very Good,2,Email,0,0,DCA-01,2025-11-19,19,2025-12-08,In Progress,0,0.0,,,0,0,0,Low
C002397,19465,IND,Technology,4005.53,4,129,1,1.0,765.4,Very Good,1,Email,0,0,DCA-06,2025-08-16,13,2025-08-29,In Progress,0,0.0,,,0,0,0,Low
C002398,12890,APAC,FMCG,19493.07,3,335,0,0.877,648.8,Fair,5,Phone,0,0,DCA-06,2025-11-19,13,2025-12-02,Closed,1,18859.89,78.0,2026-02-05,0,0,0,Low
C002399,12519,NA,Retail,8208.06,5,364,1,0.774,681.8,Good,6,Email,0,0,DCA-01,2025-11-14,9,2025-11-23,Escalated,0,0.0,,,0,0,1,Low
C002400,17347,NA,Healthcare,22538.64,5,177,1,0.711,518.9,Poor,2,Email,0,1,DCA-07,2025-04-19,14,2025-05-03,PTP,0,0.0,,,0,0,0,Medium
C002401,10064,LATAM,FMCG,33574.02,7,212,0,0.689,593.2,Fair,1,Portal,1,0,DCA-05,2025-11-04,16,2025-11-20,Escalated,0,0.0,,,0,0,1,Low
C002402,15664,NA,Finance,11713.06,7,138,2,0.623,600.8,Fair,2,Portal,0,0,DCA-05,2025-10-30,14,2025-11-13,In Progress,0,0.0,,,0,0,0,Low
C002403,17459,NA,Energy,6526.87,6,283,1,0.93,728.9,Good,2,Portal,0,0,DCA-01,2025-08-10,28,2025-09-07,Escalated,0,0.0,,,0,0,1,Low
C002404,15509,LATAM,Retail,13204.47,6,108,0,0.687,679.1,Good,1,Phone,0,0,DCA-04,2025-02-07,16,2025-02-23,In Progress,0,0.0,,,0,0,0,Low
C002405,13839,LATAM,Automotive,17053.17,4,271,0,1.0,741.0,Very Good,1,Phone,1,0,DCA-02,2026-01-12,25,2026-02-06,Escalated,0,0.0,,,0,0,1,Low
C002406,18285,APAC,Logistics,10712.17,3,329,0,1.0,631.1,Fair,7,Email,0,0,DCA-08,2026-01-10,14,2026-01-24,Escalated,0,0.0,,,0,0,1,Low
C002407,13710,IND,FMCG,9001.74,4,63,4,0.485,535.4,Poor,1,Phone,0,0,DCA-08,2025-05-16,28,2025-06-13,In Progress,0,0.0,,,0,0,0,Low
C002408,17105,EU,Manufacturing,19820.51,5,83,0,0.975,725.1,Good,2,Email,0,0,DCA-02,2025-07-16,17,2025-08-02,Closed,1,19820.51,46.0,2025-08-31,0,1,0,Medium
C002409,14641,APAC,Finance,18926.24,4,138,3,0.827,718.3,Good,1,Portal,0,0,DCA-02,2025-06-18,25,2025-07-13,Closed,1,15569.8,62.0,2025-08-19,0,0,0,Low
C002410,10265,IND,Finance,10483.91,2,302,2,0.701,522.6,Poor,7,Portal,0,0,DCA-10,2025-10-11,27,2025-11-07,Escalated,0,0.0,,,0,0,1,Low
C002411,15305,EU,FMCG,4197.12,1,234,0,1.0,714.8,Good,2,Phone,0,1,DCA-05,2025-05-06,27,2025-06-02,PTP,0,0.0,,,0,0,1,Medium
C002412,10494,NA,Finance,18388.21,1,71,0,0.983,763.9,Very Good,4,Email,0,1,DCA-08,2026-01-20,19,2026-02-08,PTP,0,0.0,,,0,0,0,Medium
C002413,19309,APAC,Aviation,7807.74,3,134,0,0.966,735.1,Good,5,Phone,0,1,DCA-03,2025-02-05,26,2025-03-03,PTP,0,0.0,,,0,0,0,High
C002414,16015,APAC,Manufacturing,15522.39,6,235,0,1.0,633.3,Fair,4,Phone,0,0,DCA-02,2025-06-13,25,2025-07-08,Escalated,0,0.0,,,0,0,1,Low
C002415,13720,IND,Manufacturing,14850.82,6,352,0,1.0,691.9,Good,3,Phone,0,1,DCA-04,2025-06-30,11,2025-07-11,Closed,1,14850.82,53.0,2025-08-22,0,1,0,Low
C002416,14861,APAC,FMCG,3560.79,6,165,3,0.622,561.6,Poor,2,Portal,0,0,DCA-08,2025-04-30,20,2025-05-20,In Progress,0,0.0,,,0,0,0,Low
C002417,16191,LATAM,FMCG,14139.92,5,28,2,0.577,581.1,Fair,3,Email,0,1,DCA-06,2025-07-06,19,2025-07-25,PTP,0,0.0,,,0,0,0,Low
C002418,12601,LATAM,Retail,19152.2,1,39,2,0.985,686.5,Good,3,Email,0,1,DCA-09,2025-05-05,13,2025-05-18,PTP,0,0.0,,,0,0,0,Medium
C002419,12883,APAC,Automotive,20868.72,7,11,1,1.0,780.1,Very Good,2,Email,0,1,DCA-01,2025-05-21,23,2025-06-13,Closed,1,17213.52,23.0,2025-06-13,1,1,0,Medium
C002420,14186,IND,Finance,14503.66,7,46,2,0.864,695.8,Good,4,Email,0,0,DCA-06,2025-02-06,30,2025-03-08,Closed,1,13289.16,39.0,2025-03-17,0,1,0,Low
C002421,12585,NA,Logistics,3347.5,6,151,0,1.0,722.8,Good,4,Phone,0,0,DCA-05,2025-06-09,17,2025-06-26,In Progress,0,0.0,,,0,0,0,Medium
C002422,17579,IND,Finance,32661.65,4,103,0,0.909,669.5,Fair,1,Portal,0,0,DCA-02,2025-09-25,11,2025-10-06,In Progress,0,0.0,,,0,0,0,Medium
C002423,11038,LATAM,Healthcare,17813.57,2,110,0,0.644,594.7,Fair,2,Email,0,1,DCA-04,2025-12-29,24,2026-01-22,PTP,0,0.0,,,0,0,0,Low
C002424,18266,IND,FMCG,5754.15,7,280,2,0.794,561.8,Poor,2,Phone,0,0,DCA-05,2026-01-29,29,2026-02-27,Escalated,0,0.0,,,0,0,1,Low
C002425,13485,EU,Logistics,7696.85,2,174,0,1.0,711.4,Good,4,Email,0,0,DCA-04,2025-11-08,8,2025-11-16,In Progress,0,0.0,,,0,0,0,Low
C002426,15612,NA,Retail,15706.92,6,266,0,0.765,628.3,Fair,2,SMS,0,0,DCA-10,2025-12-11,29,2026-01-09,Escalated,0,0.0,,,0,0,1,Medium
C002427,11577,EU,Technology,21500.88,7,198,0,0.904,731.6,Good,5,Phone,0,0,DCA-04,2025-05-18,24,2025-06-11,Escalated,0,0.0,,,0,0,1,Low
C002428,13853,EU,Healthcare,9494.1,7,75,0,0.791,753.1,Very Good,6,Email,1,0,DCA-09,2026-01-17,11,2026-01-28,Dispute,0,0.0,,,0,0,0,Low
C002429,17545,IND,Automotive,23810.16,4,346,0,0.946,657.8,Fair,2,Email,0,1,DCA-06,2025-12-08,15,2025-12-23,Closed,1,23810.16,52.0,2026-01-29,0,1,0,Low
C002430,12706,LATAM,Automotive,3808.78,6,174,0,1.0,702.1,Good,1,SMS,1,0,DCA-09,2025-03-25,10,2025-04-04,Escalated,0,0.0,,,0,0,1,Low
C002431,11322,APAC,Finance,6439.97,6,305,3,0.683,525.0,Poor,6,Phone,0,0,DCA-06,2025-10-13,20,2025-11-02,Escalated,0,0.0,,,0,0,1,Low
C002432,15219,IND,Logistics,3149.33,7,36,2,0.615,651.3,Fair,3,Email,0,0,DCA-08,2025-01-28,14,2025-02-11,In Progress,0,0.0,,,0,0,0,Medium
C002433,11624,NA,Retail,7128.22,3,310,1,0.821,606.2,Fair,6,Email,0,1,DCA-02,2025-05-09,22,2025-05-31,PTP,0,0.0,,,0,0,1,Low
C002434,13147,EU,Logistics,38393.91,5,261,0,0.904,689.0,Good,1,Email,1,0,DCA-01,2025-04-20,21,2025-05-11,Closed,1,29718.36,86.0,2025-07-15,0,0,1,Low
C002435,14504,EU,FMCG,56413.38,6,91,0,1.0,709.9,Good,1,Phone,0,0,DCA-07,2025-11-08,25,2025-12-03,Closed,1,41562.04,45.0,2025-12-23,0,1,0,Medium
C002436,15640,IND,Aviation,15743.98,2,289,3,0.946,619.0,Fair,6,Email,0,0,DCA-03,2025-08-29,17,2025-09-15,Escalated,0,0.0,,,0,0,1,Low
C002437,16393,EU,Finance,8544.98,2,271,0,0.773,608.3,Fair,5,Phone,0,0,DCA-05,2025-04-30,21,2025-05-21,Closed,1,6765.82,81.0,2025-07-20,0,0,0,Low
C002438,16766,EU,Manufacturing,11439.78,3,326,0,0.863,576.8,Poor,3,Email,0,0,DCA-03,2025-10-17,27,2025-11-13,Escalated,0,0.0,,,0,0,1,Low
C002439,18442,IND,Finance,18607.83,3,77,0,0.706,659.0,Fair,5,SMS,0,0,DCA-07,2025-02-09,17,2025-02-26,In Progress,0,0.0,,,0,0,0,Medium
C002440,10660,IND,Aviation,4473.44,6,323,0,0.753,618.9,Fair,7,Phone,0,1,DCA-08,2025-11-06,30,2025-12-06,PTP,0,0.0,,,0,0,1,Medium
C002441,13623,MEA,Automotive,8948.58,7,278,1,0.816,597.8,Fair,7,SMS,0,0,DCA-06,2025-12-08,18,2025-12-26,Closed,1,8768.82,67.0,2026-02-13,0,0,0,Low
C002442,10010,NA,Manufacturing,36476.56,2,123,2,0.757,593.6,Fair,4,Phone,0,0,DCA-04,2025-01-19,17,2025-02-05,Closed,1,29182.09,64.0,2025-03-24,0,0,0,Low
C002443,10094,EU,Manufacturing,6425.33,3,128,2,0.861,643.7,Fair,5,Portal,0,1,DCA-07,2025-10-22,21,2025-11-12,Closed,1,6425.33,31.0,2025-11-22,0,1,0,Medium
C002444,12122,NA,Healthcare,7908.41,7,93,1,0.647,521.5,Poor,2,In-person,0,1,DCA-09,2025-08-28,7,2025-09-04,Closed,1,7742.15,29.0,2025-09-26,1,1,0,Medium
C002445,15981,IND,Energy,13483.68,5,174,1,0.518,680.9,Good,3,Phone,0,1,DCA-04,2025-04-02,19,2025-04-21,PTP,0,0.0,,,0,0,0,Low
C002446,18945,IND,Automotive,16288.26,2,327,0,0.946,748.6,Very Good,10,Phone,0,0,DCA-02,2025-04-15,30,2025-05-15,Escalated,0,0.0,,,0,0,1,Low
C002447,17735,MEA,Aviation,8625.66,5,305,0,1.0,731.8,Good,3,Phone,0,0,DCA-06,2025-03-27,22,2025-04-18,Escalated,0,0.0,,,0,0,1,Low
C002448,16462,IND,Aviation,14099.22,7,54,1,0.789,697.3,Good,4,Portal,0,1,DCA-05,2025-04-14,17,2025-05-01,PTP,0,0.0,,,0,0,0,Medium
C002449,17781,APAC,Energy,20446.31,3,48,0,1.0,736.6,Good,4,Portal,0,0,DCA-06,2025-05-11,17,2025-05-28,Closed,1,18724.87,47.0,2025-06-27,0,1,0,Low
C002450,11719,NA,Healthcare,52734.03,4,22,1,0.791,655.5,Fair,5,Email,1,0,DCA-05,2025-11-06,19,2025-11-25,Dispute,0,0.0,,,0,0,0,Medium
C002451,18398,MEA,FMCG,12229.78,5,224,0,0.799,605.0,Fair,3,Email,0,0,DCA-07,2025-04-23,9,2025-05-02,Escalated,0,0.0,,,0,0,1,Low
C002452,18902,IND,Technology,12979.05,6,115,0,0.651,583.8,Fair,2,SMS,0,0,DCA-10,2025-12-20,22,2026-01-11,In Progress,0,0.0,,,0,0,0,Medium
C002453,10950,IND,Finance,38918.17,4,277,0,0.672,574.5,Poor,5,Phone,0,0,DCA-02,2025-08-04,9,2025-08-13,Escalated,0,0.0,,,0,0,1,Low
C002454,14699,NA,Energy,9095.94,7,277,0,0.956,675.1,Good,3,Portal,0,0,DCA-03,2025-08-25,25,2025-09-19,Closed,1,7230.29,62.0,2025-10-26,0,0,0,Low
C002455,18300,IND,Retail,5286.72,6,72,0,1.0,797.9,Very Good,4,Portal,0,0,DCA-10,2025-12-22,9,2025-12-31,Closed,1,5286.72,50.0,2026-02-10,0,1,0,Medium
C002456,14760,APAC,Automotive,15917.5,3,253,0,0.742,692.8,Good,4,Email,0,0,DCA-10,2025-01-08,18,2025-01-26,Escalated,0,0.0,,,0,0,1,Low
C002457,18404,APAC,Automotive,28376.67,4,279,1,0.562,631.7,Fair,3,Phone,0,0,DCA-05,2025-06-15,29,2025-07-14,Escalated,0,0.0,,,0,0,1,Low
C002458,19355,APAC,Technology,17201.18,5,360,1,0.984,509.8,Poor,4,Portal,0,1,DCA-05,2025-05-10,7,2025-05-17,PTP,0,0.0,,,0,0,1,Low
C002459,14746,EU,Automotive,12482.58,1,264,4,0.598,444.2,Poor,2,Phone,0,1,DCA-06,2025-11-13,8,2025-11-21,PTP,0,0.0,,,0,0,1,Low
C002460,10594,APAC,Automotive,4847.05,2,131,3,0.834,666.2,Fair,7,Email,0,0,DCA-06,2026-01-07,21,2026-01-28,In Progress,0,0.0,,,0,0,0,Low
C002461,13400,LATAM,Aviation,12824.87,2,364,0,0.83,549.3,Poor,6,SMS,0,0,DCA-08,2026-01-14,23,2026-02-06,Escalated,0,0.0,,,0,0,1,Low
C002462,12151,IND,Manufacturing,31672.64,6,101,0,1.0,740.9,Very Good,3,Email,0,1,DCA-06,2025-09-03,17,2025-09-20,PTP,0,0.0,,,0,0,0,Medium
C002463,14741,IND,Technology,5631.43,6,294,1,0.844,657.6,Fair,5,Phone,0,0,DCA-08,2025-04-20,11,2025-05-01,Escalated,0,0.0,,,0,0,1,Low
C002464,15857,EU,Logistics,11256.23,6,138,0,0.697,720.8,Good,3,In-person,0,0,DCA-08,2025-11-26,19,2025-12-15,In Progress,0,0.0,,,0,0,0,Low
C002465,14638,NA,Logistics,10185.91,1,341,0,1.0,594.5,Fair,8,Portal,0,0,DCA-04,2025-08-16,24,2025-09-09,Escalated,0,0.0,,,0,0,1,Low
C002466,11954,NA,Energy,8197.68,3,285,3,0.806,645.2,Fair,2,Phone,0,0,DCA-07,2025-07-08,13,2025-07-21,Escalated,0,0.0,,,0,0,1,Low
C002467,13011,EU,Energy,15891.6,3,219,1,0.751,667.9,Fair,5,Email,0,1,DCA-06,2025-06-28,10,2025-07-08,PTP,0,0.0,,,0,0,1,Low
C002468,16795,APAC,FMCG,18220.7,1,79,0,1.0,745.8,Very Good,3,Phone,0,0,DCA-10,2025-06-26,7,2025-07-03,In Progress,0,0.0,,,0,0,0,Medium
C002469,10269,APAC,Healthcare,18087.54,2,69,1,0.743,625.4,Fair,2,Email,0,0,DCA-06,2025-12-10,30,2026-01-09,Closed,1,14263.91,49.0,2026-01-28,0,1,0,Medium
C002470,12140,NA,Retail,6742.82,4,345,1,0.914,594.6,Fair,4,Phone,0,0,DCA-08,2025-08-07,10,2025-08-17,Escalated,0,0.0,,,0,0,1,Low
C002471,18923,NA,Technology,4220.93,7,292,0,0.935,671.8,Good,3,SMS,1,0,DCA-02,2025-12-15,22,2026-01-06,Escalated,0,0.0,,,0,0,1,Low
C002472,10991,MEA,Energy,16053.34,2,187,0,0.973,676.6,Good,2,Phone,0,1,DCA-07,2025-11-30,20,2025-12-20,PTP,0,0.0,,,0,0,1,Medium
C002473,14147,IND,Energy,9375.51,7,320,0,0.816,611.8,Fair,3,Phone,0,0,DCA-02,2025-04-20,19,2025-05-09,Escalated,0,0.0,,,0,0,1,Low
C002474,12069,IND,Retail,48378.88,6,286,0,0.863,579.5,Poor,1,Email,0,0,DCA-07,2026-01-10,22,2026-02-01,Escalated,0,0.0,,,0,0,1,Low
C002475,11046,NA,Energy,49968.93,2,142,1,1.0,701.6,Good,5,Phone,0,1,DCA-04,2025-05-13,11,2025-05-24,PTP,0,0.0,,,0,0,0,Low
C002476,14227,APAC,Energy,53824.44,2,302,0,0.833,553.7,Poor,3,In-person,0,0,DCA-07,2025-07-31,9,2025-08-09,Closed,1,42239.67,68.0,2025-10-07,0,0,0,Low
C002477,15214,IND,FMCG,6918.28,4,290,0,0.814,668.5,Fair,3,Portal,0,0,DCA-05,2026-01-04,20,2026-01-24,Escalated,0,0.0,,,0,0,1,Low
C002478,11761,IND,FMCG,19901.66,7,175,0,1.0,735.4,Good,3,SMS,0,0,DCA-09,2026-01-14,17,2026-01-31,Closed,1,17481.84,51.0,2026-03-06,0,1,0,Medium
C002479,10777,IND,Aviation,24579.47,6,8,0,1.0,801.9,Excellent,1,Portal,1,0,DCA-02,2025-02-27,20,2025-03-19,Closed,1,16668.51,55.0,2025-04-23,0,1,0,Medium
C002480,11346,IND,Finance,22716.53,7,270,1,0.788,555.6,Poor,8,SMS,0,0,DCA-03,2025-11-06,22,2025-11-28,Escalated,0,0.0,,,0,0,1,Low
C002481,16515,LATAM,Manufacturing,10424.58,3,124,1,0.731,634.0,Fair,2,Phone,0,0,DCA-05,2025-07-26,30,2025-08-25,Closed,1,8160.28,62.0,2025-09-26,0,0,0,Medium
C002482,18602,IND,Retail,32709.32,7,133,1,0.897,651.0,Fair,2,SMS,1,0,DCA-04,2025-11-03,17,2025-11-20,Closed,1,27712.91,69.0,2026-01-11,0,0,1,Low
C002483,11802,IND,Logistics,13364.17,7,260,1,0.607,542.3,Poor,4,Email,1,0,DCA-01,2025-12-10,24,2026-01-03,Escalated,0,0.0,,,0,0,1,Low
C002484,13203,LATAM,Retail,14613.11,5,296,1,0.905,604.9,Fair,8,In-person,0,0,DCA-05,2026-01-09,23,2026-02-01,Escalated,0,0.0,,,0,0,1,Low
C002485,13438,NA,Automotive,4552.89,2,32,1,0.566,590.7,Fair,1,Phone,0,0,DCA-06,2025-02-11,13,2025-02-24,Closed,1,3981.76,55.0,2025-04-07,0,1,0,Low
C002486,13607,NA,Technology,20980.22,2,300,0,0.963,669.9,Fair,4,Email,0,1,DCA-08,2025-02-25,29,2025-03-26,Closed,1,20138.23,45.0,2025-04-11,0,1,0,Low
C002487,12443,MEA,Technology,11133.48,1,107,0,0.594,547.9,Poor,2,Email,0,1,DCA-02,2025-09-21,28,2025-10-19,Closed,1,8992.96,32.0,2025-10-23,0,1,0,Low
C002488,10552,LATAM,Healthcare,18496.66,6,207,2,0.709,629.2,Fair,4,Phone,0,1,DCA-03,2025-01-20,14,2025-02-03,PTP,0,0.0,,,0,0,1,Low
C002489,15251,APAC,Finance,15749.75,3,317,0,0.933,655.0,Fair,5,Phone,0,0,DCA-05,2025-08-31,15,2025-09-15,Escalated,0,0.0,,,0,0,1,Low
C002490,13573,NA,Logistics,15163.64,5,80,0,0.795,719.7,Good,2,Phone,0,1,DCA-09,2025-02-17,26,2025-03-15,PTP,0,0.0,,,0,0,0,Medium
C002491,13422,EU,FMCG,12938.99,2,81,0,1.0,639.4,Fair,3,Phone,0,1,DCA-04,2025-10-08,23,2025-10-31,PTP,0,0.0,,,0,0,0,Medium
C002492,12648,IND,Manufacturing,23170.14,7,354,0,0.888,710.9,Good,7,Phone,0,0,DCA-08,2025-08-12,12,2025-08-24,Escalated,0,0.0,,,0,0,1,Low
C002493,19293,NA,Manufacturing,11623.4,6,136,0,0.652,635.3,Fair,1,SMS,0,0,DCA-09,2025-12-31,11,2026-01-11,In Progress,0,0.0,,,0,0,0,Low
C002494,16104,IND,Energy,4824.01,3,345,0,0.839,664.7,Fair,1,Email,0,0,DCA-02,2025-12-06,20,2025-12-26,Escalated,0,0.0,,,0,0,1,Low
C002495,14186,LATAM,Energy,19895.9,4,131,0,0.829,683.8,Good,2,Email,0,1,DCA-07,2025-05-06,24,2025-05-30,Closed,1,15737.11,34.0,2025-06-09,0,1,0,Medium
C002496,12053,NA,Aviation,7583.24,1,226,0,1.0,696.2,Good,2,Email,0,1,DCA-02,2025-01-21,27,2025-02-17,Closed,1,7380.3,34.0,2025-02-24,0,1,0,Low
C002497,18011,APAC,Technology,5287.06,1,186,0,0.945,670.0,Good,2,Phone,0,0,DCA-08,2025-08-15,16,2025-08-31,Escalated,0,0.0,,,0,0,1,Low
C002498,18883,IND,Technology,6531.75,7,359,0,1.0,573.6,Poor,3,Phone,0,1,DCA-04,2025-07-21,28,2025-08-18,PTP,0,0.0,,,0,0,1,Low
C002499,10323,LATAM,Retail,16290.42,6,201,0,0.77,651.8,Fair,2,Portal,0,1,DCA-07,2025-06-15,25,2025-07-10,PTP,0,0.0,,,0,0,1,Medium
C002500,19296,IND,Energy,12486.92,6,184,4,0.702,562.7,Poor,1,Email,0,1,DCA-10,2025-09-05,17,2025-09-22,PTP,0,0.0,,,0,0,1,Low
C002501,16994,IND,FMCG,3002.26,5,170,1,0.647,564.6,Poor,3,Phone,0,1,DCA-03,2025-10-03,25,2025-10-28,PTP,0,0.0,,,0,0,0,Medium
C002502,10998,IND,Technology,10213.25,2,137,1,0.835,655.1,Fair,1,Email,0,0,DCA-07,2025-08-29,26,2025-09-24,In Progress,0,0.0,,,0,0,0,Medium
C002503,17531,MEA,Aviation,30286.64,1,161,1,0.986,653.4,Fair,3,Phone,0,0,DCA-06,2026-01-12,28,2026-02-09,In Progress,0,0.0,,,0,0,0,Low
C002504,11074,NA,Automotive,9740.94,6,168,1,0.546,615.5,Fair,8,Phone,1,0,DCA-07,2025-04-25,18,2025-05-13,Escalated,0,0.0,,,0,0,1,Low
C002505,10508,IND,Healthcare,11898.49,3,278,0,0.953,611.7,Fair,11,Phone,0,0,DCA-02,2025-07-22,19,2025-08-10,Escalated,0,0.0,,,0,0,1,Low
C002506,11153,LATAM,Logistics,27725.12,1,17,0,0.932,773.1,Very Good,1,Phone,0,0,DCA-02,2025-04-06,22,2025-04-28,Closed,1,22258.29,45.0,2025-05-21,0,1,0,Medium
C002507,14598,EU,Manufacturing,23314.77,1,183,1,0.666,613.6,Fair,2,Email,1,0,DCA-09,2025-09-24,13,2025-10-07,Escalated,0,0.0,,,0,0,1,Low
C002508,16195,IND,Technology,27315.94,4,200,0,0.985,701.3,Good,3,Email,0,0,DCA-03,2025-01-09,19,2025-01-28,Closed,1,21585.84,66.0,2025-03-16,0,0,0,Medium
C002509,14073,APAC,Technology,1918.33,6,275,2,0.728,579.4,Poor,6,Phone,0,0,DCA-07,2025-09-01,20,2025-09-21,Escalated,0,0.0,,,0,0,1,Low
C002510,11219,MEA,Retail,44957.2,3,243,6,0.519,556.2,Poor,4,Phone,0,0,DCA-07,2025-03-04,20,2025-03-24,Escalated,0,0.0,,,0,0,1,Low
C002511,11991,MEA,Energy,20857.74,7,158,0,0.595,597.6,Fair,3,Portal,1,1,DCA-02,2025-01-02,15,2025-01-17,Escalated,0,0.0,,,0,0,1,Low
C002512,18523,IND,Technology,74834.44,3,40,0,1.0,810.2,Excellent,3,Email,1,0,DCA-04,2025-01-06,8,2025-01-14,Dispute,0,0.0,,,0,0,0,Low
C002513,19626,EU,Automotive,7726.19,6,136,0,0.69,712.5,Good,2,Email,0,1,DCA-02,2025-09-16,19,2025-10-05,PTP,0,0.0,,,0,0,0,Medium
C002514,17542,NA,Logistics,3887.74,2,94,0,1.0,721.3,Good,1,Phone,0,0,DCA-02,2025-07-12,27,2025-08-08,In Progress,0,0.0,,,0,0,0,Low
C002515,11034,MEA,Logistics,13427.4,5,75,1,0.801,809.5,Excellent,2,Phone,0,0,DCA-09,2025-08-17,24,2025-09-10,In Progress,0,0.0,,,0,0,0,Low
C002516,18198,APAC,Technology,11017.49,2,263,4,1.0,567.8,Poor,1,Email,0,0,DCA-07,2025-09-19,14,2025-10-03,Escalated,0,0.0,,,0,0,1,Low
C002517,16919,IND,FMCG,21111.32,6,175,1,0.881,618.3,Fair,3,Email,0,0,DCA-04,2025-03-11,21,2025-04-01,In Progress,0,0.0,,,0,0,0,Low
C002518,15260,IND,Finance,28351.91,4,289,0,0.932,632.4,Fair,1,Email,0,0,DCA-06,2025-08-30,9,2025-09-08,Closed,1,25467.12,62.0,2025-10-31,0,0,0,Low
C002519,11432,IND,Manufacturing,12567.81,1,51,0,1.0,681.5,Good,2,In-person,0,1,DCA-07,2025-07-04,22,2025-07-26,PTP,0,0.0,,,0,0,0,High
C002520,19966,APAC,Manufacturing,11288.1,2,359,0,0.616,543.5,Poor,6,Portal,0,0,DCA-01,2025-10-11,15,2025-10-26,Escalated,0,0.0,,,0,0,1,Low
C002521,14426,IND,Finance,19262.28,3,173,0,0.84,673.6,Good,7,In-person,0,0,DCA-04,2025-07-17,20,2025-08-06,Closed,1,18045.89,51.0,2025-09-06,0,1,0,Low
C002522,10441,NA,Technology,11165.34,4,93,0,1.0,748.4,Very Good,2,Email,0,0,DCA-06,2025-02-02,8,2025-02-10,In Progress,0,0.0,,,0,0,0,Medium
C002523,12099,LATAM,Energy,10530.3,2,133,1,0.851,661.6,Fair,3,Phone,0,1,DCA-04,2025-03-01,17,2025-03-18,PTP,0,0.0,,,0,0,0,Low
C002524,14012,IND,Aviation,27611.69,5,307,1,0.802,586.2,Fair,1,Phone,0,0,DCA-03,2025-08-12,7,2025-08-19,Escalated,0,0.0,,,0,0,1,Low
C002525,10623,NA,Finance,32268.43,7,259,3,0.815,696.5,Good,5,SMS,0,0,DCA-05,2025-01-07,25,2025-02-01,Escalated,0,0.0,,,0,0,1,Low
C002526,13239,IND,Healthcare,28531.85,5,63,0,1.0,803.1,Excellent,2,Email,1,0,DCA-08,2025-03-22,15,2025-04-06,Dispute,0,0.0,,,0,0,0,Low
C002527,14684,LATAM,Energy,11875.58,3,361,1,0.702,541.4,Poor,5,Email,0,0,DCA-08,2025-12-30,30,2026-01-29,Escalated,0,0.0,,,0,0,1,Low
C002528,19486,NA,Automotive,2987.37,5,48,0,1.0,850.0,Excellent,4,Email,0,0,DCA-06,2025-09-12,18,2025-09-30,Closed,1,2873.88,45.0,2025-10-27,0,1,0,Medium
C002529,10863,NA,Automotive,12043.2,7,101,0,1.0,644.3,Fair,5,Phone,0,0,DCA-08,2025-11-24,9,2025-12-03,Closed,1,11964.72,52.0,2026-01-15,0,1,0,Medium
C002530,15768,NA,Energy,7858.99,2,266,0,0.759,680.1,Good,5,In-person,0,0,DCA-02,2025-11-16,28,2025-12-14,Escalated,0,0.0,,,0,0,1,Low
C002531,19157,IND,Energy,12200.02,2,193,1,0.821,640.7,Fair,2,Email,0,0,DCA-02,2025-11-13,18,2025-12-01,Escalated,0,0.0,,,0,0,1,Low
C002532,18061,IND,Finance,8351.83,1,163,1,0.682,612.5,Fair,3,Phone,0,1,DCA-08,2025-09-09,16,2025-09-25,PTP,0,0.0,,,0,0,0,Low
C002533,19249,IND,Healthcare,13167.17,6,338,1,0.631,549.0,Poor,7,Email,0,0,DCA-03,2025-08-05,23,2025-08-28,Escalated,0,0.0,,,0,0,1,Low
C002534,11703,IND,Automotive,6454.33,6,289,0,0.808,666.0,Fair,5,Email,0,0,DCA-02,2025-06-06,26,2025-07-02,Escalated,0,0.0,,,0,0,1,Low
C002535,18013,IND,Logistics,5450.69,3,351,2,0.715,531.1,Poor,5,Phone,1,0,DCA-02,2025-09-25,24,2025-10-19,Escalated,0,0.0,,,0,0,1,Low
C002536,19786,APAC,Energy,31441.5,7,103,0,0.945,721.3,Good,3,Phone,0,1,DCA-05,2025-06-02,21,2025-06-23,Closed,1,27114.43,31.0,2025-07-03,0,1,0,Medium
C002537,13260,NA,Energy,6776.66,5,310,1,0.827,758.5,Very Good,6,SMS,0,0,DCA-06,2025-09-11,29,2025-10-10,Escalated,0,0.0,,,0,0,1,Low
C002538,14986,APAC,FMCG,13362.83,7,78,0,0.773,552.9,Poor,7,Phone,0,0,DCA-03,2025-08-09,18,2025-08-27,Closed,1,9459.19,59.0,2025-10-07,0,1,0,Medium
C002539,15308,NA,Aviation,26060.09,7,294,0,1.0,651.2,Fair,5,Email,0,0,DCA-04,2025-05-05,17,2025-05-22,Closed,1,18912.76,75.0,2025-07-19,0,0,0,Low
C002540,14936,IND,Technology,25336.79,7,200,1,0.861,538.9,Poor,4,SMS,0,0,DCA-10,2025-12-19,8,2025-12-27,Closed,1,20817.37,65.0,2026-02-22,0,0,0,Low
C002541,12897,APAC,Logistics,23304.31,3,218,0,0.818,692.3,Good,4,Phone,1,0,DCA-03,2026-01-06,19,2026-01-25,Escalated,0,0.0,,,0,0,1,Low
C002542,19708,IND,Logistics,16514.71,5,42,3,0.85,666.9,Fair,3,Portal,0,0,DCA-05,2025-09-17,27,2025-10-14,In Progress,0,0.0,,,0,0,0,Low
C002543,19564,IND,Logistics,22176.81,2,321,1,1.0,676.1,Good,10,Phone,0,0,DCA-04,2025-05-30,13,2025-06-12,Escalated,0,0.0,,,0,0,1,Low
C002544,13807,EU,FMCG,34932.11,7,102,2,0.541,591.7,Fair,2,Email,0,0,DCA-06,2025-02-08,21,2025-03-01,In Progress,0,0.0,,,0,0,0,Low
C002545,18052,NA,Technology,17989.0,3,218,1,1.0,728.4,Good,2,Portal,0,1,DCA-09,2025-10-17,26,2025-11-12,PTP,0,0.0,,,0,0,1,Medium
C002546,13975,EU,Aviation,3692.13,4,61,0,0.768,679.7,Good,3,Phone,0,0,DCA-10,2025-11-07,12,2025-11-19,In Progress,0,0.0,,,0,0,0,Medium
C002547,17948,IND,Automotive,9228.27,5,338,0,1.0,657.8,Fair,10,Email,0,1,DCA-04,2025-08-24,7,2025-08-31,PTP,0,0.0,,,0,0,1,Low
C002548,15847,EU,Retail,21751.96,6,117,1,0.858,714.5,Good,4,Portal,0,0,DCA-05,2025-01-21,13,2025-02-03,Closed,1,17208.03,68.0,2025-03-30,0,0,0,Low
C002549,14701,EU,Healthcare,8613.04,6,278,1,0.883,572.5,Poor,4,SMS,0,0,DCA-06,2025-12-05,7,2025-12-12,Escalated,0,0.0,,,0,0,1,Low
C002550,11280,LATAM,FMCG,41525.97,7,279,5,0.535,533.0,Poor,7,In-person,0,0,DCA-09,2025-05-28,24,2025-06-21,Escalated,0,0.0,,,0,0,1,Low
C002551,16545,APAC,Automotive,12781.76,5,201,1,0.688,667.5,Fair,4,Phone,0,0,DCA-01,2025-01-29,14,2025-02-12,Escalated,0,0.0,,,0,0,1,Low
C002552,13210,NA,Logistics,14181.22,6,44,1,0.743,580.8,Fair,0,SMS,0,0,DCA-10,2025-05-30,26,2025-06-25,Closed,1,12819.32,45.0,2025-07-14,0,1,0,Low
C002553,12168,APAC,Logistics,29358.02,5,102,1,1.0,642.7,Fair,5,SMS,0,0,DCA-08,2025-07-20,25,2025-08-14,In Progress,0,0.0,,,0,0,0,Low
C002554,11932,APAC,Energy,11754.66,3,223,0,1.0,692.4,Good,3,Phone,0,1,DCA-05,2025-09-04,24,2025-09-28,PTP,0,0.0,,,0,0,1,Medium
C002555,19818,LATAM,Automotive,15114.26,7,196,0,0.944,680.4,Good,2,Email,0,0,DCA-07,2026-01-19,13,2026-02-01,Escalated,0,0.0,,,0,0,1,Medium
C002556,11032,APAC,Technology,25068.98,3,213,0,0.989,717.3,Good,4,Phone,0,0,DCA-10,2025-11-27,11,2025-12-08,Escalated,0,0.0,,,0,0,1,Low
C002557,17985,IND,Automotive,4766.7,5,91,0,0.886,702.4,Good,4,Email,0,0,DCA-02,2025-03-26,14,2025-04-09,In Progress,0,0.0,,,0,0,0,Low
C002558,18661,EU,Automotive,10941.21,3,196,0,0.872,626.6,Fair,6,Email,0,1,DCA-10,2025-04-20,8,2025-04-28,Closed,1,9583.96,42.0,2025-06-01,0,1,0,Medium
C002559,10310,APAC,Manufacturing,23870.71,4,32,1,0.752,612.6,Fair,4,Portal,0,1,DCA-02,2026-01-24,15,2026-02-08,PTP,0,0.0,,,0,0,0,Low
C002560,15893,IND,Logistics,13987.51,3,177,1,1.0,762.9,Very Good,1,Email,0,0,DCA-10,2025-09-08,17,2025-09-25,In Progress,0,0.0,,,0,0,0,Low
C002561,15774,EU,Healthcare,37314.37,2,34,1,1.0,758.8,Very Good,1,Portal,0,1,DCA-01,2025-11-26,20,2025-12-16,Closed,1,34573.49,18.0,2025-12-14,1,1,0,Medium
C002562,13586,EU,Retail,4433.1,6,242,3,0.734,603.2,Fair,4,Email,0,0,DCA-07,2025-08-17,19,2025-09-05,Escalated,0,0.0,,,0,0,1,Low
C002563,16667,LATAM,Finance,4092.86,6,207,0,0.94,713.8,Good,3,Phone,0,1,DCA-01,2025-05-10,26,2025-06-05,Closed,1,4064.5,44.0,2025-06-23,0,1,0,Medium
C002564,14086,APAC,Technology,22897.44,5,311,0,0.783,622.2,Fair,0,SMS,1,0,DCA-05,2025-08-29,19,2025-09-17,Escalated,0,0.0,,,0,0,1,Low
C002565,14396,IND,FMCG,24491.1,1,169,2,0.671,560.0,Poor,4,Portal,0,1,DCA-01,2025-11-14,25,2025-12-09,PTP,0,0.0,,,0,0,0,Low
C002566,14315,IND,Healthcare,11669.4,2,59,0,0.986,789.6,Very Good,2,Email,0,0,DCA-01,2025-01-08,20,2025-01-28,In Progress,0,0.0,,,0,0,0,Medium
C002567,18006,EU,Manufacturing,17681.53,2,86,0,1.0,761.8,Very Good,2,SMS,1,0,DCA-08,2025-02-09,12,2025-02-21,Dispute,0,0.0,,,0,0,0,Low
C002568,16331,NA,Automotive,22508.42,5,297,4,0.517,569.6,Poor,4,Portal,1,0,DCA-10,2025-07-22,24,2025-08-15,Escalated,0,0.0,,,0,0,1,Low
C002569,13790,EU,Healthcare,7557.5,7,349,2,0.858,642.8,Fair,5,Email,0,0,DCA-08,2026-01-26,30,2026-02-25,Escalated,0,0.0,,,0,0,1,Low
C002570,19267,APAC,Finance,8145.38,3,23,0,0.841,775.6,Very Good,2,Email,0,1,DCA-09,2026-01-05,20,2026-01-25,PTP,0,0.0,,,0,0,0,Medium
C002571,18020,NA,Healthcare,15257.22,3,247,0,0.986,644.4,Fair,10,Email,0,1,DCA-02,2025-06-01,21,2025-06-22,Closed,1,13973.29,47.0,2025-07-18,0,1,0,Low
C002572,19327,EU,Energy,25156.27,4,176,0,0.831,700.7,Good,0,Email,0,0,DCA-06,2025-04-08,12,2025-04-20,Closed,1,20959.75,46.0,2025-05-24,0,1,0,Low
C002573,17305,IND,Healthcare,5906.63,7,94,1,1.0,692.7,Good,1,Email,0,1,DCA-05,2025-05-24,25,2025-06-18,PTP,0,0.0,,,0,0,0,Medium
C002574,13914,LATAM,Finance,11631.09,3,187,0,0.859,645.8,Fair,1,Phone,0,1,DCA-09,2025-11-07,7,2025-11-14,Closed,1,11000.68,39.0,2025-12-16,0,1,0,Medium
C002575,17729,NA,Aviation,11260.25,2,341,0,0.817,711.9,Good,6,Email,1,0,DCA-06,2025-10-04,24,2025-10-28,Escalated,0,0.0,,,0,0,1,Low
C002576,13292,NA,Logistics,17900.28,4,72,1,0.782,650.6,Fair,2,SMS,1,0,DCA-10,2025-10-12,18,2025-10-30,Closed,1,14660.11,59.0,2025-12-10,0,1,0,Low
C002577,12709,APAC,Healthcare,13278.63,7,305,1,1.0,632.9,Fair,8,Phone,0,1,DCA-10,2025-09-18,29,2025-10-17,PTP,0,0.0,,,0,0,1,Low
C002578,14510,NA,Retail,9116.87,6,33,1,0.861,773.4,Very Good,2,Phone,0,0,DCA-04,2026-01-25,11,2026-02-05,In Progress,0,0.0,,,0,0,0,Low
C002579,19693,EU,Automotive,32016.16,4,263,0,0.797,640.5,Fair,5,Portal,0,0,DCA-08,2025-12-16,18,2026-01-03,Escalated,0,0.0,,,0,0,1,Low
C002580,15679,EU,Healthcare,9159.25,6,28,0,1.0,850.0,Excellent,2,Phone,0,0,DCA-09,2025-05-06,16,2025-05-22,In Progress,0,0.0,,,0,0,0,High
C002581,13836,APAC,Logistics,10889.26,1,23,0,0.708,698.3,Good,1,Email,0,1,DCA-04,2025-11-05,26,2025-12-01,PTP,0,0.0,,,0,0,0,Low
C002582,14618,APAC,Logistics,4385.03,6,14,0,0.777,636.8,Fair,0,Email,0,0,DCA-08,2025-12-03,12,2025-12-15,In Progress,0,0.0,,,0,0,0,Medium
C002583,12912,MEA,Manufacturing,8106.83,1,293,2,0.629,548.9,Poor,3,Phone,1,0,DCA-01,2025-12-29,16,2026-01-14,Escalated,0,0.0,,,0,0,1,Low
C002584,16587,APAC,Technology,19172.9,3,209,0,1.0,840.4,Excellent,1,SMS,0,0,DCA-05,2025-04-20,18,2025-05-08,Closed,1,15329.91,70.0,2025-06-29,0,0,0,Medium
C002585,13504,LATAM,Manufacturing,16721.01,3,252,1,0.627,564.3,Poor,6,Phone,0,1,DCA-07,2025-05-25,20,2025-06-14,PTP,0,0.0,,,0,0,1,Low
C002586,15543,LATAM,Logistics,20326.12,5,57,1,0.717,642.1,Fair,3,Portal,0,1,DCA-04,2025-07-01,12,2025-07-13,PTP,0,0.0,,,0,0,0,Low
C002587,13698,EU,Automotive,19647.15,2,336,2,0.61,540.6,Poor,1,SMS,0,0,DCA-09,2025-07-21,16,2025-08-06,Escalated,0,0.0,,,0,0,1,Low
C002588,13207,EU,FMCG,57607.03,2,295,1,0.994,615.0,Fair,1,Phone,0,1,DCA-07,2025-07-10,14,2025-07-24,PTP,0,0.0,,,0,0,1,Low
C002589,19702,MEA,Healthcare,7914.87,7,178,3,0.625,595.9,Fair,6,Email,0,0,DCA-06,2025-12-31,10,2026-01-10,In Progress,0,0.0,,,0,0,0,Low
C002590,13457,EU,Retail,4300.14,4,328,0,0.858,692.0,Good,2,Portal,0,0,DCA-09,2025-10-05,11,2025-10-16,Escalated,0,0.0,,,0,0,1,Low
C002591,10705,NA,Aviation,6403.58,6,53,2,0.591,564.1,Poor,2,Phone,1,0,DCA-08,2025-06-10,11,2025-06-21,Dispute,0,0.0,,,0,0,0,Low
C002592,13785,NA,Healthcare,8163.63,5,107,0,1.0,747.0,Very Good,6,Email,0,0,DCA-03,2025-04-08,21,2025-04-29,Closed,1,8163.63,54.0,2025-06-01,0,1,0,Medium
C002593,15321,EU,Automotive,6754.55,5,18,0,1.0,850.0,Excellent,0,Portal,0,0,DCA-09,2025-02-09,24,2025-03-05,Closed,1,5600.74,46.0,2025-03-27,0,1,0,Medium
C002594,10946,IND,Finance,14264.98,5,60,0,1.0,711.7,Good,4,Email,0,0,DCA-06,2025-05-13,23,2025-06-05,Closed,1,14264.98,46.0,2025-06-28,0,1,0,Low
C002595,13056,APAC,Technology,32107.93,5,307,1,0.698,608.5,Fair,3,Email,0,0,DCA-02,2025-12-28,7,2026-01-04,Escalated,0,0.0,,,0,0,1,Low
C002596,11660,EU,Aviation,39252.14,7,150,0,0.921,764.5,Very Good,3,Email,0,1,DCA-10,2026-01-21,19,2026-02-09,PTP,0,0.0,,,0,0,0,Medium
C002597,15006,MEA,FMCG,19015.62,6,235,1,1.0,591.7,Fair,3,Email,0,0,DCA-04,2025-11-24,12,2025-12-06,Escalated,0,0.0,,,0,0,1,Low
C002598,17231,NA,Technology,59807.75,3,321,0,1.0,741.8,Very Good,9,Email,0,0,DCA-01,2025-09-16,30,2025-10-16,Escalated,0,0.0,,,0,0,1,Low
C002599,19684,IND,Manufacturing,10410.17,2,279,1,1.0,850.0,Excellent,4,Phone,0,0,DCA-10,2025-01-21,10,2025-01-31,Closed,1,9202.53,69.0,2025-03-31,0,0,0,Low
C002600,13890,IND,Healthcare,4260.9,6,146,2,0.683,603.3,Fair,2,Email,0,0,DCA-02,2025-08-06,17,2025-08-23,In Progress,0,0.0,,,0,0,0,Low
C002601,18632,LATAM,Retail,27923.52,3,127,0,0.805,616.4,Fair,0,Portal,0,0,DCA-05,2025-01-21,20,2025-02-10,In Progress,0,0.0,,,0,0,0,Low
C002602,12145,NA,Logistics,3688.53,3,40,0,1.0,783.8,Very Good,5,Phone,0,0,DCA-06,2025-01-22,11,2025-02-02,Closed,1,3425.88,47.0,2025-03-10,0,1,0,Medium
C002603,17804,IND,FMCG,7875.39,1,302,1,0.777,651.9,Fair,5,Phone,0,0,DCA-08,2025-05-02,8,2025-05-10,Escalated,0,0.0,,,0,0,1,Low
C002604,15626,NA,FMCG,19227.15,4,359,0,0.657,525.9,Poor,2,Phone,1,0,DCA-01,2026-01-30,26,2026-02-25,Escalated,0,0.0,,,0,0,1,Low
C002605,17581,NA,Healthcare,12435.78,4,183,2,0.764,568.3,Poor,2,Email,1,0,DCA-08,2025-07-17,14,2025-07-31,Escalated,0,0.0,,,0,0,1,Low
C002606,17555,MEA,Finance,11688.18,6,182,2,0.745,666.4,Fair,4,Email,0,1,DCA-07,2025-10-30,17,2025-11-16,PTP,0,0.0,,,0,0,1,Low
C002607,15324,MEA,Logistics,5845.61,6,309,4,0.57,583.1,Fair,10,Phone,0,0,DCA-04,2025-11-12,24,2025-12-06,Escalated,0,0.0,,,0,0,1,Low
C002608,12574,EU,Healthcare,13259.09,6,125,0,1.0,702.2,Good,4,Phone,0,0,DCA-08,2026-01-21,16,2026-02-06,In Progress,0,0.0,,,0,0,0,Medium
C002609,15261,MEA,Manufacturing,26972.25,4,148,0,0.797,718.7,Good,4,Email,0,0,DCA-02,2025-12-31,17,2026-01-17,In Progress,0,0.0,,,0,0,0,Medium
C002610,18267,IND,FMCG,13547.77,7,326,0,0.81,670.1,Good,4,Phone,0,0,DCA-10,2025-05-13,19,2025-06-01,Closed,1,13014.02,67.0,2025-07-19,0,0,0,Low
C002611,19706,IND,FMCG,7471.43,7,139,0,0.844,708.7,Good,2,Email,0,0,DCA-10,2025-12-21,25,2026-01-15,In Progress,0,0.0,,,0,0,0,Low
C002612,19275,EU,Retail,5578.77,6,338,0,0.887,629.1,Fair,2,Portal,0,0,DCA-07,2025-02-19,10,2025-03-01,Escalated,0,0.0,,,0,0,1,Medium
C002613,11814,EU,Aviation,7580.12,3,59,0,0.893,607.7,Fair,3,Email,1,1,DCA-04,2025-08-12,30,2025-09-11,Dispute,0,0.0,,,0,0,0,Low
C002614,15973,IND,Energy,17582.05,2,181,0,0.79,646.6,Fair,3,Email,0,0,DCA-05,2025-10-22,28,2025-11-19,Escalated,0,0.0,,,0,0,1,Medium
C002615,11045,APAC,Finance,16992.4,1,179,1,1.0,653.9,Fair,1,Phone,0,1,DCA-08,2025-10-29,21,2025-11-19,PTP,0,0.0,,,0,0,0,Low
C002616,16689,IND,FMCG,7628.49,7,112,2,0.826,541.4,Poor,2,Email,0,0,DCA-02,2025-10-19,26,2025-11-14,In Progress,0,0.0,,,0,0,0,Low
C002617,19923,NA,Logistics,2842.58,6,351,0,0.944,693.5,Good,4,Portal,0,1,DCA-04,2025-11-29,23,2025-12-22,Closed,1,2837.9,53.0,2026-01-21,0,1,0,Low
C002618,10525,NA,Technology,17926.03,7,176,1,0.796,710.1,Good,5,Email,0,0,DCA-05,2025-12-10,29,2026-01-08,In Progress,0,0.0,,,0,0,0,Low
C002619,16565,NA,Finance,7126.71,6,320,1,1.0,569.4,Poor,2,Phone,0,0,DCA-08,2025-09-14,7,2025-09-21,Escalated,0,0.0,,,0,0,1,Low
C002620,19455,EU,Energy,21640.97,4,80,0,0.788,649.5,Fair,2,SMS,0,0,DCA-02,2025-01-03,18,2025-01-21,In Progress,0,0.0,,,0,0,0,Medium
C002621,18471,IND,Healthcare,7869.29,2,128,0,0.955,794.5,Very Good,3,Email,0,1,DCA-02,2025-02-16,30,2025-03-18,Closed,1,7636.51,29.0,2025-03-17,1,1,0,Medium
C002622,13924,NA,Finance,6690.67,1,175,1,0.866,592.6,Fair,5,In-person,1,1,DCA-10,2025-08-20,14,2025-09-03,Escalated,0,0.0,,,0,0,1,Low
C002623,11039,IND,Logistics,14871.77,6,206,1,0.844,640.9,Fair,4,SMS,0,0,DCA-10,2025-10-06,27,2025-11-02,Closed,1,13941.55,81.0,2025-12-26,0,0,0,Low
C002624,19239,MEA,Aviation,69590.93,3,84,1,0.808,652.4,Fair,3,Email,1,1,DCA-06,2025-02-26,10,2025-03-08,Dispute,0,0.0,,,0,0,0,Low
C002625,19213,APAC,Logistics,22568.74,3,114,1,0.606,652.9,Fair,2,Phone,0,0,DCA-08,2025-02-06,7,2025-02-13,In Progress,0,0.0,,,0,0,0,Low
C002626,15789,APAC,Automotive,14696.34,6,227,1,0.812,578.0,Poor,6,Email,0,0,DCA-02,2025-07-09,22,2025-07-31,Escalated,0,0.0,,,0,0,1,Low
C002627,19788,LATAM,Logistics,17174.76,4,102,1,0.76,511.6,Poor,3,Phone,0,0,DCA-09,2025-12-28,29,2026-01-26,In Progress,0,0.0,,,0,0,0,Low
C002628,10046,EU,Retail,3921.46,7,277,2,0.884,664.2,Fair,3,Email,0,0,DCA-09,2026-01-30,12,2026-02-11,Escalated,0,0.0,,,0,0,1,Low
C002629,16166,IND,Automotive,6089.75,4,174,0,0.773,572.8,Poor,7,Email,0,0,DCA-02,2025-03-18,26,2025-04-13,In Progress,0,0.0,,,0,0,0,Low
C002630,10385,NA,Healthcare,2303.88,6,353,1,0.737,582.4,Fair,6,SMS,0,1,DCA-08,2025-10-22,14,2025-11-05,PTP,0,0.0,,,0,0,1,Low
C002631,19356,NA,Retail,44842.5,1,87,0,0.842,671.8,Good,0,Portal,0,1,DCA-02,2025-10-30,30,2025-11-29,PTP,0,0.0,,,0,0,0,Medium
C002632,16804,LATAM,Healthcare,38916.37,3,307,0,0.842,630.7,Fair,3,Phone,0,1,DCA-05,2025-04-15,7,2025-04-22,PTP,0,0.0,,,0,0,1,Medium
C002633,19134,EU,FMCG,17588.01,2,179,0,0.777,523.6,Poor,1,Email,1,0,DCA-04,2025-11-24,24,2025-12-18,Closed,1,14146.78,77.0,2026-02-09,0,0,1,Low
C002634,15626,NA,Manufacturing,14684.98,1,32,0,1.0,751.2,Very Good,0,Email,0,0,DCA-09,2025-09-04,30,2025-10-04,In Progress,0,0.0,,,0,0,0,Medium
C002635,10832,LATAM,Energy,4509.25,7,257,0,1.0,736.1,Good,8,In-person,0,0,DCA-05,2026-01-01,19,2026-01-20,Escalated,0,0.0,,,0,0,1,Low
C002636,10265,IND,Retail,11458.53,4,77,0,1.0,714.8,Good,4,Email,0,0,DCA-09,2025-07-10,27,2025-08-06,In Progress,0,0.0,,,0,0,0,Medium
C002637,13355,MEA,Automotive,46848.5,3,51,1,0.935,673.0,Good,0,Phone,0,0,DCA-07,2025-04-02,8,2025-04-10,Closed,1,41747.75,49.0,2025-05-21,0,1,0,Medium
C002638,17434,APAC,FMCG,14647.01,3,194,0,0.767,731.0,Good,3,Email,0,0,DCA-05,2025-06-29,24,2025-07-23,Closed,1,13169.19,55.0,2025-08-23,0,1,0,Medium
C002639,11510,MEA,Technology,8997.91,2,287,2,0.708,560.8,Poor,5,SMS,0,0,DCA-07,2025-05-21,8,2025-05-29,Escalated,0,0.0,,,0,0,1,Low
C002640,18521,APAC,Manufacturing,3902.41,1,94,2,0.51,592.4,Fair,2,Phone,0,0,DCA-01,2025-01-26,25,2025-02-20,In Progress,0,0.0,,,0,0,0,Low
C002641,12394,LATAM,Technology,35109.04,7,227,0,0.815,713.4,Good,5,Email,0,1,DCA-06,2025-02-05,11,2025-02-16,PTP,0,0.0,,,0,0,1,Low
C002642,14964,APAC,FMCG,12720.13,1,6,0,0.832,744.2,Very Good,2,Email,0,0,DCA-02,2025-09-12,26,2025-10-08,In Progress,0,0.0,,,0,0,0,Medium
C002643,12030,MEA,Finance,3906.07,3,68,0,1.0,759.6,Very Good,2,In-person,0,0,DCA-08,2025-08-30,19,2025-09-18,In Progress,0,0.0,,,0,0,0,Medium
C002644,14657,IND,Finance,6995.44,2,275,2,0.459,512.6,Poor,8,Phone,0,0,DCA-09,2025-08-30,12,2025-09-11,Escalated,0,0.0,,,0,0,1,Low
C002645,14521,IND,Manufacturing,5462.84,7,5,3,0.809,735.4,Good,1,Email,0,0,DCA-08,2025-03-31,26,2025-04-26,In Progress,0,0.0,,,0,0,0,Low
C002646,10054,LATAM,Logistics,12182.79,2,131,1,0.774,666.7,Fair,3,Email,0,1,DCA-10,2025-02-05,18,2025-02-23,PTP,0,0.0,,,0,0,0,Medium
C002647,15678,NA,Technology,15446.49,3,185,0,0.875,731.5,Good,2,Phone,0,0,DCA-02,2025-12-06,29,2026-01-04,Escalated,0,0.0,,,0,0,1,Medium
C002648,17866,NA,Healthcare,9393.26,6,25,0,1.0,663.6,Fair,2,Email,0,0,DCA-02,2025-02-20,17,2025-03-09,Closed,1,9197.25,44.0,2025-04-05,0,1,0,Medium
C002649,19362,NA,Healthcare,23015.72,4,357,1,0.63,554.6,Poor,1,Phone,0,0,DCA-08,2025-12-23,17,2026-01-09,Closed,1,20051.36,67.0,2026-02-28,0,0,0,Low
C002650,13307,APAC,Energy,14117.37,3,186,0,1.0,701.9,Good,4,Email,0,0,DCA-02,2025-07-01,8,2025-07-09,Escalated,0,0.0,,,0,0,1,High
C002651,18805,EU,Retail,28102.64,4,124,2,0.45,548.7,Poor,3,Phone,1,0,DCA-06,2025-07-16,12,2025-07-28,Escalated,0,0.0,,,0,0,1,Low
C002652,18787,NA,Finance,10404.19,4,356,4,0.556,556.4,Poor,6,SMS,0,1,DCA-07,2025-08-01,21,2025-08-22,PTP,0,0.0,,,0,0,1,Low
C002653,19883,EU,Energy,112614.74,3,204,1,0.82,704.7,Good,2,Email,0,1,DCA-02,2025-10-17,13,2025-10-30,PTP,0,0.0,,,0,0,1,Low
C002654,13730,IND,Manufacturing,8998.9,5,247,0,0.894,651.3,Fair,6,Email,0,0,DCA-04,2025-03-17,10,2025-03-27,Closed,1,8053.57,82.0,2025-06-07,0,0,0,Low
C002655,18508,EU,Automotive,7098.71,3,33,0,1.0,750.8,Very Good,1,Portal,0,0,DCA-09,2025-02-17,12,2025-03-01,In Progress,0,0.0,,,0,0,0,Medium
C002656,15650,APAC,Technology,6513.22,7,58,1,0.616,561.1,Poor,2,Phone,1,0,DCA-04,2025-11-25,20,2025-12-15,Dispute,0,0.0,,,0,0,0,Low
C002657,10582,IND,Healthcare,11525.78,4,17,1,0.592,618.5,Fair,2,Portal,0,0,DCA-07,2025-02-06,15,2025-02-21,Closed,1,9724.0,43.0,2025-03-21,0,1,0,Medium
C002658,12703,NA,Energy,4009.11,6,188,0,0.925,608.3,Fair,5,Email,0,0,DCA-10,2025-10-07,24,2025-10-31,Escalated,0,0.0,,,0,0,1,Low
C002659,16720,EU,Logistics,16418.99,2,305,0,0.803,613.2,Fair,1,Portal,0,0,DCA-08,2025-01-26,29,2025-02-24,Escalated,0,0.0,,,0,0,1,Low
C002660,11605,LATAM,Retail,3520.25,5,329,1,0.966,592.5,Fair,6,SMS,0,0,DCA-08,2025-03-30,9,2025-04-08,Closed,1,2706.78,66.0,2025-06-04,0,0,0,Low
C002661,14347,MEA,Technology,14960.51,4,210,0,0.633,573.1,Poor,4,Email,0,0,DCA-04,2025-09-14,8,2025-09-22,Closed,1,12756.09,66.0,2025-11-19,0,0,0,Low
C002662,17749,IND,Technology,5188.1,6,20,1,0.792,688.8,Good,1,Phone,0,0,DCA-02,2025-11-14,11,2025-11-25,Closed,1,4339.62,44.0,2025-12-28,0,1,0,Low
C002663,11497,MEA,Technology,10230.15,4,228,1,0.787,641.0,Fair,2,Phone,0,1,DCA-08,2025-02-05,7,2025-02-12,Closed,1,10230.15,48.0,2025-03-25,0,1,0,Low
C002664,14965,NA,Manufacturing,20397.72,6,233,0,0.873,578.5,Poor,5,Portal,0,0,DCA-05,2025-08-20,27,2025-09-16,Escalated,0,0.0,,,0,0,1,Low
C002665,12148,NA,Aviation,67025.36,1,218,0,0.845,658.0,Fair,0,Phone,0,0,DCA-07,2025-01-08,24,2025-02-01,Closed,1,59148.68,57.0,2025-03-06,0,1,0,Low
C002666,15364,APAC,FMCG,6281.72,5,263,2,0.752,679.4,Good,3,SMS,0,0,DCA-04,2025-05-06,24,2025-05-30,Escalated,0,0.0,,,0,0,1,Low
C002667,12407,NA,FMCG,12025.42,6,203,0,0.868,661.2,Fair,2,Portal,0,0,DCA-02,2025-12-01,29,2025-12-30,Escalated,0,0.0,,,0,0,1,Low
C002668,19654,NA,Healthcare,8049.53,4,257,2,0.764,633.5,Fair,6,Email,0,0,DCA-06,2025-11-24,25,2025-12-19,Escalated,0,0.0,,,0,0,1,Low
C002669,10767,IND,Automotive,7266.94,1,178,3,0.721,539.3,Poor,4,Email,0,0,DCA-02,2025-07-20,26,2025-08-15,In Progress,0,0.0,,,0,0,0,Low
C002670,19635,IND,Aviation,8099.18,4,55,2,0.722,662.5,Fair,0,Phone,0,0,DCA-06,2025-07-22,10,2025-08-01,In Progress,0,0.0,,,0,0,0,Low
C002671,17918,NA,Manufacturing,23785.86,6,30,0,0.744,657.0,Fair,1,Portal,1,0,DCA-03,2025-03-22,27,2025-04-18,Dispute,0,0.0,,,0,0,0,Low
C002672,18556,APAC,Automotive,9493.48,4,331,1,0.925,669.5,Fair,3,Phone,1,0,DCA-02,2025-06-22,23,2025-07-15,Escalated,0,0.0,,,0,0,1,Low
C002673,18515,IND,Technology,64506.35,1,161,0,0.814,676.7,Good,5,Email,0,0,DCA-05,2025-02-09,10,2025-02-19,In Progress,0,0.0,,,0,0,0,Low
C002674,11876,LATAM,Finance,17875.48,3,118,3,0.878,658.9,Fair,2,In-person,0,0,DCA-06,2025-01-07,10,2025-01-17,In Progress,0,0.0,,,0,0,0,Low
C002675,19310,MEA,Energy,6587.92,7,107,1,0.831,633.0,Fair,4,Phone,0,0,DCA-08,2025-04-01,24,2025-04-25,In Progress,0,0.0,,,0,0,0,Low
C002676,15942,LATAM,Retail,10335.15,2,19,0,0.889,760.7,Very Good,0,Phone,0,1,DCA-03,2025-11-21,17,2025-12-08,Closed,1,10335.15,24.0,2025-12-15,1,1,0,High
C002677,19621,APAC,Healthcare,7621.34,4,345,0,0.756,620.9,Fair,4,Phone,1,0,DCA-06,2025-06-13,14,2025-06-27,Escalated,0,0.0,,,0,0,1,Low
C002678,18781,IND,Logistics,23389.63,3,31,2,0.848,713.1,Good,0,Phone,1,1,DCA-06,2025-04-20,7,2025-04-27,Dispute,0,0.0,,,0,0,0,Low
C002679,15796,NA,Retail,4242.27,5,80,2,0.845,672.6,Good,0,Portal,0,0,DCA-02,2025-02-10,16,2025-02-26,In Progress,0,0.0,,,0,0,0,Low
C002680,13744,LATAM,FMCG,5225.65,3,167,1,0.763,536.2,Poor,1,Phone,0,1,DCA-01,2025-04-25,14,2025-05-09,Closed,1,4788.17,36.0,2025-05-31,0,1,0,Low
C002681,11172,APAC,Finance,8830.07,3,131,1,0.758,615.9,Fair,3,Phone,0,0,DCA-07,2025-06-23,14,2025-07-07,In Progress,0,0.0,,,0,0,0,Medium
C002682,11011,IND,Automotive,21548.53,5,15,1,0.722,615.6,Fair,1,Email,0,1,DCA-06,2025-11-27,30,2025-12-27,PTP,0,0.0,,,0,0,0,Low
C002683,13897,LATAM,Technology,31670.54,5,120,1,0.717,621.4,Fair,2,Phone,0,1,DCA-10,2025-02-26,11,2025-03-09,PTP,0,0.0,,,0,0,0,Low
C002684,18109,EU,Finance,35114.85,4,284,1,0.837,633.4,Fair,3,Portal,0,0,DCA-06,2025-02-04,23,2025-02-27,Escalated,0,0.0,,,0,0,1,Low
C002685,15053,IND,Manufacturing,19358.0,2,92,0,1.0,720.7,Good,4,SMS,0,0,DCA-02,2025-01-23,22,2025-02-14,In Progress,0,0.0,,,0,0,0,Low
C002686,14817,APAC,Healthcare,12606.62,1,316,0,0.831,643.3,Fair,7,Portal,0,0,DCA-08,2026-01-13,7,2026-01-20,Closed,1,11097.55,76.0,2026-03-30,0,0,0,Low
C002687,12444,IND,Aviation,23300.69,5,132,1,0.782,668.4,Fair,1,Email,0,0,DCA-01,2026-01-16,7,2026-01-23,In Progress,0,0.0,,,0,0,0,Low
C002688,15643,NA,Logistics,5996.01,3,5,0,0.91,842.1,Excellent,2,Phone,0,0,DCA-07,2025-05-11,25,2025-06-05,Closed,1,5588.7,40.0,2025-06-20,0,1,0,Medium
C002689,16380,EU,Manufacturing,3672.91,5,40,1,0.912,726.6,Good,2,Phone,0,1,DCA-09,2025-05-11,19,2025-05-30,PTP,0,0.0,,,0,0,0,High
C002690,19821,LATAM,FMCG,18135.86,3,295,1,1.0,603.0,Fair,5,Email,0,1,DCA-02,2025-05-12,16,2025-05-28,PTP,0,0.0,,,0,0,1,Low
C002691,17294,NA,Logistics,6607.93,6,148,3,0.637,630.7,Fair,4,Phone,0,1,DCA-03,2025-02-10,18,2025-02-28,Closed,1,6419.33,33.0,2025-03-15,0,1,0,Low
C002692,16072,APAC,Logistics,12762.74,5,358,2,0.789,583.6,Fair,2,Phone,0,1,DCA-01,2025-10-04,13,2025-10-17,PTP,0,0.0,,,0,0,1,Low
C002693,19100,IND,Healthcare,14526.63,3,288,0,0.714,631.1,Fair,2,Email,1,0,DCA-02,2026-01-24,29,2026-02-22,Escalated,0,0.0,,,0,0,1,Low
C002694,14249,NA,Healthcare,15893.79,3,12,1,0.744,722.0,Good,1,Email,0,0,DCA-03,2025-05-23,11,2025-06-03,In Progress,0,0.0,,,0,0,0,Medium
C002695,19349,APAC,Finance,25756.8,6,114,0,0.903,671.6,Good,3,Phone,0,1,DCA-03,2025-04-06,11,2025-04-17,Closed,1,25756.8,36.0,2025-05-12,0,1,0,Medium
C002696,13699,IND,Manufacturing,23919.58,1,264,0,1.0,783.6,Very Good,3,Email,0,0,DCA-05,2025-04-17,17,2025-05-04,Closed,1,18670.97,68.0,2025-06-24,0,0,0,Low
C002697,11277,NA,Technology,15313.65,1,23,0,0.855,729.7,Good,1,Phone,0,0,DCA-10,2025-04-06,10,2025-04-16,In Progress,0,0.0,,,0,0,0,Medium
C002698,14176,NA,FMCG,9804.43,1,364,1,0.755,512.5,Poor,6,In-person,0,0,DCA-01,2025-03-04,13,2025-03-17,Escalated,0,0.0,,,0,0,1,Low
C002699,11287,APAC,FMCG,14406.48,3,61,0,1.0,819.5,Excellent,0,Phone,0,1,DCA-04,2025-10-22,22,2025-11-13,Closed,1,13059.93,23.0,2025-11-14,1,1,0,Medium
C002700,11183,IND,Manufacturing,8801.28,4,291,2,0.877,647.3,Fair,6,Phone,0,0,DCA-02,2025-05-12,29,2025-06-10,Escalated,0,0.0,,,0,0,1,Low
C002701,18812,LATAM,Automotive,11643.46,3,306,3,0.543,533.0,Poor,3,Phone,0,0,DCA-08,2025-07-24,8,2025-08-01,Escalated,0,0.0,,,0,0,1,Low
C002702,17947,IND,Manufacturing,83509.98,2,184,0,0.976,720.3,Good,6,Email,0,1,DCA-10,2026-01-20,23,2026-02-12,Closed,1,77318.61,31.0,2026-02-20,0,1,0,Medium
C002703,12212,IND,Finance,15176.95,3,293,1,0.778,609.1,Fair,3,Portal,0,0,DCA-05,2025-06-10,11,2025-06-21,Escalated,0,0.0,,,0,0,1,Low
C002704,18377,APAC,Technology,18309.43,4,323,1,1.0,644.9,Fair,5,SMS,0,0,DCA-10,2025-02-21,28,2025-03-21,Escalated,0,0.0,,,0,0,1,Low
C002705,10689,NA,Energy,8153.18,3,268,1,0.377,524.0,Poor,5,Phone,0,1,DCA-09,2025-03-16,24,2025-04-09,PTP,0,0.0,,,0,0,1,Low
C002706,12843,NA,Finance,27283.88,5,258,0,0.825,622.9,Fair,4,Email,0,0,DCA-04,2026-01-05,7,2026-01-12,Escalated,0,0.0,,,0,0,1,Low
C002707,17061,MEA,FMCG,22747.05,3,142,0,0.856,590.4,Fair,5,SMS,0,0,DCA-02,2025-10-07,23,2025-10-30,In Progress,0,0.0,,,0,0,0,Low
C002708,13037,MEA,Automotive,22860.07,7,107,3,0.849,555.0,Poor,5,Email,0,0,DCA-10,2025-08-15,8,2025-08-23,In Progress,0,0.0,,,0,0,0,Low
C002709,17305,EU,Manufacturing,15528.37,7,316,1,0.781,538.2,Poor,3,Phone,0,0,DCA-09,2025-02-12,16,2025-02-28,Closed,1,12615.42,69.0,2025-04-22,0,0,0,Low
C002710,18743,IND,Technology,27554.83,5,82,0,0.978,695.2,Good,2,Email,0,0,DCA-08,2025-09-24,22,2025-10-16,Closed,1,24133.45,47.0,2025-11-10,0,1,0,Medium
C002711,10660,EU,FMCG,32538.51,4,151,0,0.973,747.8,Very Good,6,Phone,1,0,DCA-05,2025-02-17,27,2025-03-16,Escalated,0,0.0,,,0,0,1,Low
C002712,10239,LATAM,Finance,16287.76,1,187,0,0.941,641.5,Fair,7,Portal,0,0,DCA-02,2025-11-11,21,2025-12-02,Closed,1,13019.42,66.0,2026-01-16,0,0,0,Low
C002713,19400,EU,Technology,12329.76,5,143,0,0.879,735.5,Good,3,Email,0,0,DCA-04,2025-05-18,26,2025-06-13,In Progress,0,0.0,,,0,0,0,Low
C002714,15204,MEA,Healthcare,24989.22,3,136,0,0.936,810.9,Excellent,5,Phone,0,1,DCA-05,2025-01-18,24,2025-02-11,Closed,1,23511.69,44.0,2025-03-03,0,1,0,High
C002715,15064,MEA,Automotive,7094.76,3,219,0,0.665,686.3,Good,4,Phone,0,1,DCA-07,2025-12-07,9,2025-12-16,PTP,0,0.0,,,0,0,1,Low
C002716,14636,IND,Retail,8082.27,6,120,0,1.0,759.8,Very Good,2,Email,0,1,DCA-02,2026-01-20,20,2026-02-09,Closed,1,8082.27,26.0,2026-02-15,1,1,0,Medium
C002717,14336,EU,Aviation,12870.46,1,360,2,0.683,566.1,Poor,4,In-person,0,0,DCA-08,2025-10-07,10,2025-10-17,Escalated,0,0.0,,,0,0,1,Low
C002718,16901,APAC,Technology,3948.34,2,65,0,0.798,630.0,Fair,1,Email,0,1,DCA-08,2025-10-28,7,2025-11-04,Closed,1,3305.29,21.0,2025-11-18,1,1,0,Medium
C002719,15797,EU,Finance,23844.69,6,142,0,0.888,716.4,Good,0,Email,0,1,DCA-10,2025-06-27,28,2025-07-25,PTP,0,0.0,,,0,0,0,Medium
C002720,11633,APAC,Aviation,6808.73,7,308,1,0.956,629.0,Fair,2,Phone,1,1,DCA-08,2025-11-13,23,2025-12-06,Escalated,0,0.0,,,0,0,1,Low
C002721,16266,NA,Healthcare,9604.2,4,174,0,1.0,813.3,Excellent,5,Phone,0,1,DCA-10,2025-03-19,7,2025-03-26,PTP,0,0.0,,,0,0,0,Medium
C002722,16683,IND,FMCG,11506.92,4,257,0,1.0,716.4,Good,6,Email,0,0,DCA-01,2025-06-18,26,2025-07-14,Escalated,0,0.0,,,0,0,1,Low
C002723,11136,EU,Energy,13732.23,7,236,0,0.595,621.6,Fair,3,Email,1,0,DCA-10,2025-12-26,27,2026-01-22,Closed,1,11350.63,72.0,2026-03-08,0,0,1,Low
C002724,13767,EU,Aviation,10503.28,1,121,2,0.37,486.7,Poor,3,Email,0,0,DCA-08,2025-08-24,23,2025-09-16,Closed,1,8455.87,64.0,2025-10-27,0,0,0,Low
C002725,17905,APAC,Automotive,12744.31,4,271,2,0.653,567.6,Poor,3,Email,0,1,DCA-06,2025-08-31,17,2025-09-17,PTP,0,0.0,,,0,0,1,Low
C002726,16187,EU,Automotive,12813.58,2,87,0,0.699,621.3,Fair,4,Phone,1,1,DCA-04,2025-08-10,26,2025-09-05,Dispute,0,0.0,,,0,0,0,Low
C002727,11363,LATAM,Manufacturing,9770.06,4,273,1,0.733,670.3,Good,4,Phone,0,0,DCA-02,2025-03-02,30,2025-04-01,Escalated,0,0.0,,,0,0,1,Low
C002728,10400,IND,Energy,7775.74,7,47,1,1.0,730.7,Good,3,Phone,0,0,DCA-01,2025-02-08,17,2025-02-25,Closed,1,6424.58,47.0,2025-03-27,0,1,0,Medium
C002729,15812,APAC,Healthcare,28482.12,5,253,1,0.331,539.6,Poor,6,Phone,0,0,DCA-04,2025-01-21,13,2025-02-03,Escalated,0,0.0,,,0,0,1,Low
C002730,14617,IND,Healthcare,3062.28,7,41,0,0.929,702.2,Good,2,Email,0,0,DCA-05,2025-03-18,9,2025-03-27,Closed,1,2186.04,40.0,2025-04-27,0,1,0,Medium
C002731,19610,EU,Finance,11568.02,4,317,3,0.705,419.3,Poor,3,Phone,1,0,DCA-08,2025-03-05,13,2025-03-18,Escalated,0,0.0,,,0,0,1,Low
C002732,15222,APAC,FMCG,9621.64,7,228,2,0.801,501.3,Poor,4,Email,0,0,DCA-03,2025-10-31,28,2025-11-28,Escalated,0,0.0,,,0,0,1,Low
C002733,19314,IND,Retail,17910.71,2,15,0,1.0,803.6,Excellent,4,Phone,1,0,DCA-03,2025-09-03,22,2025-09-25,Closed,1,14024.35,66.0,2025-11-08,0,0,0,Medium
C002734,12143,NA,Automotive,4827.07,3,40,0,1.0,746.3,Very Good,3,Email,0,0,DCA-02,2025-07-15,25,2025-08-09,In Progress,0,0.0,,,0,0,0,Medium
C002735,14473,APAC,Technology,9415.86,2,69,1,1.0,645.3,Fair,2,Phone,0,0,DCA-10,2025-05-29,10,2025-06-08,In Progress,0,0.0,,,0,0,0,Low
C002736,11396,IND,Automotive,12435.97,6,350,1,0.823,614.4,Fair,4,Phone,0,1,DCA-02,2025-03-15,19,2025-04-03,PTP,0,0.0,,,0,0,1,Low
C002737,15742,LATAM,FMCG,28255.73,4,215,0,0.911,614.3,Fair,2,Portal,1,0,DCA-06,2025-09-22,14,2025-10-06,Closed,1,23371.46,77.0,2025-12-08,0,0,1,Low
C002738,11884,NA,Aviation,16857.14,2,102,0,0.644,455.9,Poor,2,Email,1,0,DCA-04,2025-12-05,10,2025-12-15,Escalated,0,0.0,,,0,0,1,Low
C002739,14922,NA,Logistics,5834.58,2,101,1,0.876,716.5,Good,1,Phone,0,0,DCA-06,2025-08-16,23,2025-09-08,In Progress,0,0.0,,,0,0,0,Low
C002740,13441,IND,Retail,9497.33,3,10,1,0.793,688.1,Good,2,Email,0,0,DCA-01,2025-03-09,11,2025-03-20,In Progress,0,0.0,,,0,0,0,Medium
C002741,11857,APAC,Manufacturing,24840.63,2,74,1,0.701,619.8,Fair,3,Email,0,0,DCA-09,2025-07-06,28,2025-08-03,In Progress,0,0.0,,,0,0,0,Low
C002742,10968,APAC,Aviation,5764.41,5,312,0,0.906,552.6,Poor,7,Phone,0,0,DCA-04,2025-12-31,11,2026-01-11,Closed,1,5187.93,75.0,2026-03-16,0,0,0,Low
C002743,15120,NA,Logistics,12644.14,6,218,0,0.609,642.9,Fair,5,SMS,0,1,DCA-03,2025-10-21,21,2025-11-11,PTP,0,0.0,,,0,0,1,Low
C002744,19473,APAC,Manufacturing,13274.71,7,134,0,1.0,716.9,Good,5,Phone,1,0,DCA-04,2025-10-26,10,2025-11-05,Escalated,0,0.0,,,0,0,1,Low
C002745,11987,APAC,Retail,10198.05,2,8,0,0.901,658.8,Fair,1,Email,0,0,DCA-10,2025-04-10,13,2025-04-23,In Progress,0,0.0,,,0,0,0,Medium
C002746,14049,IND,Automotive,88170.37,4,125,0,0.859,627.3,Fair,0,Phone,0,1,DCA-04,2025-11-19,26,2025-12-15,PTP,0,0.0,,,0,0,0,Low
C002747,12246,NA,Aviation,10007.48,4,140,0,0.527,633.2,Fair,2,SMS,1,0,DCA-05,2025-10-15,27,2025-11-11,Escalated,0,0.0,,,0,0,1,Low
C002748,18089,LATAM,FMCG,18303.28,4,44,1,0.657,656.3,Fair,3,Email,0,0,DCA-09,2025-07-19,17,2025-08-05,In Progress,0,0.0,,,0,0,0,Medium
C002749,14149,IND,FMCG,7813.35,4,222,2,0.859,551.1,Poor,0,Phone,0,0,DCA-10,2026-01-22,12,2026-02-03,Escalated,0,0.0,,,0,0,1,Low
C002750,19744,EU,Manufacturing,19330.19,2,241,1,0.716,589.3,Fair,2,Email,0,0,DCA-10,2025-07-18,13,2025-07-31,Escalated,0,0.0,,,0,0,1,Low
C002751,12451,MEA,Retail,24576.63,1,364,1,0.635,603.0,Fair,6,SMS,0,0,DCA-02,2025-03-23,20,2025-04-12,Escalated,0,0.0,,,0,0,1,Low
C002752,10807,NA,Logistics,8852.23,3,131,0,1.0,766.2,Very Good,1,Phone,1,1,DCA-06,2025-02-17,15,2025-03-04,Escalated,0,0.0,,,0,0,1,Medium
C002753,15825,APAC,Manufacturing,12857.84,1,101,1,1.0,766.2,Very Good,2,Email,0,0,DCA-06,2025-03-07,26,2025-04-02,Closed,1,12857.84,57.0,2025-05-03,0,1,0,Medium
C002754,16516,EU,Aviation,7138.83,1,300,1,0.94,637.6,Fair,10,Phone,0,0,DCA-08,2026-01-04,13,2026-01-17,Escalated,0,0.0,,,0,0,1,Low
C002755,19907,MEA,Aviation,5996.42,4,128,2,0.802,631.1,Fair,6,SMS,0,1,DCA-05,2025-08-14,15,2025-08-29,Closed,1,4774.5,30.0,2025-09-13,1,1,0,Low
C002756,18714,IND,Aviation,27605.13,7,230,1,1.0,620.9,Fair,4,Phone,0,0,DCA-05,2025-06-03,19,2025-06-22,Escalated,0,0.0,,,0,0,1,Medium
C002757,18841,IND,Logistics,9065.21,4,269,0,0.878,711.5,Good,2,Portal,1,0,DCA-04,2025-04-21,14,2025-05-05,Escalated,0,0.0,,,0,0,1,Low
C002758,16342,NA,Manufacturing,2466.29,1,321,0,1.0,659.5,Fair,8,Phone,0,0,DCA-08,2025-08-14,17,2025-08-31,Closed,1,2305.51,61.0,2025-10-14,0,0,0,Medium
C002759,13598,IND,Logistics,45970.23,6,116,0,1.0,850.0,Excellent,3,Email,0,0,DCA-07,2025-12-23,13,2026-01-05,Closed,1,40213.87,45.0,2026-02-06,0,1,0,Medium
C002760,14290,NA,Technology,7620.01,5,227,1,0.862,754.6,Very Good,8,In-person,1,0,DCA-10,2025-01-29,28,2025-02-26,Escalated,0,0.0,,,0,0,1,Low
C002761,11337,MEA,FMCG,11243.43,3,48,0,0.981,768.7,Very Good,1,SMS,0,0,DCA-06,2025-10-11,18,2025-10-29,In Progress,0,0.0,,,0,0,0,Medium
C002762,14310,NA,Retail,42135.02,2,284,0,0.929,630.8,Fair,5,Email,0,0,DCA-10,2025-03-20,11,2025-03-31,Escalated,0,0.0,,,0,0,1,Low
C002763,13644,IND,Aviation,12097.82,7,17,1,0.901,742.3,Very Good,3,Email,0,1,DCA-10,2025-06-10,11,2025-06-21,PTP,0,0.0,,,0,0,0,Medium
C002764,10358,IND,Energy,11916.32,4,254,1,0.975,790.1,Very Good,4,Phone,0,0,DCA-01,2025-12-10,27,2026-01-06,Escalated,0,0.0,,,0,0,1,Low
C002765,12044,LATAM,Aviation,5654.91,1,77,0,0.892,612.0,Fair,3,Email,0,1,DCA-01,2025-10-06,17,2025-10-23,PTP,0,0.0,,,0,0,0,Medium
C002766,15346,EU,FMCG,4254.01,2,169,0,0.697,679.8,Good,5,Portal,1,0,DCA-10,2025-06-22,14,2025-07-06,Closed,1,3309.65,79.0,2025-09-09,0,0,1,Low
C002767,13693,NA,FMCG,11890.91,2,28,0,1.0,661.3,Fair,1,Email,0,1,DCA-06,2025-12-19,15,2026-01-03,PTP,0,0.0,,,0,0,0,Medium
C002768,19935,EU,Automotive,17222.41,3,251,0,0.833,612.6,Fair,3,Email,0,0,DCA-03,2025-06-01,30,2025-07-01,Closed,1,14904.21,41.0,2025-07-12,0,1,0,Low
C002769,14785,EU,Healthcare,16545.47,3,176,1,0.896,634.6,Fair,5,Phone,1,1,DCA-05,2025-05-12,15,2025-05-27,Escalated,0,0.0,,,0,0,1,Low
C002770,19587,APAC,Finance,9538.75,4,242,0,1.0,717.9,Good,7,SMS,0,0,DCA-05,2025-04-14,23,2025-05-07,Closed,1,7390.57,54.0,2025-06-07,0,1,0,Low
C002771,16607,NA,Retail,13550.52,3,127,0,0.964,712.9,Good,4,Portal,0,0,DCA-02,2025-11-22,13,2025-12-05,In Progress,0,0.0,,,0,0,0,Medium
C002772,10403,IND,Manufacturing,3692.11,5,3,2,0.716,643.2,Fair,5,Email,0,0,DCA-10,2026-01-15,29,2026-02-13,In Progress,0,0.0,,,0,0,0,Low
C002773,12034,APAC,Aviation,18437.04,4,212,0,0.656,632.6,Fair,4,Email,0,1,DCA-04,2025-05-08,23,2025-05-31,PTP,0,0.0,,,0,0,1,Low
C002774,17057,APAC,Aviation,14957.74,7,255,1,0.716,642.9,Fair,3,Phone,0,0,DCA-06,2025-09-24,28,2025-10-22,Escalated,0,0.0,,,0,0,1,Low
C002775,15451,LATAM,Retail,53186.65,6,242,1,0.765,562.2,Poor,5,Email,0,0,DCA-09,2025-08-29,13,2025-09-11,Escalated,0,0.0,,,0,0,1,Low
C002776,13017,NA,Healthcare,13429.86,3,96,0,1.0,764.4,Very Good,5,Email,0,0,DCA-09,2025-07-15,18,2025-08-02,Closed,1,12361.08,64.0,2025-09-17,0,0,0,Medium
C002777,15220,LATAM,Healthcare,6905.9,1,261,2,0.83,590.4,Fair,6,Email,0,0,DCA-02,2025-07-01,14,2025-07-15,Escalated,0,0.0,,,0,0,1,Low
C002778,19029,APAC,Technology,12893.7,5,198,1,0.748,642.9,Fair,7,In-person,0,0,DCA-02,2026-01-13,17,2026-01-30,Closed,1,9484.14,73.0,2026-03-27,0,0,0,Low
C002779,13887,APAC,Finance,10620.49,3,77,1,0.681,640.7,Fair,2,SMS,0,0,DCA-02,2025-12-12,13,2025-12-25,In Progress,0,0.0,,,0,0,0,Low
C002780,10451,LATAM,Retail,18111.38,7,41,1,0.604,643.4,Fair,0,Email,0,0,DCA-03,2025-08-16,11,2025-08-27,In Progress,0,0.0,,,0,0,0,Medium
C002781,13109,EU,Energy,13613.6,3,119,0,0.921,689.6,Good,3,Phone,0,1,DCA-04,2025-08-07,16,2025-08-23,PTP,0,0.0,,,0,0,0,Medium
C002782,19358,NA,Manufacturing,5530.52,3,9,1,0.949,676.0,Good,2,Portal,0,1,DCA-08,2026-01-03,15,2026-01-18,Closed,1,5233.3,35.0,2026-02-07,0,1,0,High
C002783,17617,APAC,Retail,4251.3,3,261,0,0.923,621.4,Fair,7,Portal,0,0,DCA-02,2025-04-08,19,2025-04-27,Escalated,0,0.0,,,0,0,1,Low
C002784,18374,NA,Technology,16059.18,7,6,0,1.0,721.1,Good,3,Phone,0,0,DCA-02,2025-03-05,14,2025-03-19,In Progress,0,0.0,,,0,0,0,Medium
C002785,19116,NA,Retail,35178.14,1,18,0,0.841,647.6,Fair,5,Portal,0,0,DCA-04,2025-10-30,10,2025-11-09,Closed,1,28447.65,40.0,2025-12-09,0,1,0,Low
C002786,11175,MEA,Automotive,14122.77,7,58,0,1.0,808.0,Excellent,2,SMS,0,0,DCA-01,2025-06-12,15,2025-06-27,In Progress,0,0.0,,,0,0,0,Medium
C002787,12826,LATAM,Healthcare,23607.23,2,119,0,0.988,667.0,Fair,3,Phone,0,0,DCA-03,2025-01-20,23,2025-02-12,In Progress,0,0.0,,,0,0,0,Medium
C002788,10598,NA,Logistics,27145.5,6,8,5,0.696,599.0,Fair,4,Phone,0,1,DCA-05,2025-08-05,11,2025-08-16,Closed,1,21879.44,30.0,2025-09-04,1,1,0,Low
C002789,10047,APAC,Healthcare,16102.89,4,230,0,0.704,680.8,Good,2,Portal,0,0,DCA-06,2026-01-13,16,2026-01-29,Escalated,0,0.0,,,0,0,1,Low
C002790,18347,IND,Finance,7554.18,4,49,0,0.747,674.4,Good,3,Email,0,1,DCA-07,2025-03-12,12,2025-03-24,Closed,1,7187.87,22.0,2025-04-03,1,1,0,Medium
C002791,19369,IND,FMCG,15316.95,2,293,0,0.804,633.4,Fair,4,Phone,0,1,DCA-04,2025-12-26,22,2026-01-17,PTP,0,0.0,,,0,0,1,Low
C002792,11557,APAC,Energy,31099.62,6,204,2,0.962,695.0,Good,6,Email,0,0,DCA-06,2025-09-08,26,2025-10-04,Closed,1,31099.62,64.0,2025-11-11,0,0,0,Low
C002793,17221,IND,Finance,19359.21,5,31,0,0.844,734.0,Good,5,Email,0,0,DCA-09,2026-01-24,28,2026-02-21,In Progress,0,0.0,,,0,0,0,Medium
C002794,15348,IND,Retail,22556.35,4,146,0,0.798,662.2,Fair,2,Email,0,0,DCA-08,2025-10-19,26,2025-11-14,Closed,1,17752.44,72.0,2025-12-30,0,0,0,Medium
C002795,10692,NA,Manufacturing,9664.53,4,52,1,0.749,596.0,Fair,5,Email,0,0,DCA-06,2026-01-14,8,2026-01-22,In Progress,0,0.0,,,0,0,0,Low
C002796,19157,EU,Retail,11595.27,5,357,1,0.785,690.8,Good,4,SMS,0,0,DCA-08,2025-04-05,27,2025-05-02,Escalated,0,0.0,,,0,0,1,Low
C002797,18712,EU,Manufacturing,12294.3,4,216,1,0.801,634.1,Fair,8,Email,0,0,DCA-03,2025-07-01,28,2025-07-29,Escalated,0,0.0,,,0,0,1,Low
C002798,15674,NA,Finance,12888.15,7,295,3,0.496,605.6,Fair,4,Portal,0,0,DCA-10,2025-06-05,11,2025-06-16,Escalated,0,0.0,,,0,0,1,Low
C002799,17078,APAC,FMCG,30259.66,1,137,3,0.582,600.3,Fair,2,In-person,0,0,DCA-07,2025-09-03,17,2025-09-20,In Progress,0,0.0,,,0,0,0,Low
C002800,13972,LATAM,Automotive,2583.7,2,54,1,0.857,704.4,Good,2,Phone,0,0,DCA-07,2026-01-02,29,2026-01-31,In Progress,0,0.0,,,0,0,0,Low
C002801,17928,NA,Aviation,13648.39,6,86,1,0.312,455.2,Poor,2,SMS,1,0,DCA-08,2025-08-28,22,2025-09-19,Closed,1,9505.95,91.0,2025-11-27,0,0,0,Low
C002802,14450,LATAM,Finance,12636.6,6,152,0,0.879,606.3,Fair,1,Phone,0,0,DCA-01,2025-08-21,13,2025-09-03,In Progress,0,0.0,,,0,0,0,Medium
C002803,19891,NA,Technology,5115.08,3,281,1,0.817,608.4,Fair,4,Phone,0,1,DCA-02,2025-11-04,19,2025-11-23,Closed,1,5115.08,42.0,2025-12-16,0,1,0,Low
C002804,10631,EU,Retail,21380.55,4,157,0,1.0,722.7,Good,4,Email,0,0,DCA-06,2025-10-02,11,2025-10-13,In Progress,0,0.0,,,0,0,0,Medium
C002805,11721,NA,Logistics,8045.35,1,339,1,0.905,557.6,Poor,6,Phone,0,1,DCA-07,2025-02-24,18,2025-03-14,PTP,0,0.0,,,0,0,1,Low
C002806,19687,NA,Finance,10405.37,2,132,1,0.677,646.9,Fair,1,Email,0,0,DCA-09,2025-11-11,10,2025-11-21,In Progress,0,0.0,,,0,0,0,Low
C002807,12887,MEA,Automotive,48734.74,7,85,0,0.525,632.8,Fair,2,Phone,0,0,DCA-06,2025-08-13,25,2025-09-07,In Progress,0,0.0,,,0,0,0,Low
C002808,13106,NA,Aviation,27091.67,5,181,1,0.784,525.8,Poor,3,Email,0,0,DCA-03,2025-03-29,10,2025-04-08,Escalated,0,0.0,,,0,0,1,Low
C002809,17912,IND,Automotive,19973.08,1,41,1,0.809,662.8,Fair,1,Phone,0,0,DCA-05,2025-03-21,7,2025-03-28,In Progress,0,0.0,,,0,0,0,Low
C002810,11893,IND,Logistics,17440.39,6,244,0,1.0,662.3,Fair,3,Email,0,0,DCA-04,2025-10-11,13,2025-10-24,Escalated,0,0.0,,,0,0,1,Low
C002811,15135,NA,Technology,11905.12,3,37,1,0.891,664.5,Fair,3,Portal,1,0,DCA-07,2025-11-10,15,2025-11-25,Dispute,0,0.0,,,0,0,0,Low
C002812,12860,IND,Healthcare,54152.75,4,234,0,0.951,639.1,Fair,8,Phone,0,1,DCA-07,2025-12-17,30,2026-01-16,PTP,0,0.0,,,0,0,1,Medium
C002813,11979,MEA,Automotive,23424.02,6,140,0,1.0,744.0,Very Good,2,SMS,0,0,DCA-02,2025-04-15,22,2025-05-07,In Progress,0,0.0,,,0,0,0,Low
C002814,19643,APAC,Automotive,7905.51,6,130,1,0.872,636.1,Fair,2,Phone,0,1,DCA-04,2026-01-12,24,2026-02-05,PTP,0,0.0,,,0,0,0,Low
C002815,11998,EU,Energy,5013.69,1,223,1,0.927,653.3,Fair,1,SMS,0,0,DCA-07,2025-04-07,24,2025-05-01,Escalated,0,0.0,,,0,0,1,Low
C002816,10942,LATAM,Aviation,19866.43,3,257,0,0.9,639.9,Fair,7,Portal,0,0,DCA-10,2025-02-09,19,2025-02-28,Escalated,0,0.0,,,0,0,1,Low
C002817,16739,IND,Aviation,12847.33,2,339,2,0.771,644.6,Fair,7,Phone,0,0,DCA-04,2025-03-27,7,2025-04-03,Escalated,0,0.0,,,0,0,1,Low
C002818,18673,NA,Healthcare,4913.51,7,106,1,0.64,682.1,Good,2,Phone,0,1,DCA-08,2025-03-24,15,2025-04-08,PTP,0,0.0,,,0,0,0,Medium
C002819,11274,IND,Logistics,18033.93,6,296,0,0.746,688.0,Good,3,SMS,0,0,DCA-05,2025-01-23,24,2025-02-16,Closed,1,14296.81,78.0,2025-04-11,0,0,0,Low
C002820,17078,MEA,FMCG,11066.54,5,305,0,0.726,643.6,Fair,4,In-person,0,0,DCA-04,2025-01-03,21,2025-01-24,Escalated,0,0.0,,,0,0,1,Low
C002821,15407,NA,Technology,19369.7,1,363,1,0.96,713.1,Good,4,Email,0,0,DCA-07,2025-01-08,15,2025-01-23,Escalated,0,0.0,,,0,0,1,Low
C002822,18300,APAC,FMCG,18200.75,6,352,0,1.0,690.9,Good,5,SMS,0,1,DCA-10,2025-06-06,18,2025-06-24,PTP,0,0.0,,,0,0,1,Low
C002823,11269,NA,Automotive,8727.33,4,288,2,0.943,623.7,Fair,7,Email,0,0,DCA-04,2025-01-31,8,2025-02-08,Escalated,0,0.0,,,0,0,1,Low
C002824,19758,MEA,Aviation,20805.89,2,108,0,1.0,742.3,Very Good,4,In-person,0,0,DCA-05,2025-04-29,28,2025-05-27,Closed,1,15708.58,62.0,2025-06-30,0,0,0,Low
C002825,16191,NA,Automotive,9428.26,4,253,3,0.893,610.2,Fair,4,SMS,1,0,DCA-01,2025-07-03,13,2025-07-16,Escalated,0,0.0,,,0,0,1,Low
C002826,18421,APAC,Automotive,9867.31,4,286,2,0.632,482.1,Poor,3,Portal,0,0,DCA-07,2025-08-21,13,2025-09-03,Closed,1,8202.31,65.0,2025-10-25,0,0,0,Low
C002827,13619,NA,Technology,9204.15,3,107,0,0.742,726.3,Good,1,Email,0,0,DCA-04,2025-03-10,13,2025-03-23,Closed,1,7434.37,65.0,2025-05-14,0,0,0,Medium
C002828,19433,IND,Finance,29486.33,7,297,2,0.658,625.5,Fair,3,Email,0,0,DCA-02,2025-04-07,11,2025-04-18,Escalated,0,0.0,,,0,0,1,Low
C002829,16263,EU,Logistics,10977.46,7,256,0,0.685,675.1,Good,5,Phone,0,0,DCA-07,2025-11-12,17,2025-11-29,Closed,1,8476.17,73.0,2026-01-24,0,0,0,Low
C002830,11269,APAC,Technology,34916.34,1,179,0,0.938,748.5,Very Good,3,Email,0,1,DCA-07,2025-10-04,13,2025-10-17,PTP,0,0.0,,,0,0,0,Medium
C002831,19229,EU,Technology,46557.31,7,314,1,0.774,566.4,Poor,3,Email,0,0,DCA-02,2025-06-10,20,2025-06-30,Closed,1,40932.59,67.0,2025-08-16,0,0,0,Low
C002832,17957,LATAM,Aviation,7965.67,3,32,1,0.927,670.1,Good,4,Email,0,0,DCA-06,2026-01-15,24,2026-02-08,In Progress,0,0.0,,,0,0,0,Low
C002833,13002,NA,Retail,1729.01,6,249,0,0.919,669.6,Fair,3,Email,0,0,DCA-09,2025-07-21,10,2025-07-31,Escalated,0,0.0,,,0,0,1,Low
C002834,15456,MEA,Logistics,27754.59,6,287,1,0.53,501.5,Poor,5,Email,0,0,DCA-06,2025-02-09,20,2025-03-01,Escalated,0,0.0,,,0,0,1,Low
C002835,13880,NA,Finance,10515.65,5,15,0,1.0,779.1,Very Good,2,Phone,0,0,DCA-08,2025-02-12,9,2025-02-21,In Progress,0,0.0,,,0,0,0,Medium
C002836,15434,IND,Technology,7285.71,6,149,1,0.724,693.3,Good,4,Phone,0,1,DCA-05,2025-03-26,24,2025-04-19,PTP,0,0.0,,,0,0,0,Low
C002837,19653,LATAM,Retail,8847.56,5,189,0,0.971,668.5,Fair,2,Email,0,0,DCA-03,2025-04-29,18,2025-05-17,Escalated,0,0.0,,,0,0,1,Medium
C002838,18989,IND,Finance,9992.9,6,76,1,0.608,614.4,Fair,5,Phone,0,1,DCA-02,2025-03-18,18,2025-04-05,PTP,0,0.0,,,0,0,0,Low
C002839,12155,NA,FMCG,33124.72,3,321,1,0.945,661.1,Fair,1,Phone,0,1,DCA-03,2025-10-22,14,2025-11-05,Closed,1,32998.46,39.0,2025-11-30,0,1,0,Medium
C002840,19718,EU,Healthcare,14942.1,6,229,0,0.807,609.1,Fair,3,Email,0,1,DCA-07,2026-01-22,16,2026-02-07,Closed,1,12274.5,44.0,2026-03-07,0,1,0,Medium
C002841,14379,APAC,Energy,32811.0,7,101,0,1.0,733.8,Good,2,Email,0,0,DCA-03,2025-07-25,15,2025-08-09,In Progress,0,0.0,,,0,0,0,Medium
C002842,17048,LATAM,Aviation,18881.81,7,160,0,0.796,699.8,Good,8,In-person,0,1,DCA-06,2025-08-18,13,2025-08-31,Closed,1,17808.75,38.0,2025-09-25,0,1,0,Medium
C002843,17642,IND,Technology,10759.44,2,41,3,0.76,658.8,Fair,3,Email,1,0,DCA-09,2025-12-19,27,2026-01-15,Dispute,0,0.0,,,0,0,0,Low
C002844,14829,NA,Healthcare,10165.45,4,32,4,0.706,513.8,Poor,3,Portal,0,0,DCA-01,2025-05-04,26,2025-05-30,In Progress,0,0.0,,,0,0,0,Low
C002845,14566,MEA,FMCG,19793.84,4,272,0,0.547,596.1,Fair,2,Email,0,1,DCA-02,2025-08-18,13,2025-08-31,PTP,0,0.0,,,0,0,1,Low
C002846,14564,APAC,Aviation,23725.32,5,359,0,1.0,666.0,Fair,7,Email,0,0,DCA-08,2025-05-31,15,2025-06-15,Escalated,0,0.0,,,0,0,1,Low
C002847,18625,IND,Energy,26842.85,5,101,1,0.659,619.5,Fair,1,Portal,0,1,DCA-01,2026-01-05,24,2026-01-29,PTP,0,0.0,,,0,0,0,Low
C002848,13863,IND,Energy,11124.7,6,90,2,0.584,543.9,Poor,4,Phone,1,0,DCA-02,2025-11-18,7,2025-11-25,Dispute,0,0.0,,,0,0,0,Low
C002849,12799,EU,Retail,15102.93,4,249,2,1.0,659.1,Fair,4,SMS,0,1,DCA-05,2025-09-01,12,2025-09-13,PTP,0,0.0,,,0,0,1,Low
C002850,13615,NA,Logistics,20107.1,5,186,3,0.789,581.6,Fair,7,Phone,0,0,DCA-10,2025-10-25,14,2025-11-08,Escalated,0,0.0,,,0,0,1,Low
C002851,11948,APAC,FMCG,10211.04,7,51,0,0.76,793.9,Very Good,2,In-person,0,1,DCA-06,2025-11-15,9,2025-11-24,PTP,0,0.0,,,0,0,0,Medium
C002852,13915,APAC,Logistics,6036.27,1,243,0,0.834,626.6,Fair,6,Email,0,0,DCA-02,2025-06-15,10,2025-06-25,Escalated,0,0.0,,,0,0,1,Low
C002853,11140,IND,Technology,7597.77,5,77,2,0.924,661.0,Fair,2,Email,0,0,DCA-06,2025-08-03,20,2025-08-23,Closed,1,6671.71,49.0,2025-09-21,0,1,0,Low
C002854,10897,NA,Logistics,11285.51,3,42,3,0.704,682.3,Good,2,Email,1,0,DCA-04,2025-04-23,20,2025-05-13,Dispute,0,0.0,,,0,0,0,Low
C002855,17238,LATAM,Finance,21237.95,7,169,1,0.899,695.5,Good,2,Phone,0,0,DCA-01,2025-03-06,24,2025-03-30,In Progress,0,0.0,,,0,0,0,Low
C002856,10774,IND,Automotive,32250.35,4,270,1,0.901,720.7,Good,3,Email,0,0,DCA-06,2026-01-14,18,2026-02-01,Closed,1,26347.56,60.0,2026-03-15,0,1,0,Low
C002857,15682,NA,Aviation,5170.72,5,190,0,0.8,603.3,Fair,7,SMS,0,0,DCA-07,2025-02-27,14,2025-03-13,Escalated,0,0.0,,,0,0,1,Medium
C002858,17798,NA,Automotive,8794.29,6,236,2,0.523,527.5,Poor,2,Email,1,0,DCA-10,2025-11-27,18,2025-12-15,Escalated,0,0.0,,,0,0,1,Low
C002859,17244,NA,Retail,10399.33,2,87,2,0.744,613.8,Fair,6,Email,0,0,DCA-08,2025-08-16,29,2025-09-14,In Progress,0,0.0,,,0,0,0,Low
C002860,14460,NA,Manufacturing,23302.17,4,180,0,0.559,529.3,Poor,2,Email,1,0,DCA-08,2025-01-03,13,2025-01-16,Escalated,0,0.0,,,0,0,1,Low
C002861,11936,EU,Finance,9231.0,6,260,1,0.832,615.6,Fair,3,In-person,0,1,DCA-10,2025-11-06,28,2025-12-04,PTP,0,0.0,,,0,0,1,Low
C002862,19306,LATAM,Automotive,9889.09,6,193,0,0.86,661.7,Fair,1,SMS,0,0,DCA-04,2025-07-21,9,2025-07-30,Escalated,0,0.0,,,0,0,1,Low
C002863,18351,APAC,Manufacturing,4972.14,2,88,2,0.76,622.7,Fair,2,Email,0,0,DCA-06,2025-03-14,24,2025-04-07,In Progress,0,0.0,,,0,0,0,Low
C002864,16122,NA,Energy,18739.43,6,348,0,0.762,608.0,Fair,8,Phone,0,1,DCA-10,2025-01-17,9,2025-01-26,PTP,0,0.0,,,0,0,1,Low
C002865,10867,EU,Healthcare,11932.5,2,25,0,1.0,747.1,Very Good,0,Phone,0,0,DCA-06,2025-10-23,28,2025-11-20,Closed,1,9706.41,44.0,2025-12-06,0,1,0,Low
C002866,10351,APAC,Energy,8452.09,2,332,0,1.0,671.4,Good,6,Portal,0,0,DCA-02,2025-08-05,15,2025-08-20,Escalated,0,0.0,,,0,0,1,Low
C002867,13152,LATAM,Finance,11140.48,6,264,1,0.696,532.8,Poor,6,Email,0,0,DCA-10,2025-07-02,13,2025-07-15,Escalated,0,0.0,,,0,0,1,Low
C002868,11575,EU,Aviation,29404.32,5,41,0,1.0,675.5,Good,0,Email,0,0,DCA-04,2026-01-08,22,2026-01-30,In Progress,0,0.0,,,0,0,0,Medium
C002869,18603,NA,FMCG,6611.59,4,93,0,0.892,645.2,Fair,4,Email,0,1,DCA-03,2026-01-05,18,2026-01-23,PTP,0,0.0,,,0,0,0,Medium
C002870,12058,NA,Technology,7411.87,4,135,0,0.742,612.8,Fair,2,Portal,0,0,DCA-07,2025-01-08,7,2025-01-15,In Progress,0,0.0,,,0,0,0,Low
C002871,12826,NA,FMCG,32098.89,7,349,1,0.861,563.5,Poor,5,Portal,0,1,DCA-04,2025-04-18,24,2025-05-12,PTP,0,0.0,,,0,0,1,Low
C002872,19757,IND,Automotive,14087.49,2,189,0,0.565,541.1,Poor,2,Email,0,0,DCA-05,2025-05-01,7,2025-05-08,Escalated,0,0.0,,,0,0,1,Low
C002873,18182,NA,FMCG,21350.45,3,94,0,0.916,797.7,Very Good,1,Phone,0,1,DCA-02,2025-06-12,26,2025-07-08,PTP,0,0.0,,,0,0,0,Low
C002874,12187,EU,Energy,17698.34,4,335,1,0.823,598.7,Fair,8,Phone,0,0,DCA-01,2025-07-18,10,2025-07-28,Escalated,0,0.0,,,0,0,1,Low
C002875,13835,EU,Finance,13033.34,6,43,1,0.694,558.7,Poor,1,Email,0,0,DCA-01,2025-10-13,28,2025-11-10,Closed,1,11267.16,62.0,2025-12-14,0,0,0,Low
C002876,15157,IND,Manufacturing,10469.18,4,298,0,1.0,755.9,Very Good,3,Email,0,0,DCA-03,2025-04-12,19,2025-05-01,Escalated,0,0.0,,,0,0,1,Medium
C002877,16642,IND,Logistics,23910.92,6,303,0,0.837,698.9,Good,4,Email,0,0,DCA-05,2025-05-08,9,2025-05-17,Escalated,0,0.0,,,0,0,1,Low
C002878,19361,MEA,Logistics,30140.82,6,141,0,0.956,706.9,Good,0,SMS,0,1,DCA-09,2025-02-17,14,2025-03-03,Closed,1,30140.82,43.0,2025-04-01,0,1,0,Medium
C002879,18711,LATAM,Logistics,28536.29,7,16,1,0.87,707.0,Good,1,Portal,0,0,DCA-02,2025-01-09,12,2025-01-21,Closed,1,19944.24,43.0,2025-02-21,0,1,0,Low
C002880,19771,LATAM,Logistics,5826.49,4,323,0,0.802,510.2,Poor,3,Email,0,1,DCA-07,2025-04-18,17,2025-05-05,Closed,1,5627.55,41.0,2025-05-29,0,1,0,Low
C002881,10406,IND,Technology,33304.16,4,353,2,0.488,434.2,Poor,5,Email,0,0,DCA-10,2025-09-08,29,2025-10-07,Escalated,0,0.0,,,0,0,1,Low
C002882,12363,NA,Aviation,10398.8,1,138,1,0.754,790.1,Very Good,4,Phone,0,0,DCA-04,2025-06-02,14,2025-06-16,In Progress,0,0.0,,,0,0,0,Low
C002883,15630,APAC,Logistics,7875.24,1,68,0,0.954,677.6,Good,2,Phone,0,1,DCA-10,2025-04-04,19,2025-04-23,PTP,0,0.0,,,0,0,0,Medium
C002884,10491,MEA,Energy,11866.45,4,99,0,0.793,674.6,Good,2,Email,0,1,DCA-07,2025-05-03,23,2025-05-26,Closed,1,9911.44,27.0,2025-05-30,1,1,0,High
C002885,13553,LATAM,Retail,23903.73,6,50,1,0.901,654.3,Fair,1,Email,0,1,DCA-10,2026-01-16,26,2026-02-11,PTP,0,0.0,,,0,0,0,Medium
C002886,11536,IND,Healthcare,19503.03,6,223,2,0.905,659.7,Fair,3,Email,1,0,DCA-03,2026-01-28,14,2026-02-11,Escalated,0,0.0,,,0,0,1,Low
C002887,19329,IND,FMCG,11172.71,3,189,0,0.937,586.6,Fair,4,Email,0,0,DCA-07,2025-08-21,10,2025-08-31,Closed,1,8918.91,74.0,2025-11-03,0,0,0,Medium
C002888,10633,LATAM,Manufacturing,24013.37,4,130,0,0.602,557.7,Poor,6,Portal,0,0,DCA-02,2026-01-15,11,2026-01-26,In Progress,0,0.0,,,0,0,0,Low
C002889,11484,EU,Energy,14733.84,6,237,2,0.64,600.5,Fair,1,Phone,0,1,DCA-10,2026-01-19,22,2026-02-10,Closed,1,14650.24,56.0,2026-03-16,0,1,0,Low
C002890,11951,IND,Manufacturing,8945.63,3,227,0,0.738,684.9,Good,6,Portal,0,0,DCA-04,2025-09-08,25,2025-10-03,Closed,1,7484.97,58.0,2025-11-05,0,1,0,Medium
C002891,11485,EU,Logistics,8138.62,2,5,2,0.635,682.9,Good,1,Portal,0,0,DCA-02,2025-11-08,22,2025-11-30,Closed,1,6340.59,66.0,2026-01-13,0,0,0,Low
C002892,15685,MEA,Aviation,17803.75,7,150,1,0.75,619.6,Fair,0,Phone,0,1,DCA-06,2025-01-22,30,2025-02-21,Closed,1,15402.83,35.0,2025-02-26,0,1,0,Low
C002893,13643,EU,Energy,12609.9,4,315,0,0.728,609.7,Fair,3,Portal,0,0,DCA-02,2025-03-18,19,2025-04-06,Escalated,0,0.0,,,0,0,1,Low
C002894,19124,LATAM,Automotive,5100.77,2,290,0,0.577,534.4,Poor,8,Email,1,0,DCA-03,2025-01-31,20,2025-02-20,Escalated,0,0.0,,,0,0,1,Low
C002895,12608,APAC,FMCG,24173.52,2,312,1,0.833,624.9,Fair,4,Phone,0,1,DCA-04,2025-10-23,8,2025-10-31,Closed,1,24054.75,38.0,2025-11-30,0,1,0,Low
C002896,15372,APAC,Manufacturing,9545.33,3,348,0,0.987,668.6,Fair,4,Portal,0,0,DCA-02,2025-10-04,8,2025-10-12,Escalated,0,0.0,,,0,0,1,Low
C002897,16600,APAC,Manufacturing,40720.37,2,23,0,0.829,693.1,Good,3,Phone,0,0,DCA-01,2025-07-08,30,2025-08-07,In Progress,0,0.0,,,0,0,0,Medium
C002898,16259,IND,Automotive,5003.57,4,99,0,0.956,815.8,Excellent,3,Phone,0,0,DCA-04,2025-09-21,26,2025-10-17,Closed,1,4301.36,60.0,2025-11-20,0,1,0,Medium
C002899,17963,LATAM,Aviation,11772.29,6,168,1,1.0,687.4,Good,4,Phone,0,1,DCA-02,2025-12-19,25,2026-01-13,Closed,1,10978.42,30.0,2026-01-18,1,1,0,Low
C002900,12018,APAC,Energy,8184.65,6,186,0,0.837,653.5,Fair,4,Email,0,0,DCA-07,2025-03-13,17,2025-03-30,Escalated,0,0.0,,,0,0,1,Medium
C002901,15074,APAC,Technology,6749.37,7,287,0,1.0,694.8,Good,7,Email,0,0,DCA-01,2025-10-12,9,2025-10-21,Closed,1,6106.7,69.0,2025-12-20,0,0,0,Low
C002902,18005,APAC,Manufacturing,9501.89,6,264,4,0.646,542.3,Poor,1,Email,0,0,DCA-07,2025-12-16,23,2026-01-08,Escalated,0,0.0,,,0,0,1,Low
C002903,18630,IND,Healthcare,46138.24,3,258,3,0.802,530.9,Poor,5,Email,0,0,DCA-06,2025-10-21,8,2025-10-29,Escalated,0,0.0,,,0,0,1,Low
C002904,16177,APAC,Healthcare,14770.08,1,58,1,1.0,714.9,Good,1,SMS,0,0,DCA-06,2025-10-12,20,2025-11-01,In Progress,0,0.0,,,0,0,0,Medium
C002905,16518,APAC,Logistics,7675.62,2,247,0,0.756,639.5,Fair,1,Phone,0,0,DCA-06,2025-10-14,15,2025-10-29,Escalated,0,0.0,,,0,0,1,Low
C002906,18641,NA,Healthcare,3714.35,6,290,2,0.688,633.5,Fair,3,Portal,0,0,DCA-06,2025-03-21,19,2025-04-09,Escalated,0,0.0,,,0,0,1,Low
C002907,16248,EU,Manufacturing,4003.99,3,274,1,0.692,545.5,Poor,5,Phone,0,0,DCA-06,2025-03-27,10,2025-04-06,Escalated,0,0.0,,,0,0,1,Low
C002908,19488,IND,Aviation,9177.19,6,213,0,0.932,767.8,Very Good,4,Portal,0,0,DCA-05,2025-12-24,15,2026-01-08,Escalated,0,0.0,,,0,0,1,Low
C002909,11275,IND,Manufacturing,8573.39,4,33,1,1.0,682.3,Good,2,Email,0,0,DCA-04,2025-04-10,16,2025-04-26,In Progress,0,0.0,,,0,0,0,Low
C002910,13479,EU,FMCG,11420.49,7,55,1,0.639,701.4,Good,4,Email,1,1,DCA-04,2025-10-18,11,2025-10-29,Closed,1,9507.04,40.0,2025-11-27,0,1,0,Low
C002911,11121,NA,Aviation,2722.95,4,271,0,0.926,742.4,Very Good,2,Phone,1,0,DCA-01,2025-06-27,22,2025-07-19,Escalated,0,0.0,,,0,0,1,Low
C002912,10905,IND,Retail,12529.27,7,317,0,0.745,622.3,Fair,3,Email,0,1,DCA-04,2025-12-25,16,2026-01-10,PTP,0,0.0,,,0,0,1,Low
C002913,14719,IND,Manufacturing,27430.5,2,301,0,0.929,705.3,Good,2,SMS,0,1,DCA-05,2025-04-23,16,2025-05-09,PTP,0,0.0,,,0,0,1,Medium
C002914,12259,MEA,FMCG,41605.55,6,156,1,0.925,636.9,Fair,4,Phone,0,0,DCA-08,2025-12-18,10,2025-12-28,Closed,1,32344.3,47.0,2026-02-03,0,1,0,Low
C002915,14071,EU,Finance,3547.11,4,214,1,0.825,678.3,Good,2,Portal,0,0,DCA-05,2025-12-16,12,2025-12-28,Closed,1,3547.11,65.0,2026-02-19,0,0,0,Low
C002916,14378,APAC,Logistics,7623.76,2,65,0,0.836,694.4,Good,1,Email,0,0,DCA-08,2025-01-02,23,2025-01-25,In Progress,0,0.0,,,0,0,0,Medium
C002917,16209,IND,Finance,7346.92,2,216,1,0.853,544.7,Poor,4,Portal,0,0,DCA-08,2025-09-11,24,2025-10-05,Escalated,0,0.0,,,0,0,1,Low
C002918,19456,NA,FMCG,14794.41,3,72,0,0.893,702.9,Good,6,SMS,0,0,DCA-04,2025-08-01,9,2025-08-10,In Progress,0,0.0,,,0,0,0,Low
C002919,18493,NA,Aviation,5688.26,2,290,3,0.854,606.7,Fair,7,Portal,0,0,DCA-05,2025-07-05,13,2025-07-18,Escalated,0,0.0,,,0,0,1,Low
C002920,13783,IND,FMCG,43372.65,7,286,2,0.837,538.4,Poor,6,Phone,1,0,DCA-04,2025-02-10,24,2025-03-06,Escalated,0,0.0,,,0,0,1,Low
C002921,13255,LATAM,FMCG,13773.0,2,19,0,0.832,734.4,Good,2,Phone,1,0,DCA-01,2025-09-19,12,2025-10-01,Dispute,0,0.0,,,0,0,0,Medium
C002922,17707,LATAM,Aviation,12256.33,5,341,1,0.541,539.7,Poor,6,SMS,0,0,DCA-09,2025-05-15,26,2025-06-10,Escalated,0,0.0,,,0,0,1,Low
C002923,11236,NA,Healthcare,40737.31,4,290,1,0.793,640.9,Fair,4,In-person,0,0,DCA-09,2025-07-30,28,2025-08-27,Escalated,0,0.0,,,0,0,1,Low
C002924,15404,MEA,Healthcare,13210.49,4,138,1,0.573,581.3,Fair,3,Email,0,0,DCA-01,2025-04-28,21,2025-05-19,In Progress,0,0.0,,,0,0,0,Low
C002925,14230,LATAM,Healthcare,17680.41,5,165,1,0.541,653.4,Fair,2,Phone,0,0,DCA-07,2025-12-01,17,2025-12-18,In Progress,0,0.0,,,0,0,0,Medium
C002926,11828,EU,Retail,7898.6,7,29,0,0.83,663.5,Fair,3,Email,1,0,DCA-09,2025-07-22,26,2025-08-17,Dispute,0,0.0,,,0,0,0,Low
C002927,16164,MEA,Energy,5118.66,7,341,1,0.884,657.4,Fair,3,Phone,0,1,DCA-01,2025-06-28,23,2025-07-21,PTP,0,0.0,,,0,0,1,Low
C002928,13207,IND,Manufacturing,8714.53,7,37,1,0.903,722.7,Good,3,Phone,0,1,DCA-04,2025-12-01,15,2025-12-16,Closed,1,8538.0,26.0,2025-12-27,1,1,0,Medium
C002929,11855,IND,Automotive,61752.09,4,336,0,0.871,562.4,Poor,5,Email,0,0,DCA-03,2025-02-05,30,2025-03-07,Escalated,0,0.0,,,0,0,1,Low
C002930,16531,NA,Technology,20808.45,6,239,0,0.773,574.9,Poor,7,Email,0,1,DCA-05,2025-02-27,18,2025-03-17,PTP,0,0.0,,,0,0,1,Medium
C002931,11741,NA,FMCG,16190.41,2,335,0,0.694,591.7,Fair,7,Email,0,0,DCA-02,2025-03-17,17,2025-04-03,Escalated,0,0.0,,,0,0,1,Low
C002932,16728,APAC,Energy,6744.88,7,135,0,0.923,698.4,Good,5,Email,0,1,DCA-01,2025-07-04,19,2025-07-23,Closed,1,6744.88,38.0,2025-08-11,0,1,0,Medium
C002933,11620,LATAM,Logistics,25282.7,2,327,2,0.947,623.3,Fair,4,Email,0,0,DCA-01,2025-02-15,28,2025-03-15,Escalated,0,0.0,,,0,0,1,Low
C002934,14347,IND,Energy,5164.76,1,156,2,0.539,605.9,Fair,5,Email,1,1,DCA-10,2025-12-04,22,2025-12-26,Escalated,0,0.0,,,0,0,1,Low
C002935,18079,LATAM,Retail,4460.7,6,128,0,0.879,630.0,Fair,4,Phone,0,0,DCA-01,2025-09-22,29,2025-10-21,In Progress,0,0.0,,,0,0,0,Medium
C002936,12286,IND,Automotive,9034.26,6,123,1,0.782,761.3,Very Good,3,Phone,0,0,DCA-02,2025-07-04,18,2025-07-22,In Progress,0,0.0,,,0,0,0,Low
C002937,17676,MEA,Manufacturing,52477.7,1,347,0,0.794,663.6,Fair,3,Email,0,1,DCA-07,2025-05-16,16,2025-06-01,Closed,1,50654.94,46.0,2025-07-01,0,1,0,Low
C002938,17219,APAC,Retail,50439.3,7,170,1,0.829,672.7,Good,3,Email,0,0,DCA-07,2025-04-17,8,2025-04-25,In Progress,0,0.0,,,0,0,0,Low
C002939,19026,EU,Healthcare,9741.34,1,175,2,0.731,558.4,Poor,5,Email,0,0,DCA-01,2026-01-25,26,2026-02-20,In Progress,0,0.0,,,0,0,0,Low
C002940,11688,LATAM,Manufacturing,8333.68,1,235,3,0.806,517.8,Poor,4,Email,0,1,DCA-06,2025-08-10,19,2025-08-29,PTP,0,0.0,,,0,0,1,Low
C002941,17151,LATAM,Technology,4237.58,7,203,0,1.0,683.1,Good,4,Email,0,1,DCA-05,2025-06-21,17,2025-07-08,Closed,1,4237.58,29.0,2025-07-20,1,1,0,High
C002942,19366,EU,Finance,14109.75,2,197,0,0.819,659.7,Fair,1,Email,0,0,DCA-03,2025-01-07,7,2025-01-14,Escalated,0,0.0,,,0,0,1,Medium
C002943,17630,EU,Energy,14964.09,2,138,0,0.975,749.2,Very Good,4,Email,0,0,DCA-09,2025-03-31,20,2025-04-20,In Progress,0,0.0,,,0,0,0,Medium
C002944,11879,NA,Energy,23218.15,6,60,1,0.844,694.3,Good,3,Phone,0,0,DCA-10,2025-06-29,17,2025-07-16,In Progress,0,0.0,,,0,0,0,Low
C002945,18221,NA,Automotive,25273.08,5,363,3,0.678,554.5,Poor,7,Email,0,0,DCA-03,2025-06-27,18,2025-07-15,Escalated,0,0.0,,,0,0,1,Low
C002946,11073,NA,Finance,11635.37,4,179,0,1.0,804.7,Excellent,1,Phone,0,0,DCA-02,2025-07-27,7,2025-08-03,Closed,1,9889.79,47.0,2025-09-12,0,1,0,Medium
C002947,15888,MEA,Aviation,19716.67,7,354,0,0.984,677.5,Good,4,Portal,0,0,DCA-04,2025-02-09,19,2025-02-28,Escalated,0,0.0,,,0,0,1,Low
C002948,14976,APAC,Automotive,8180.86,1,168,0,0.908,782.1,Very Good,6,Email,0,0,DCA-09,2025-03-29,18,2025-04-16,In Progress,0,0.0,,,0,0,0,Medium
C002949,15310,IND,Manufacturing,19456.37,7,219,2,0.593,570.8,Poor,3,Email,0,0,DCA-08,2025-06-07,26,2025-07-03,Escalated,0,0.0,,,0,0,1,Low
C002950,15195,NA,Retail,9366.9,2,199,1,0.875,677.7,Good,8,Phone,1,0,DCA-08,2025-04-10,15,2025-04-25,Escalated,0,0.0,,,0,0,1,Low
C002951,10314,IND,Finance,18427.9,5,352,1,0.833,584.6,Fair,5,Email,0,1,DCA-10,2025-02-20,10,2025-03-02,PTP,0,0.0,,,0,0,1,Low
C002952,15081,APAC,Energy,17412.63,3,41,3,0.432,611.1,Fair,5,Phone,0,0,DCA-03,2025-02-10,19,2025-03-01,In Progress,0,0.0,,,0,0,0,Low
C002953,19367,IND,Retail,14018.91,3,189,0,1.0,758.3,Very Good,3,Phone,0,0,DCA-09,2025-12-11,22,2026-01-02,Closed,1,12217.27,44.0,2026-01-24,0,1,0,Medium
C002954,14366,EU,Finance,23299.28,3,56,2,0.701,586.7,Fair,3,Portal,1,0,DCA-10,2025-12-19,19,2026-01-07,Dispute,0,0.0,,,0,0,0,Low
C002955,12769,EU,Automotive,4450.27,4,316,3,0.775,692.3,Good,3,In-person,0,0,DCA-07,2025-11-26,10,2025-12-06,Escalated,0,0.0,,,0,0,1,Low
C002956,19948,NA,Automotive,6339.52,7,194,1,0.639,583.4,Fair,4,Email,0,0,DCA-04,2025-01-20,26,2025-02-15,Escalated,0,0.0,,,0,0,1,Low
C002957,10989,EU,Technology,11058.54,1,336,0,0.926,675.6,Good,7,Portal,0,0,DCA-10,2025-10-05,20,2025-10-25,Escalated,0,0.0,,,0,0,1,Low
C002958,14862,EU,Retail,4864.48,5,101,0,0.738,626.2,Fair,3,Email,0,0,DCA-01,2025-12-19,29,2026-01-17,In Progress,0,0.0,,,0,0,0,Medium
C002959,15125,EU,Energy,10048.66,7,60,1,0.726,645.3,Fair,0,Phone,0,1,DCA-03,2025-02-19,11,2025-03-02,PTP,0,0.0,,,0,0,0,Medium
C002960,14779,IND,Aviation,10277.98,6,229,3,0.915,548.9,Poor,10,Phone,1,1,DCA-01,2026-01-15,12,2026-01-27,Escalated,0,0.0,,,0,0,1,Low
C002961,19217,IND,Manufacturing,33415.62,7,54,0,1.0,754.8,Very Good,0,Email,0,1,DCA-04,2025-10-06,7,2025-10-13,PTP,0,0.0,,,0,0,0,High
C002962,14217,NA,Energy,14761.44,1,136,1,1.0,658.0,Fair,4,Email,0,1,DCA-08,2025-08-16,28,2025-09-13,PTP,0,0.0,,,0,0,0,Low
C002963,19733,APAC,Automotive,27463.16,3,115,0,1.0,697.3,Good,3,SMS,0,0,DCA-04,2025-02-26,20,2025-03-18,In Progress,0,0.0,,,0,0,0,Low
C002964,10668,EU,FMCG,16500.93,3,81,3,0.859,705.2,Good,2,Email,1,0,DCA-06,2025-12-19,16,2026-01-04,Dispute,0,0.0,,,0,0,0,Low
C002965,17339,IND,FMCG,9182.3,4,48,1,0.651,636.0,Fair,1,Phone,0,0,DCA-05,2026-01-16,9,2026-01-25,Closed,1,7469.88,58.0,2026-03-15,0,1,0,Low
C002966,15929,LATAM,Energy,14670.61,3,239,4,0.675,576.1,Poor,3,In-person,0,0,DCA-01,2025-07-25,10,2025-08-04,Escalated,0,0.0,,,0,0,1,Low
C002967,12405,IND,Aviation,22261.15,2,276,0,0.904,693.3,Good,6,Email,0,1,DCA-01,2025-08-02,8,2025-08-10,Closed,1,22261.15,40.0,2025-09-11,0,1,0,Medium
C002968,12279,APAC,Finance,30803.42,6,144,1,0.813,679.2,Good,6,Email,0,0,DCA-01,2025-01-14,21,2025-02-04,In Progress,0,0.0,,,0,0,0,Low
C002969,17196,LATAM,Healthcare,12177.96,2,103,0,0.681,624.4,Fair,2,Email,0,0,DCA-09,2025-02-02,17,2025-02-19,Closed,1,10737.86,58.0,2025-04-01,0,1,0,Medium
C002970,16376,NA,Technology,4216.42,7,58,0,1.0,775.4,Very Good,2,Email,0,0,DCA-01,2025-04-08,16,2025-04-24,In Progress,0,0.0,,,0,0,0,Medium
C002971,16111,NA,Finance,4013.98,1,247,2,0.814,564.0,Poor,3,Email,0,1,DCA-04,2025-01-30,25,2025-02-24,PTP,0,0.0,,,0,0,1,Low
C002972,10508,LATAM,Energy,10630.8,3,295,1,0.699,580.6,Fair,6,Phone,0,1,DCA-06,2026-01-19,14,2026-02-02,Closed,1,10144.14,38.0,2026-02-26,0,1,0,Low
C002973,15978,LATAM,Energy,2600.53,5,200,1,0.832,702.7,Good,3,Phone,0,0,DCA-06,2025-06-15,15,2025-06-30,Escalated,0,0.0,,,0,0,1,Low
C002974,19813,IND,Energy,46937.54,7,158,0,0.915,738.1,Good,6,SMS,0,1,DCA-07,2025-11-18,21,2025-12-09,Closed,1,44466.48,42.0,2025-12-30,0,1,0,Medium
C002975,10173,MEA,Technology,20289.39,6,237,1,0.867,586.5,Fair,3,Email,0,0,DCA-06,2025-05-13,21,2025-06-03,Escalated,0,0.0,,,0,0,1,Low
C002976,14690,NA,Technology,8561.52,1,334,1,0.958,695.9,Good,5,Phone,0,0,DCA-05,2026-01-24,23,2026-02-16,Escalated,0,0.0,,,0,0,1,Low
C002977,14943,APAC,Retail,6144.09,6,361,0,0.911,555.0,Poor,7,SMS,1,0,DCA-07,2025-08-13,22,2025-09-04,Escalated,0,0.0,,,0,0,1,Low
C002978,18967,NA,FMCG,27437.98,3,71,1,0.836,689.8,Good,7,Phone,0,0,DCA-03,2025-06-19,17,2025-07-06,In Progress,0,0.0,,,0,0,0,Medium
C002979,12828,LATAM,Technology,6126.96,7,174,0,0.892,639.2,Fair,7,Phone,0,1,DCA-05,2025-01-10,15,2025-01-25,PTP,0,0.0,,,0,0,0,Medium
C002980,14755,NA,Healthcare,6550.14,6,319,0,0.687,656.2,Fair,3,Phone,0,0,DCA-05,2025-03-31,13,2025-04-13,Escalated,0,0.0,,,0,0,1,Low
C002981,17171,APAC,Automotive,7815.29,2,231,1,0.969,722.6,Good,8,SMS,0,0,DCA-04,2025-04-21,8,2025-04-29,Escalated,0,0.0,,,0,0,1,Low
C002982,10603,NA,Aviation,14470.41,3,297,0,0.688,660.3,Fair,6,Email,0,0,DCA-10,2025-04-16,25,2025-05-11,Escalated,0,0.0,,,0,0,1,Low
C002983,18010,MEA,Logistics,20631.17,6,363,1,0.776,531.2,Poor,5,Email,0,0,DCA-10,2025-04-27,21,2025-05-18,Escalated,0,0.0,,,0,0,1,Low
C002984,18222,MEA,Logistics,30787.7,7,38,0,0.558,568.7,Poor,2,Email,1,0,DCA-07,2025-11-23,22,2025-12-15,Dispute,0,0.0,,,0,0,0,Medium
C002985,17196,NA,Healthcare,27763.57,5,223,0,0.853,736.2,Good,3,Phone,1,0,DCA-08,2025-10-06,25,2025-10-31,Escalated,0,0.0,,,0,0,1,Low
C002986,16481,NA,Healthcare,13366.96,2,194,0,0.853,561.6,Poor,8,Phone,0,0,DCA-09,2025-03-21,22,2025-04-12,Escalated,0,0.0,,,0,0,1,Medium
C002987,17476,EU,Finance,27292.45,3,104,0,1.0,732.6,Good,4,Phone,0,1,DCA-04,2025-07-14,8,2025-07-22,PTP,0,0.0,,,0,0,0,Low
C002988,17817,IND,Manufacturing,8352.37,6,238,1,0.7,543.3,Poor,4,Email,0,0,DCA-06,2025-08-29,29,2025-09-27,Escalated,0,0.0,,,0,0,1,Low
C002989,19033,IND,Automotive,3734.59,5,38,0,0.95,751.5,Very Good,2,In-person,0,0,DCA-04,2025-11-22,8,2025-11-30,In Progress,0,0.0,,,0,0,0,Medium
C002990,14281,APAC,Retail,8351.6,2,181,0,0.95,719.1,Good,5,Phone,0,0,DCA-09,2025-12-22,30,2026-01-21,Closed,1,6672.28,60.0,2026-02-20,0,1,0,Medium
C002991,14560,IND,Logistics,7597.83,2,151,2,1.0,690.0,Good,3,Email,1,1,DCA-07,2025-05-28,12,2025-06-09,Closed,1,7597.83,41.0,2025-07-08,0,1,1,Low
C002992,16379,NA,Healthcare,8583.6,2,143,0,0.821,637.3,Fair,2,Phone,0,1,DCA-06,2025-11-18,8,2025-11-26,Closed,1,8195.35,43.0,2025-12-31,0,1,0,Medium
C002993,11930,NA,Finance,6825.61,4,224,0,0.933,632.8,Fair,5,Email,0,0,DCA-05,2025-03-21,29,2025-04-19,Escalated,0,0.0,,,0,0,1,Low
C002994,18562,MEA,Energy,9674.25,4,344,1,0.787,670.5,Good,5,Portal,0,0,DCA-06,2025-06-16,13,2025-06-29,Escalated,0,0.0,,,0,0,1,Low
C002995,17705,IND,Finance,20619.9,4,345,0,1.0,538.1,Poor,8,Phone,0,0,DCA-03,2025-04-30,22,2025-05-22,Escalated,0,0.0,,,0,0,1,Low
C002996,16310,NA,Logistics,44386.03,7,256,0,0.981,723.9,Good,3,Email,0,1,DCA-06,2025-06-03,26,2025-06-29,PTP,0,0.0,,,0,0,1,Low
C002997,13016,IND,Logistics,3992.84,5,121,1,0.683,607.1,Fair,4,Email,0,0,DCA-02,2025-03-12,16,2025-03-28,In Progress,0,0.0,,,0,0,0,Low
C002998,13476,NA,Energy,5423.98,5,352,0,0.725,600.3,Fair,2,Email,0,0,DCA-03,2025-08-23,9,2025-09-01,Escalated,0,0.0,,,0,0,1,Low
C002999,14349,EU,Healthcare,7677.03,3,364,1,0.707,535.6,Poor,2,Phone,0,0,DCA-02,2025-12-01,13,2025-12-14,Escalated,0,0.0,,,0,0,1,Low
C003000,16625,IND,Finance,22834.31,5,309,0,0.84,653.2,Fair,7,Phone,0,1,DCA-02,2025-06-22,7,2025-06-29,PTP,0,0.0,,,0,0,1,Low
C003001,17780,APAC,Automotive,11574.24,7,318,0,1.0,737.7,Good,7,Email,0,0,DCA-05,2025-04-30,16,2025-05-16,Escalated,0,0.0,,,0,0,1,Low
C003002,16718,IND,Manufacturing,8047.55,1,298,2,0.75,619.1,Fair,3,Phone,1,1,DCA-01,2025-04-19,14,2025-05-03,Escalated,0,0.0,,,0,0,1,Low
C003003,19299,EU,Automotive,22064.23,3,277,1,0.612,477.3,Poor,7,Email,0,0,DCA-04,2025-07-18,21,2025-08-08,Escalated,0,0.0,,,0,0,1,Low
C003004,19605,MEA,Technology,26094.33,1,265,1,0.9,668.9,Fair,3,Email,0,0,DCA-05,2025-02-14,25,2025-03-11,Escalated,0,0.0,,,0,0,1,Low
C003005,17049,IND,FMCG,13185.43,2,233,0,1.0,693.3,Good,2,Email,0,1,DCA-02,2025-03-29,27,2025-04-25,Closed,1,13185.43,37.0,2025-05-05,0,1,0,Medium
C003006,13709,NA,Healthcare,7545.05,1,236,0,1.0,672.0,Good,2,Email,0,1,DCA-04,2025-05-04,16,2025-05-20,PTP,0,0.0,,,0,0,1,Medium
C003007,15990,NA,Aviation,16142.26,5,142,3,0.766,560.8,Poor,4,Portal,0,0,DCA-06,2025-08-25,15,2025-09-09,Closed,1,10089.2,58.0,2025-10-22,0,1,0,Low
C003008,14250,NA,Automotive,11347.04,6,323,1,0.964,723.6,Good,6,Phone,0,0,DCA-10,2025-02-25,12,2025-03-09,Escalated,0,0.0,,,0,0,1,Low
C003009,16290,APAC,Manufacturing,11285.69,7,232,0,0.929,721.7,Good,4,In-person,0,1,DCA-04,2025-12-25,22,2026-01-16,Closed,1,9869.13,39.0,2026-02-02,0,1,0,Low
C003010,18121,NA,Energy,9333.08,2,224,2,1.0,657.3,Fair,4,Phone,1,1,DCA-01,2025-01-25,11,2025-02-05,Escalated,0,0.0,,,0,0,1,Low
C003011,13693,APAC,Manufacturing,25526.91,5,271,0,1.0,756.7,Very Good,5,Email,0,1,DCA-07,2025-11-07,28,2025-12-05,Closed,1,24409.79,39.0,2025-12-16,0,1,0,Medium
C003012,15057,EU,Healthcare,15913.39,3,28,4,0.783,643.5,Fair,4,Email,0,0,DCA-10,2025-12-20,20,2026-01-09,In Progress,0,0.0,,,0,0,0,Low
C003013,10456,IND,Technology,27583.98,3,335,0,0.908,628.1,Fair,3,Phone,1,1,DCA-10,2026-01-18,27,2026-02-14,Escalated,0,0.0,,,0,0,1,Low
C003014,17365,IND,Energy,34044.65,5,213,1,0.845,580.8,Fair,3,Email,0,0,DCA-05,2025-09-18,15,2025-10-03,Escalated,0,0.0,,,0,0,1,Low
C003015,14898,APAC,Manufacturing,18421.74,5,344,0,0.638,595.9,Fair,6,Phone,1,0,DCA-02,2025-11-29,29,2025-12-28,Escalated,0,0.0,,,0,0,1,Low
C003016,14597,IND,Retail,9371.85,5,38,0,0.865,625.0,Fair,4,Portal,0,0,DCA-07,2026-01-16,22,2026-02-07,Closed,1,7551.59,40.0,2026-02-25,0,1,0,Medium
C003017,15324,IND,Manufacturing,27673.44,1,86,0,1.0,687.0,Good,4,Email,0,1,DCA-09,2025-04-29,18,2025-05-17,PTP,0,0.0,,,0,0,0,Medium
C003018,12154,LATAM,Aviation,18508.13,3,346,0,0.953,639.4,Fair,2,Portal,0,0,DCA-06,2025-10-22,26,2025-11-17,Escalated,0,0.0,,,0,0,1,Low
C003019,15979,EU,Automotive,82648.95,2,253,0,0.959,718.1,Good,3,Portal,0,0,DCA-04,2025-02-07,23,2025-03-02,Escalated,0,0.0,,,0,0,1,Low
C003020,17452,IND,FMCG,16598.57,1,236,0,0.973,598.3,Fair,7,Email,0,0,DCA-04,2025-10-16,7,2025-10-23,Escalated,0,0.0,,,0,0,1,Low
C003021,13496,EU,Retail,21772.04,1,148,0,0.798,593.4,Fair,3,Phone,0,1,DCA-05,2025-10-13,9,2025-10-22,Closed,1,21772.04,33.0,2025-11-15,0,1,0,Medium
C003022,11311,EU,Finance,16371.49,4,203,2,0.763,548.2,Poor,1,Email,0,0,DCA-02,2025-07-08,14,2025-07-22,Escalated,0,0.0,,,0,0,1,Low
C003023,13868,LATAM,Aviation,12464.39,1,199,1,0.85,634.7,Fair,6,Email,0,1,DCA-05,2025-02-25,18,2025-03-15,Closed,1,11286.87,20.0,2025-03-17,1,1,0,Low
C003024,11985,NA,Technology,11146.11,6,73,2,0.804,545.3,Poor,1,Email,1,1,DCA-09,2025-09-02,20,2025-09-22,Dispute,0,0.0,,,0,0,0,Low
C003025,13739,NA,Automotive,16415.33,1,207,2,0.959,682.4,Good,1,Email,0,1,DCA-06,2025-02-09,28,2025-03-09,PTP,0,0.0,,,0,0,1,Low
C003026,16268,APAC,Manufacturing,19241.47,2,188,0,1.0,682.8,Good,0,SMS,0,0,DCA-03,2025-02-07,23,2025-03-02,Escalated,0,0.0,,,0,0,1,Low
C003027,11133,NA,Aviation,29973.58,7,114,3,0.965,651.7,Fair,1,Portal,0,0,DCA-07,2025-08-10,15,2025-08-25,In Progress,0,0.0,,,0,0,0,Low
C003028,17472,IND,Automotive,16584.03,5,125,0,0.842,687.6,Good,1,Email,0,0,DCA-04,2025-09-20,14,2025-10-04,Closed,1,12126.3,58.0,2025-11-17,0,1,0,Low
C003029,12246,IND,FMCG,9662.21,4,280,2,0.86,565.4,Poor,5,Email,0,0,DCA-02,2025-06-05,11,2025-06-16,Escalated,0,0.0,,,0,0,1,Low
C003030,18946,APAC,Logistics,10627.52,1,246,0,1.0,663.7,Fair,6,SMS,0,0,DCA-01,2025-09-11,18,2025-09-29,Escalated,0,0.0,,,0,0,1,Low
C003031,17324,NA,FMCG,5291.96,1,172,0,0.94,763.2,Very Good,3,SMS,0,1,DCA-09,2025-09-17,29,2025-10-16,PTP,0,0.0,,,0,0,0,Medium
C003032,12725,EU,Aviation,42738.25,7,221,2,0.617,584.1,Fair,7,Email,0,1,DCA-06,2025-07-13,9,2025-07-22,PTP,0,0.0,,,0,0,1,Low
C003033,15632,LATAM,Finance,9146.97,6,88,1,0.635,653.1,Fair,1,Portal,0,0,DCA-01,2025-08-23,7,2025-08-30,Closed,1,6904.0,60.0,2025-10-22,0,1,0,Low
C003034,11107,NA,Automotive,26296.95,7,182,0,0.868,675.8,Good,2,SMS,0,1,DCA-05,2025-09-17,9,2025-09-26,Closed,1,24746.76,36.0,2025-10-23,0,1,0,Medium
C003035,10997,EU,Retail,16213.27,6,205,0,0.715,608.0,Fair,2,Email,0,1,DCA-03,2025-09-15,19,2025-10-04,Closed,1,15043.28,46.0,2025-10-31,0,1,0,Medium
C003036,19560,NA,Manufacturing,16524.71,1,92,0,0.824,693.5,Good,2,Phone,0,0,DCA-03,2025-11-15,27,2025-12-12,Closed,1,12362.5,45.0,2025-12-30,0,1,0,Medium
C003037,18024,LATAM,Retail,12305.31,6,62,0,0.972,673.4,Good,2,Email,0,0,DCA-10,2025-09-03,22,2025-09-25,Closed,1,9802.38,51.0,2025-10-24,0,1,0,Medium
C003038,11544,IND,Retail,7696.65,4,192,1,0.647,555.1,Poor,5,Email,0,1,DCA-10,2025-06-14,19,2025-07-03,Closed,1,6674.28,35.0,2025-07-19,0,1,0,Low
C003039,12826,IND,Manufacturing,6781.99,5,343,0,0.904,616.3,Fair,5,Phone,0,1,DCA-08,2025-03-21,23,2025-04-13,PTP,0,0.0,,,0,0,1,Low
C003040,11976,NA,Finance,44798.31,3,169,2,0.619,677.5,Good,4,Email,0,1,DCA-03,2025-05-10,18,2025-05-28,PTP,0,0.0,,,0,0,0,Low
C003041,13951,NA,Manufacturing,14469.13,6,329,3,0.579,511.5,Poor,7,Portal,0,0,DCA-01,2025-07-04,30,2025-08-03,Escalated,0,0.0,,,0,0,1,Low
C003042,12913,MEA,Logistics,29368.78,6,310,2,0.947,650.3,Fair,3,Phone,0,0,DCA-01,2025-04-27,17,2025-05-14,Escalated,0,0.0,,,0,0,1,Low
C003043,13280,NA,Finance,35222.31,7,272,0,1.0,644.6,Fair,6,Portal,0,0,DCA-01,2025-01-03,26,2025-01-29,Escalated,0,0.0,,,0,0,1,Low
C003044,15293,APAC,Automotive,10020.69,4,326,0,1.0,612.9,Fair,6,Phone,0,0,DCA-10,2025-12-12,29,2026-01-10,Escalated,0,0.0,,,0,0,1,Low
C003045,11890,LATAM,Logistics,17969.91,2,150,0,0.816,728.5,Good,4,Phone,0,0,DCA-02,2025-10-07,17,2025-10-24,In Progress,0,0.0,,,0,0,0,Low
C003046,18828,APAC,Retail,13787.36,5,277,0,1.0,720.6,Good,9,Phone,0,1,DCA-08,2026-01-17,17,2026-02-03,PTP,0,0.0,,,0,0,1,Medium
C003047,17276,APAC,Manufacturing,5942.89,4,53,0,0.673,683.8,Good,3,Email,0,0,DCA-04,2025-12-17,22,2026-01-08,In Progress,0,0.0,,,0,0,0,Low
C003048,17605,APAC,Manufacturing,11733.04,2,117,1,1.0,708.9,Good,2,Email,0,0,DCA-08,2025-11-15,13,2025-11-28,In Progress,0,0.0,,,0,0,0,Medium
C003049,11694,EU,Aviation,20155.95,6,207,2,0.595,510.2,Poor,4,Email,1,0,DCA-09,2026-01-11,25,2026-02-05,Escalated,0,0.0,,,0,0,1,Low
C003050,17081,APAC,Logistics,9420.84,1,14,0,0.861,631.6,Fair,4,Phone,0,0,DCA-03,2025-10-01,9,2025-10-10,Closed,1,8968.43,46.0,2025-11-16,0,1,0,Medium
C003051,18362,IND,Aviation,10642.49,3,279,1,1.0,619.4,Fair,4,Portal,0,0,DCA-04,2026-01-22,23,2026-02-14,Escalated,0,0.0,,,0,0,1,Low
C003052,11751,IND,Logistics,11832.95,5,337,1,0.886,557.1,Poor,4,Email,0,0,DCA-05,2025-11-29,26,2025-12-25,Escalated,0,0.0,,,0,0,1,Low
C003053,17512,LATAM,Automotive,58575.43,7,39,0,0.567,655.9,Fair,0,Email,0,1,DCA-01,2025-08-06,14,2025-08-20,PTP,0,0.0,,,0,0,0,Low
C003054,13576,EU,Healthcare,3700.29,5,362,0,0.889,691.6,Good,4,Portal,0,0,DCA-01,2025-10-30,29,2025-11-28,Escalated,0,0.0,,,0,0,1,Low
C003055,17875,APAC,Retail,18980.18,7,33,0,0.995,698.1,Good,6,Phone,0,0,DCA-09,2025-08-02,30,2025-09-01,In Progress,0,0.0,,,0,0,0,High
C003056,14784,MEA,FMCG,11188.73,6,47,1,1.0,805.6,Excellent,3,Email,0,1,DCA-05,2025-04-29,29,2025-05-28,Closed,1,11188.73,16.0,2025-05-15,1,1,0,Medium
C003057,18022,APAC,Logistics,8531.68,2,278,0,1.0,691.8,Good,4,Email,0,0,DCA-05,2025-02-19,8,2025-02-27,Escalated,0,0.0,,,0,0,1,Low
C003058,11474,NA,Finance,10998.2,6,250,0,0.675,653.9,Fair,7,Email,0,1,DCA-07,2025-04-15,11,2025-04-26,PTP,0,0.0,,,0,0,1,Medium
C003059,13890,MEA,Healthcare,21314.94,3,341,1,0.985,624.9,Fair,3,Email,0,0,DCA-04,2025-11-10,20,2025-11-30,Escalated,0,0.0,,,0,0,1,Low
C003060,12734,NA,Healthcare,22184.89,5,155,0,1.0,733.7,Good,5,Phone,0,0,DCA-08,2025-12-11,22,2026-01-02,In Progress,0,0.0,,,0,0,0,Medium
C003061,12483,IND,Technology,15217.66,2,209,0,0.931,583.3,Fair,3,Email,0,1,DCA-01,2026-01-30,22,2026-02-21,Closed,1,14655.22,47.0,2026-03-18,0,1,0,Medium
C003062,13083,EU,Aviation,28707.65,4,55,1,1.0,782.1,Very Good,1,SMS,0,0,DCA-02,2025-12-05,19,2025-12-24,Closed,1,23064.44,58.0,2026-02-01,0,1,0,Low
C003063,13824,NA,Manufacturing,32473.61,5,252,3,0.89,631.2,Fair,5,Phone,0,0,DCA-10,2025-02-13,10,2025-02-23,Escalated,0,0.0,,,0,0,1,Low
C003064,11272,LATAM,Manufacturing,23658.16,7,364,2,0.974,592.5,Fair,4,Email,0,0,DCA-09,2025-04-23,16,2025-05-09,Escalated,0,0.0,,,0,0,1,Low
C003065,17070,IND,Manufacturing,9114.9,7,218,3,0.832,662.6,Fair,2,In-person,1,0,DCA-01,2025-09-09,18,2025-09-27,Escalated,0,0.0,,,0,0,1,Low
C003066,15502,MEA,Manufacturing,18884.73,6,340,1,0.826,551.7,Poor,7,In-person,0,1,DCA-06,2025-04-18,26,2025-05-14,PTP,0,0.0,,,0,0,1,Low
C003067,18292,EU,Technology,18947.75,4,144,1,1.0,712.5,Good,2,Portal,0,0,DCA-08,2025-04-05,27,2025-05-02,In Progress,0,0.0,,,0,0,0,Low
C003068,17050,APAC,Manufacturing,7548.15,7,358,0,0.923,645.2,Fair,3,Email,0,1,DCA-03,2026-01-17,28,2026-02-14,PTP,0,0.0,,,0,0,1,Medium
C003069,11490,MEA,Energy,4453.26,1,196,0,0.899,594.2,Fair,4,Phone,0,1,DCA-01,2025-11-14,29,2025-12-13,PTP,0,0.0,,,0,0,1,Medium
C003070,10699,IND,Manufacturing,3242.36,7,53,1,0.686,703.5,Good,2,Phone,0,1,DCA-07,2025-08-16,10,2025-08-26,PTP,0,0.0,,,0,0,0,Medium
C003071,14228,APAC,Retail,14029.24,2,132,2,0.904,692.1,Good,2,Email,0,0,DCA-08,2025-02-12,28,2025-03-12,In Progress,0,0.0,,,0,0,0,Low
C003072,14811,NA,Logistics,16459.0,3,180,3,0.82,583.3,Fair,1,Phone,0,0,DCA-08,2025-10-26,7,2025-11-02,In Progress,0,0.0,,,0,0,0,Low
C003073,12402,APAC,Manufacturing,5841.56,7,25,0,0.875,647.8,Fair,2,Phone,0,0,DCA-02,2025-08-14,8,2025-08-22,In Progress,0,0.0,,,0,0,0,Medium
C003074,17822,LATAM,Healthcare,27784.2,6,327,0,1.0,669.4,Fair,3,Email,0,0,DCA-06,2025-01-17,11,2025-01-28,Closed,1,24288.49,84.0,2025-04-11,0,0,0,Low
C003075,15815,NA,Automotive,14861.85,6,88,1,0.762,622.3,Fair,2,Phone,0,0,DCA-03,2025-10-12,10,2025-10-22,In Progress,0,0.0,,,0,0,0,Medium
C003076,17479,IND,Healthcare,34358.92,5,246,2,0.791,583.1,Fair,6,Portal,1,0,DCA-07,2025-07-21,26,2025-08-16,Escalated,0,0.0,,,0,0,1,Low
C003077,11090,NA,Retail,17315.81,5,335,1,1.0,672.6,Good,1,Phone,0,0,DCA-05,2025-09-02,14,2025-09-16,Escalated,0,0.0,,,0,0,1,Low
C003078,18150,NA,Healthcare,6333.24,2,159,2,0.852,555.0,Poor,4,Portal,0,0,DCA-06,2025-06-09,28,2025-07-07,In Progress,0,0.0,,,0,0,0,Low
C003079,12060,NA,FMCG,18412.72,7,222,2,1.0,705.3,Good,7,Email,0,0,DCA-04,2025-07-26,22,2025-08-17,Escalated,0,0.0,,,0,0,1,Low
C003080,14482,EU,Aviation,21355.78,5,189,0,0.938,711.5,Good,3,Phone,0,0,DCA-06,2025-04-15,23,2025-05-08,Closed,1,18135.98,61.0,2025-06-15,0,0,0,Medium
C003081,14393,IND,Technology,9105.77,5,279,1,0.714,622.5,Fair,6,Phone,0,0,DCA-06,2025-05-13,10,2025-05-23,Escalated,0,0.0,,,0,0,1,Low
C003082,18205,MEA,Finance,4868.47,3,15,2,0.784,686.0,Good,1,Email,0,1,DCA-02,2025-05-07,7,2025-05-14,PTP,0,0.0,,,0,0,0,Low
C003083,12768,NA,Aviation,14331.39,7,131,0,0.764,640.5,Fair,1,Email,0,0,DCA-01,2025-03-16,9,2025-03-25,Closed,1,12481.56,57.0,2025-05-12,0,1,0,Low
C003084,12407,IND,Healthcare,6630.32,4,223,0,0.696,691.7,Good,6,Email,0,0,DCA-07,2025-12-03,20,2025-12-23,Escalated,0,0.0,,,0,0,1,Low
C003085,13396,LATAM,Manufacturing,29278.87,2,34,0,0.993,772.5,Very Good,0,Phone,0,0,DCA-03,2025-04-29,28,2025-05-27,In Progress,0,0.0,,,0,0,0,High
C003086,13608,APAC,Healthcare,10046.47,2,313,0,0.825,530.2,Poor,1,Email,0,0,DCA-06,2025-01-08,17,2025-01-25,Escalated,0,0.0,,,0,0,1,Low
C003087,11816,NA,Finance,44677.3,5,231,0,0.885,642.3,Fair,2,Email,0,0,DCA-01,2025-06-20,19,2025-07-09,Escalated,0,0.0,,,0,0,1,Low
C003088,11763,IND,Manufacturing,3020.23,6,2,0,0.872,696.8,Good,3,Portal,0,0,DCA-03,2025-10-03,25,2025-10-28,Closed,1,2715.98,41.0,2025-11-13,0,1,0,High
C003089,12313,LATAM,Aviation,14681.7,2,5,2,0.631,604.8,Fair,2,Portal,0,1,DCA-01,2025-10-14,11,2025-10-25,Closed,1,13354.65,13.0,2025-10-27,1,1,0,Low
C003090,14674,NA,Finance,36336.38,5,59,0,0.931,680.3,Good,3,SMS,0,0,DCA-03,2025-07-21,25,2025-08-15,Closed,1,29776.38,61.0,2025-09-20,0,0,0,Medium
C003091,13433,APAC,Aviation,7163.74,7,242,0,0.922,664.0,Fair,3,Phone,0,1,DCA-08,2025-01-06,23,2025-01-29,PTP,0,0.0,,,0,0,1,Low
C003092,13920,NA,FMCG,11950.87,4,189,0,1.0,739.4,Good,6,Phone,0,0,DCA-07,2025-05-29,11,2025-06-09,Closed,1,10225.3,65.0,2025-08-02,0,0,0,Medium
C003093,17190,NA,Logistics,10075.63,7,176,0,0.607,585.6,Fair,4,Phone,0,0,DCA-02,2025-09-20,16,2025-10-06,In Progress,0,0.0,,,0,0,0,Low
C003094,12409,NA,Technology,8278.05,2,205,0,0.884,675.5,Good,1,SMS,0,0,DCA-02,2025-12-20,14,2026-01-03,Escalated,0,0.0,,,0,0,1,Low
C003095,19098,APAC,Healthcare,15854.93,3,181,1,0.782,642.5,Fair,1,Phone,0,0,DCA-02,2025-09-14,30,2025-10-14,Escalated,0,0.0,,,0,0,1,Low
C003096,17517,IND,Retail,5394.88,4,125,1,0.932,615.3,Fair,5,Email,0,0,DCA-09,2025-10-28,12,2025-11-09,Closed,1,4357.94,54.0,2025-12-21,0,1,0,Low
C003097,11746,MEA,Automotive,12361.25,3,3,0,0.809,702.1,Good,4,Email,1,0,DCA-03,2025-12-22,29,2026-01-20,Dispute,0,0.0,,,0,0,0,Medium
C003098,13138,MEA,Automotive,19171.8,1,11,0,1.0,775.8,Very Good,3,Phone,1,1,DCA-10,2025-08-27,19,2025-09-15,Closed,1,19171.8,31.0,2025-09-27,0,1,0,Medium
C003099,11835,NA,FMCG,11492.32,4,251,1,0.843,669.0,Fair,6,Phone,0,0,DCA-06,2025-07-28,8,2025-08-05,Escalated,0,0.0,,,0,0,1,Low
C003100,12728,NA,Manufacturing,6633.3,3,271,3,0.65,472.9,Poor,3,Portal,0,0,DCA-10,2025-06-14,8,2025-06-22,Escalated,0,0.0,,,0,0,1,Low
C003101,13654,APAC,Healthcare,27477.69,2,88,1,0.704,553.2,Poor,5,Email,0,0,DCA-03,2025-05-20,9,2025-05-29,In Progress,0,0.0,,,0,0,0,Low
C003102,11308,IND,Retail,22274.1,3,89,2,0.71,623.3,Fair,0,SMS,0,0,DCA-10,2025-12-28,21,2026-01-18,In Progress,0,0.0,,,0,0,0,Low
C003103,10144,LATAM,Logistics,6445.7,3,149,0,0.735,658.4,Fair,2,SMS,0,0,DCA-10,2025-02-17,28,2025-03-17,In Progress,0,0.0,,,0,0,0,Low
C003104,14388,NA,Technology,5399.84,7,235,0,0.792,678.9,Good,4,SMS,0,0,DCA-02,2026-01-06,18,2026-01-24,Escalated,0,0.0,,,0,0,1,Low
C003105,17009,NA,Retail,6861.3,4,217,0,0.692,585.1,Fair,3,Phone,0,1,DCA-10,2025-09-16,16,2025-10-02,Closed,1,6682.97,51.0,2025-11-06,0,1,0,Low
C003106,13029,NA,Aviation,19568.79,3,204,0,0.969,644.8,Fair,6,Portal,0,1,DCA-04,2025-10-17,20,2025-11-06,PTP,0,0.0,,,0,0,1,Medium
C003107,18604,NA,Healthcare,16202.18,3,14,1,0.934,652.4,Fair,1,SMS,0,0,DCA-02,2025-09-19,12,2025-10-01,In Progress,0,0.0,,,0,0,0,Low
C003108,13692,LATAM,Energy,23226.7,5,157,0,0.833,774.5,Very Good,1,Portal,0,0,DCA-04,2025-06-17,27,2025-07-14,Closed,1,18022.1,67.0,2025-08-23,0,0,0,Low
C003109,19007,NA,Aviation,10632.76,2,274,1,0.663,652.8,Fair,4,Phone,0,0,DCA-01,2025-11-10,14,2025-11-24,Escalated,0,0.0,,,0,0,1,Low
C003110,12359,NA,Healthcare,6993.15,7,215,0,0.941,637.8,Fair,3,Email,0,0,DCA-06,2026-01-24,18,2026-02-11,Escalated,0,0.0,,,0,0,1,Low
C003111,15393,LATAM,Manufacturing,25417.48,3,294,1,0.829,567.7,Poor,7,Phone,0,1,DCA-06,2025-05-08,11,2025-05-19,PTP,0,0.0,,,0,0,1,Low
C003112,17631,NA,Logistics,9068.72,3,253,0,0.629,563.9,Poor,5,Phone,0,1,DCA-04,2025-01-18,25,2025-02-12,PTP,0,0.0,,,0,0,1,Low
C003113,10590,EU,FMCG,15223.32,1,328,1,0.546,645.3,Fair,4,Portal,0,0,DCA-04,2025-06-11,22,2025-07-03,Closed,1,11107.79,86.0,2025-09-05,0,0,0,Low
C003114,19300,IND,Energy,4514.51,7,209,1,0.896,767.9,Very Good,2,Phone,0,0,DCA-01,2025-12-02,29,2025-12-31,Escalated,0,0.0,,,0,0,1,Medium
C003115,13649,IND,Healthcare,8965.44,4,208,1,0.599,543.5,Poor,5,SMS,0,0,DCA-07,2025-02-16,26,2025-03-14,Escalated,0,0.0,,,0,0,1,Low
C003116,14979,IND,Finance,27080.72,1,203,2,0.413,494.4,Poor,1,Phone,0,0,DCA-03,2025-04-28,9,2025-05-07,Escalated,0,0.0,,,0,0,1,Low
C003117,16284,NA,Manufacturing,8091.81,2,97,3,0.879,622.9,Fair,5,Phone,0,0,DCA-05,2025-11-17,21,2025-12-08,In Progress,0,0.0,,,0,0,0,Low
C003118,16429,IND,Finance,23627.17,3,159,0,0.911,678.7,Good,3,Portal,0,1,DCA-06,2025-07-12,8,2025-07-20,PTP,0,0.0,,,0,0,0,Medium
C003119,10236,APAC,Manufacturing,2613.08,6,62,0,0.944,746.2,Very Good,3,Email,0,0,DCA-08,2025-07-30,22,2025-08-21,Closed,1,2613.08,42.0,2025-09-10,0,1,0,Medium
C003120,18671,NA,Technology,9031.07,1,157,0,1.0,621.3,Fair,5,Portal,0,0,DCA-07,2025-02-03,11,2025-02-14,Closed,1,7841.13,50.0,2025-03-25,0,1,0,Medium
C003121,16236,EU,Automotive,11849.63,1,55,1,0.703,621.4,Fair,7,Portal,0,0,DCA-10,2025-11-19,12,2025-12-01,In Progress,0,0.0,,,0,0,0,Low
C003122,19988,NA,Logistics,45241.87,4,179,1,0.982,733.4,Good,6,In-person,0,1,DCA-07,2025-07-04,24,2025-07-28,Closed,1,45241.87,33.0,2025-08-06,0,1,0,Medium
C003123,14715,EU,Retail,5893.8,4,348,0,0.854,586.7,Fair,5,Email,0,0,DCA-04,2025-08-05,12,2025-08-17,Escalated,0,0.0,,,0,0,1,Low
C003124,16135,NA,Finance,21368.97,7,165,1,0.907,654.9,Fair,4,Portal,0,0,DCA-09,2025-04-01,22,2025-04-23,In Progress,0,0.0,,,0,0,0,Low
C003125,14410,EU,Logistics,27996.99,6,269,0,0.812,535.7,Poor,3,Email,0,0,DCA-06,2025-01-07,11,2025-01-18,Escalated,0,0.0,,,0,0,1,Low
C003126,18897,NA,Automotive,8062.32,5,160,0,0.771,688.2,Good,3,Email,0,0,DCA-02,2025-05-05,21,2025-05-26,In Progress,0,0.0,,,0,0,0,Low
C003127,18323,EU,FMCG,10285.94,3,330,1,0.988,709.1,Good,8,Email,0,0,DCA-06,2025-03-12,30,2025-04-11,Closed,1,10023.88,76.0,2025-05-27,0,0,0,Low
C003128,19086,EU,Retail,14752.09,5,77,2,0.695,697.4,Good,2,Email,0,0,DCA-02,2025-08-12,23,2025-09-04,In Progress,0,0.0,,,0,0,0,Low
C003129,15042,IND,Logistics,4736.06,5,304,1,0.681,526.2,Poor,5,Email,0,0,DCA-04,2025-04-29,12,2025-05-11,Escalated,0,0.0,,,0,0,1,Low
C003130,17914,NA,Energy,9715.01,2,264,3,1.0,592.5,Fair,4,Portal,0,0,DCA-01,2026-01-19,17,2026-02-05,Closed,1,8339.54,51.0,2026-03-11,0,1,0,Low
C003131,13587,IND,Energy,32639.5,3,324,2,0.875,580.2,Fair,4,Phone,0,1,DCA-01,2025-04-17,12,2025-04-29,PTP,0,0.0,,,0,0,1,Low
C003132,14609,IND,Logistics,19261.4,7,49,1,0.897,737.5,Good,2,Phone,0,0,DCA-02,2025-03-30,13,2025-04-12,In Progress,0,0.0,,,0,0,0,Medium
C003133,17602,LATAM,Aviation,11971.38,4,326,0,1.0,571.3,Poor,7,Portal,0,1,DCA-07,2025-04-25,17,2025-05-12,PTP,0,0.0,,,0,0,1,Low
C003134,10811,APAC,Energy,14460.13,4,331,1,0.749,586.3,Fair,4,Portal,0,1,DCA-05,2025-05-16,11,2025-05-27,PTP,0,0.0,,,0,0,1,Low
C003135,17104,APAC,Healthcare,20063.02,6,108,1,0.607,642.4,Fair,3,In-person,0,0,DCA-05,2025-10-24,13,2025-11-06,In Progress,0,0.0,,,0,0,0,Low
C003136,10158,IND,Finance,22941.14,2,228,2,0.991,573.6,Poor,2,Portal,0,1,DCA-06,2025-04-05,29,2025-05-04,PTP,0,0.0,,,0,0,1,Low
C003137,15806,IND,Energy,9049.91,2,214,2,0.651,543.5,Poor,7,Portal,0,0,DCA-02,2025-10-30,24,2025-11-23,Escalated,0,0.0,,,0,0,1,Low
C003138,14772,MEA,Technology,39116.7,7,18,1,0.706,732.9,Good,1,Email,0,0,DCA-07,2025-07-19,12,2025-07-31,Closed,1,30017.52,42.0,2025-08-30,0,1,0,Medium
C003139,14686,IND,Manufacturing,33571.87,6,192,0,0.724,642.2,Fair,2,Phone,0,0,DCA-06,2025-11-25,7,2025-12-02,Closed,1,26819.78,60.0,2026-01-24,0,1,0,Medium
C003140,14943,IND,Logistics,21462.88,3,240,1,0.966,562.7,Poor,6,Phone,0,1,DCA-02,2025-04-16,15,2025-05-01,PTP,0,0.0,,,0,0,1,Low
C003141,14919,MEA,Logistics,7405.13,7,75,0,0.728,740.7,Very Good,3,Email,0,0,DCA-06,2025-06-25,10,2025-07-05,Closed,1,6272.83,55.0,2025-08-19,0,1,0,Medium
C003142,14073,EU,Logistics,6540.99,3,132,1,0.918,600.4,Fair,3,Email,0,0,DCA-02,2025-03-17,24,2025-04-10,In Progress,0,0.0,,,0,0,0,Low
C003143,14513,APAC,Automotive,10629.38,5,214,1,0.882,644.0,Fair,1,Phone,0,1,DCA-07,2025-06-17,17,2025-07-04,PTP,0,0.0,,,0,0,1,Low
C003144,15681,EU,Technology,13940.25,1,339,0,1.0,704.4,Good,3,Portal,0,0,DCA-03,2025-09-15,25,2025-10-10,Escalated,0,0.0,,,0,0,1,Medium
C003145,17634,IND,Automotive,3874.05,5,23,1,0.811,692.3,Good,2,Phone,0,0,DCA-01,2025-08-07,26,2025-09-02,In Progress,0,0.0,,,0,0,0,Low
C003146,15521,EU,Logistics,18888.06,2,341,0,0.892,550.0,Poor,5,SMS,1,0,DCA-02,2025-03-11,19,2025-03-30,Escalated,0,0.0,,,0,0,1,Low
C003147,16425,MEA,FMCG,32899.86,2,298,1,0.776,593.0,Fair,3,Email,0,0,DCA-05,2025-09-26,25,2025-10-21,Escalated,0,0.0,,,0,0,1,Low
C003148,18366,EU,Aviation,20000.89,6,308,1,0.798,651.3,Fair,7,Email,0,0,DCA-08,2025-08-11,19,2025-08-30,Escalated,0,0.0,,,0,0,1,Low
C003149,19895,NA,Aviation,8322.88,2,18,1,0.667,685.4,Good,4,Portal,0,0,DCA-04,2025-08-05,22,2025-08-27,In Progress,0,0.0,,,0,0,0,Low
C003150,11086,IND,Retail,7661.15,4,207,1,0.855,598.8,Fair,4,Email,0,0,DCA-04,2025-01-22,30,2025-02-21,Escalated,0,0.0,,,0,0,1,Low
C003151,17129,APAC,Healthcare,16479.9,7,135,1,0.655,626.0,Fair,4,Phone,0,0,DCA-05,2025-06-03,30,2025-07-03,Closed,1,14258.87,56.0,2025-07-29,0,1,0,Low
C003152,12251,EU,FMCG,12000.31,7,335,0,1.0,627.7,Fair,8,Email,0,0,DCA-09,2025-10-11,18,2025-10-29,Escalated,0,0.0,,,0,0,1,Low
C003153,11967,APAC,Technology,18217.33,4,270,1,0.839,618.8,Fair,5,Email,0,0,DCA-09,2025-06-05,19,2025-06-24,Closed,1,15210.12,69.0,2025-08-13,0,0,0,Low
C003154,17930,NA,FMCG,20357.51,1,237,1,0.946,710.7,Good,4,Phone,1,0,DCA-10,2025-01-01,28,2025-01-29,Escalated,0,0.0,,,0,0,1,Low
C003155,10686,NA,Manufacturing,28690.56,3,11,3,0.333,569.3,Poor,0,Phone,0,1,DCA-08,2025-04-19,8,2025-04-27,PTP,0,0.0,,,0,0,0,Low
C003156,18478,NA,Manufacturing,6048.19,5,319,1,0.554,517.0,Poor,3,Email,0,0,DCA-05,2025-09-26,30,2025-10-26,Escalated,0,0.0,,,0,0,1,Low
C003157,17705,IND,Retail,15601.67,3,179,0,0.713,653.0,Fair,0,SMS,0,0,DCA-06,2025-03-25,22,2025-04-16,In Progress,0,0.0,,,0,0,0,Low
C003158,19948,IND,Manufacturing,10358.55,6,59,1,0.885,647.4,Fair,1,Email,0,0,DCA-06,2025-02-27,8,2025-03-07,In Progress,0,0.0,,,0,0,0,Low
C003159,16679,IND,Retail,12468.43,7,319,1,0.747,685.5,Good,4,Phone,0,0,DCA-10,2025-10-20,20,2025-11-09,Escalated,0,0.0,,,0,0,1,Low
C003160,18729,APAC,Energy,24467.14,5,330,0,1.0,688.0,Good,3,Phone,0,1,DCA-08,2025-10-05,22,2025-10-27,PTP,0,0.0,,,0,0,1,Low
C003161,11185,APAC,Aviation,26401.82,5,181,1,0.844,708.6,Good,4,Phone,0,1,DCA-06,2025-08-23,20,2025-09-12,PTP,0,0.0,,,0,0,1,Low
C003162,18898,NA,Finance,35557.65,4,241,1,0.716,647.1,Fair,2,Phone,0,0,DCA-07,2025-02-02,30,2025-03-04,Escalated,0,0.0,,,0,0,1,Low
C003163,11603,APAC,Retail,17996.15,2,223,0,0.8,655.2,Fair,4,Email,0,1,DCA-10,2025-05-09,18,2025-05-27,PTP,0,0.0,,,0,0,1,Medium
C003164,13143,LATAM,Manufacturing,12369.49,5,111,0,0.68,637.9,Fair,3,Phone,0,0,DCA-02,2025-05-07,17,2025-05-24,Closed,1,9772.65,61.0,2025-07-07,0,0,0,Medium
C003165,11281,IND,Aviation,11192.34,7,273,1,0.597,572.6,Poor,4,Email,0,0,DCA-10,2025-06-04,11,2025-06-15,Closed,1,8601.99,72.0,2025-08-15,0,0,0,Low
C003166,14016,IND,FMCG,3966.63,5,364,1,1.0,665.2,Fair,6,Email,0,0,DCA-04,2025-10-08,16,2025-10-24,Escalated,0,0.0,,,0,0,1,Low
C003167,17489,IND,Aviation,34125.99,6,341,1,0.994,683.7,Good,3,Email,0,0,DCA-04,2025-12-27,19,2026-01-15,Escalated,0,0.0,,,0,0,1,Low
C003168,12680,IND,Finance,10664.45,7,251,1,0.738,568.6,Poor,2,Phone,0,0,DCA-03,2025-09-02,15,2025-09-17,Escalated,0,0.0,,,0,0,1,Low
C003169,18221,IND,Energy,19036.78,3,132,0,0.911,558.9,Poor,0,Portal,0,0,DCA-04,2025-02-20,8,2025-02-28,In Progress,0,0.0,,,0,0,0,Low
C003170,16062,EU,FMCG,21489.02,3,331,0,0.955,649.7,Fair,11,Email,0,1,DCA-06,2025-04-25,25,2025-05-20,PTP,0,0.0,,,0,0,1,Low
C003171,16289,NA,Healthcare,5587.45,7,338,0,0.735,599.0,Fair,1,SMS,1,0,DCA-02,2025-02-05,13,2025-02-18,Escalated,0,0.0,,,0,0,1,Low
C003172,19388,EU,Automotive,6999.94,4,3,1,0.947,686.3,Good,3,Phone,0,1,DCA-02,2025-06-30,23,2025-07-23,Closed,1,6667.66,35.0,2025-08-04,0,1,0,High
C003173,14318,NA,Technology,39454.92,6,124,0,0.711,683.1,Good,4,Email,0,1,DCA-03,2025-03-30,30,2025-04-29,Closed,1,33078.43,25.0,2025-04-24,1,1,0,High
C003174,13446,IND,Finance,16371.62,5,202,1,0.736,680.6,Good,2,Phone,0,0,DCA-01,2025-05-12,17,2025-05-29,Escalated,0,0.0,,,0,0,1,Low
C003175,19945,APAC,Energy,8898.07,1,211,1,0.54,487.0,Poor,7,Portal,0,1,DCA-07,2025-06-25,7,2025-07-02,PTP,0,0.0,,,0,0,1,Low
C003176,15570,NA,Retail,12228.9,3,260,0,0.81,692.7,Good,3,In-person,1,0,DCA-02,2025-01-05,21,2025-01-26,Escalated,0,0.0,,,0,0,1,Low
C003177,16146,APAC,Healthcare,28577.24,3,187,1,0.556,575.1,Poor,4,Phone,0,1,DCA-09,2025-08-23,8,2025-08-31,PTP,0,0.0,,,0,0,1,Low
C003178,12962,APAC,FMCG,25694.19,2,6,0,0.936,842.8,Excellent,1,Phone,0,0,DCA-04,2025-08-10,21,2025-08-31,In Progress,0,0.0,,,0,0,0,Medium
C003179,12154,EU,Finance,4787.4,6,61,1,0.905,728.9,Good,1,Email,0,0,DCA-05,2025-07-17,30,2025-08-16,In Progress,0,0.0,,,0,0,0,Low
C003180,11697,EU,Aviation,41940.14,7,278,0,0.629,564.1,Poor,2,Phone,1,0,DCA-10,2026-01-26,14,2026-02-09,Escalated,0,0.0,,,0,0,1,Low
C003181,12235,APAC,Energy,26273.17,7,253,1,0.937,661.0,Fair,4,Phone,0,1,DCA-01,2025-06-10,15,2025-06-25,PTP,0,0.0,,,0,0,1,Low
C003182,11951,EU,Technology,12007.27,2,238,0,1.0,850.0,Excellent,5,Email,0,0,DCA-07,2025-07-22,7,2025-07-29,Closed,1,9280.39,56.0,2025-09-16,0,1,0,Medium
C003183,17467,EU,Finance,5801.05,4,161,1,0.635,664.0,Fair,2,Phone,0,0,DCA-06,2025-07-28,13,2025-08-10,In Progress,0,0.0,,,0,0,0,Low
C003184,10579,MEA,FMCG,27939.76,2,101,1,0.627,552.4,Poor,4,Phone,0,0,DCA-07,2025-05-28,7,2025-06-04,In Progress,0,0.0,,,0,0,0,Low
C003185,16293,IND,Energy,18648.09,1,113,0,1.0,769.0,Very Good,5,Phone,0,1,DCA-10,2026-01-04,19,2026-01-23,PTP,0,0.0,,,0,0,0,Medium
C003186,19492,NA,Energy,4815.24,5,251,3,0.652,499.7,Poor,2,Phone,0,0,DCA-02,2025-07-15,17,2025-08-01,Escalated,0,0.0,,,0,0,1,Low
C003187,17655,IND,Manufacturing,11356.5,7,184,1,1.0,850.0,Excellent,3,Portal,0,0,DCA-07,2026-01-12,21,2026-02-02,Closed,1,10662.71,61.0,2026-03-14,0,0,0,Medium
C003188,14028,APAC,Energy,119171.76,1,48,3,0.841,671.7,Good,3,Email,0,1,DCA-07,2025-10-10,23,2025-11-02,PTP,0,0.0,,,0,0,0,Low
C003189,10594,IND,Finance,13514.94,5,146,0,0.818,647.3,Fair,4,Portal,0,0,DCA-05,2026-01-07,7,2026-01-14,Closed,1,12286.67,62.0,2026-03-10,0,0,0,Medium
C003190,18341,LATAM,Healthcare,7947.56,1,300,2,1.0,785.1,Very Good,5,Phone,0,1,DCA-02,2025-02-09,29,2025-03-10,PTP,0,0.0,,,0,0,1,Low
C003191,10031,IND,FMCG,6594.9,6,219,0,0.725,622.9,Fair,2,Phone,0,1,DCA-02,2025-09-01,13,2025-09-14,Closed,1,6330.48,37.0,2025-10-08,0,1,0,Medium
C003192,16813,NA,Automotive,46187.72,1,316,0,0.655,539.6,Poor,4,Phone,1,0,DCA-05,2025-06-26,27,2025-07-23,Escalated,0,0.0,,,0,0,1,Low
C003193,16709,NA,Finance,24183.64,4,186,0,0.901,665.4,Fair,2,Email,0,0,DCA-07,2025-07-06,29,2025-08-04,Closed,1,19052.33,57.0,2025-09-01,0,1,0,Medium
C003194,11919,NA,Technology,35782.26,1,177,0,0.792,598.8,Fair,3,Email,1,0,DCA-06,2025-03-10,15,2025-03-25,Escalated,0,0.0,,,0,0,1,Low
C003195,17398,NA,FMCG,15894.52,3,346,1,0.912,561.5,Poor,4,Phone,0,1,DCA-02,2025-11-21,25,2025-12-16,PTP,0,0.0,,,0,0,1,Low
C003196,11754,LATAM,Aviation,32138.61,4,185,2,0.844,774.5,Very Good,0,Portal,0,0,DCA-01,2025-09-13,19,2025-10-02,Escalated,0,0.0,,,0,0,1,Low
C003197,12256,APAC,Logistics,7377.39,4,50,1,0.725,648.3,Fair,1,Portal,0,1,DCA-04,2025-07-02,22,2025-07-24,PTP,0,0.0,,,0,0,0,Low
C003198,18119,MEA,Energy,14970.15,6,147,1,0.744,537.5,Poor,7,Email,0,0,DCA-02,2026-01-12,17,2026-01-29,In Progress,0,0.0,,,0,0,0,Low
C003199,19791,IND,Logistics,16332.91,7,236,1,0.62,542.0,Poor,2,Email,1,0,DCA-02,2025-06-22,9,2025-07-01,Escalated,0,0.0,,,0,0,1,Low
C003200,12647,NA,Aviation,35161.71,3,126,1,1.0,733.2,Good,4,Phone,0,0,DCA-07,2025-04-03,11,2025-04-14,In Progress,0,0.0,,,0,0,0,Low
C003201,19213,EU,Logistics,16700.44,7,150,0,1.0,740.7,Very Good,8,Phone,0,0,DCA-05,2025-08-10,12,2025-08-22,Closed,1,12546.58,50.0,2025-09-29,0,1,0,Medium
C003202,19132,EU,FMCG,8622.6,3,318,1,0.928,640.6,Fair,4,Email,0,1,DCA-07,2025-06-04,11,2025-06-15,PTP,0,0.0,,,0,0,1,Medium
C003203,17694,MEA,Automotive,13972.57,1,159,0,1.0,789.6,Very Good,5,Phone,0,0,DCA-04,2025-07-03,23,2025-07-26,In Progress,0,0.0,,,0,0,0,Low
C003204,11400,NA,Manufacturing,4131.97,5,111,0,0.804,687.7,Good,1,Phone,0,1,DCA-01,2025-04-18,27,2025-05-15,PTP,0,0.0,,,0,0,0,Medium
C003205,12994,EU,Aviation,2631.53,6,40,0,0.77,649.4,Fair,3,Portal,0,0,DCA-01,2025-08-18,9,2025-08-27,In Progress,0,0.0,,,0,0,0,Medium
C003206,16777,APAC,Automotive,23907.3,3,147,0,0.996,767.4,Very Good,3,Email,0,0,DCA-01,2025-06-02,9,2025-06-11,Closed,1,18131.64,61.0,2025-08-02,0,0,0,Medium
C003207,19992,NA,Aviation,10277.16,5,280,1,0.766,579.6,Poor,5,Portal,0,1,DCA-09,2025-12-20,16,2026-01-05,PTP,0,0.0,,,0,0,1,Low
C003208,18144,IND,Automotive,11125.64,4,110,1,0.87,627.0,Fair,1,Portal,0,0,DCA-10,2025-07-01,8,2025-07-09,Closed,1,11125.64,52.0,2025-08-22,0,1,0,Low
C003209,14202,IND,Energy,23900.69,2,172,0,0.739,688.0,Good,2,Phone,0,0,DCA-02,2025-01-27,29,2025-02-25,Closed,1,20053.83,53.0,2025-03-21,0,1,0,Low
C003210,12352,IND,Energy,35521.99,3,240,2,0.975,712.3,Good,2,Portal,0,0,DCA-10,2025-11-04,13,2025-11-17,Escalated,0,0.0,,,0,0,1,Low
C003211,19603,APAC,Energy,19421.61,3,338,0,1.0,755.0,Very Good,6,Phone,0,0,DCA-03,2025-08-11,25,2025-09-05,Escalated,0,0.0,,,0,0,1,Low
C003212,12762,LATAM,Logistics,51516.17,3,297,0,0.956,635.2,Fair,5,Phone,0,1,DCA-07,2025-08-10,18,2025-08-28,PTP,0,0.0,,,0,0,1,Low
C003213,13422,NA,Healthcare,18994.08,7,105,3,1.0,704.6,Good,2,Phone,0,0,DCA-04,2025-02-19,16,2025-03-07,In Progress,0,0.0,,,0,0,0,Low
C003214,19645,IND,Healthcare,16507.16,3,60,0,0.768,704.9,Good,2,Phone,0,1,DCA-07,2025-07-17,8,2025-07-25,Closed,1,16507.16,25.0,2025-08-11,1,1,0,High
C003215,15616,NA,Technology,15808.01,5,245,0,0.658,625.1,Fair,4,Email,0,0,DCA-09,2025-11-03,17,2025-11-20,Escalated,0,0.0,,,0,0,1,Low
C003216,12645,LATAM,Healthcare,5432.49,1,93,0,0.844,650.6,Fair,2,Email,1,0,DCA-09,2025-01-12,15,2025-01-27,Escalated,0,0.0,,,0,0,1,Low
C003217,10053,NA,Energy,26087.17,3,143,0,0.924,666.3,Fair,4,SMS,0,1,DCA-09,2025-08-02,12,2025-08-14,Closed,1,26087.17,39.0,2025-09-10,0,1,0,Medium
C003218,14299,IND,Technology,2411.91,7,38,0,0.92,635.7,Fair,3,Email,0,1,DCA-03,2025-01-17,26,2025-02-12,PTP,0,0.0,,,0,0,0,Medium
C003219,19860,APAC,Finance,8862.84,7,282,1,0.665,575.7,Poor,2,Phone,0,1,DCA-08,2025-02-19,7,2025-02-26,PTP,0,0.0,,,0,0,1,Low
C003220,14325,NA,Logistics,13575.9,7,59,1,0.762,669.6,Fair,2,Portal,0,1,DCA-04,2025-12-07,15,2025-12-22,Closed,1,13575.9,27.0,2026-01-03,1,1,0,Medium
C003221,16995,NA,FMCG,7686.08,1,139,0,0.628,630.9,Fair,6,Phone,0,0,DCA-02,2025-08-18,7,2025-08-25,In Progress,0,0.0,,,0,0,0,Low
C003222,12530,EU,Aviation,9737.8,7,149,0,0.708,695.8,Good,3,SMS,0,0,DCA-04,2025-11-24,21,2025-12-15,In Progress,0,0.0,,,0,0,0,Low
C003223,17756,IND,Finance,48414.9,2,16,1,0.878,793.9,Very Good,4,Portal,0,0,DCA-04,2025-05-10,20,2025-05-30,In Progress,0,0.0,,,0,0,0,Low
C003224,17757,NA,Logistics,28935.28,1,283,1,0.773,611.0,Fair,4,Email,0,0,DCA-06,2025-02-24,30,2025-03-26,Closed,1,26327.74,73.0,2025-05-08,0,0,0,Low
C003225,16083,APAC,Retail,8266.12,1,226,0,1.0,673.1,Good,3,Email,0,0,DCA-07,2025-02-09,9,2025-02-18,Escalated,0,0.0,,,0,0,1,Medium
C003226,17718,EU,Healthcare,9617.15,6,198,1,0.601,626.7,Fair,2,Phone,0,0,DCA-04,2025-12-14,23,2026-01-06,Escalated,0,0.0,,,0,0,1,Low
C003227,15788,MEA,Manufacturing,5464.88,5,65,1,0.887,721.9,Good,10,Portal,0,0,DCA-09,2025-12-15,26,2026-01-10,In Progress,0,0.0,,,0,0,0,Medium
C003228,13783,IND,Manufacturing,21883.66,5,20,2,0.799,726.8,Good,2,Phone,0,1,DCA-01,2026-01-22,23,2026-02-14,Closed,1,18646.55,37.0,2026-02-28,0,1,0,Medium
C003229,17378,IND,FMCG,11216.94,7,21,0,0.916,721.2,Good,2,Email,1,0,DCA-09,2025-07-22,29,2025-08-20,Dispute,0,0.0,,,0,0,0,Low
C003230,18351,APAC,Energy,3372.72,1,228,0,0.845,682.7,Good,4,Phone,0,1,DCA-08,2025-10-10,30,2025-11-09,PTP,0,0.0,,,0,0,1,Medium
C003231,18410,APAC,Technology,14336.28,1,273,1,1.0,680.5,Good,5,Phone,0,0,DCA-04,2025-03-20,8,2025-03-28,Escalated,0,0.0,,,0,0,1,Low
C003232,12130,EU,Manufacturing,18165.6,7,290,1,0.928,618.2,Fair,5,Phone,0,0,DCA-07,2025-07-03,9,2025-07-12,Escalated,0,0.0,,,0,0,1,Medium
C003233,16765,IND,FMCG,26217.93,5,292,3,0.809,582.5,Fair,5,Email,0,0,DCA-05,2025-06-25,11,2025-07-06,Escalated,0,0.0,,,0,0,1,Low
C003234,10043,IND,Healthcare,12691.04,6,144,0,0.921,626.8,Fair,4,Portal,0,0,DCA-02,2025-03-29,29,2025-04-27,In Progress,0,0.0,,,0,0,0,Low
C003235,15719,EU,Automotive,10292.08,4,1,0,1.0,705.9,Good,1,Phone,0,0,DCA-10,2025-03-01,11,2025-03-12,In Progress,0,0.0,,,0,0,0,High
C003236,15711,MEA,Healthcare,53657.97,2,90,2,0.79,584.5,Fair,1,SMS,1,0,DCA-04,2025-12-17,10,2025-12-27,Dispute,0,0.0,,,0,0,0,Low
C003237,13634,IND,Aviation,13421.46,4,287,1,0.89,645.7,Fair,6,Email,1,0,DCA-09,2025-06-04,19,2025-06-23,Escalated,0,0.0,,,0,0,1,Low
C003238,19940,IND,Retail,22107.97,7,279,0,1.0,642.7,Fair,7,Email,0,1,DCA-08,2025-05-20,7,2025-05-27,PTP,0,0.0,,,0,0,1,Medium
C003239,18829,LATAM,Technology,9157.44,1,185,0,0.877,703.2,Good,4,Email,0,0,DCA-08,2025-07-20,24,2025-08-13,Closed,1,8614.98,67.0,2025-09-25,0,0,0,Medium
C003240,10386,APAC,FMCG,21653.81,1,9,1,0.954,850.0,Excellent,2,Phone,0,0,DCA-01,2025-04-05,18,2025-04-23,In Progress,0,0.0,,,0,0,0,Low
C003241,12088,LATAM,Retail,4822.56,3,283,1,0.928,457.7,Poor,7,Portal,1,0,DCA-09,2025-02-23,30,2025-03-25,Escalated,0,0.0,,,0,0,1,Low
C003242,12079,NA,Retail,9667.77,4,297,1,0.555,549.3,Poor,4,Portal,0,0,DCA-05,2025-08-16,28,2025-09-13,Escalated,0,0.0,,,0,0,1,Low
C003243,18975,IND,Automotive,5734.23,5,83,1,0.726,607.8,Fair,1,Email,0,0,DCA-09,2025-12-11,19,2025-12-30,In Progress,0,0.0,,,0,0,0,Medium
C003244,15189,NA,Healthcare,8747.46,2,293,0,0.73,728.7,Good,2,Email,0,0,DCA-04,2025-12-24,14,2026-01-07,Escalated,0,0.0,,,0,0,1,Low
C003245,17288,NA,Technology,32058.87,7,233,1,0.531,561.6,Poor,7,Phone,0,0,DCA-07,2025-03-22,7,2025-03-29,Escalated,0,0.0,,,0,0,1,Low
C003246,18099,LATAM,Manufacturing,8702.55,2,324,0,0.773,646.6,Fair,7,Email,0,0,DCA-04,2025-12-10,9,2025-12-19,Escalated,0,0.0,,,0,0,1,Low
C003247,17676,APAC,Manufacturing,22087.77,2,229,0,0.802,691.0,Good,6,Phone,0,1,DCA-08,2025-05-18,8,2025-05-26,Closed,1,20476.24,31.0,2025-06-18,0,1,0,Medium
C003248,10890,NA,FMCG,38641.64,7,33,0,0.714,614.1,Fair,0,Email,0,0,DCA-10,2025-11-16,7,2025-11-23,In Progress,0,0.0,,,0,0,0,Medium
C003249,11403,LATAM,Aviation,13104.3,3,236,0,0.836,601.7,Fair,7,Portal,0,1,DCA-04,2025-05-04,18,2025-05-22,PTP,0,0.0,,,0,0,1,Low
C003250,13952,MEA,FMCG,26786.06,5,40,4,0.465,537.0,Poor,2,Phone,0,0,DCA-04,2025-05-03,16,2025-05-19,In Progress,0,0.0,,,0,0,0,Low
C003251,13383,APAC,Finance,19375.41,4,95,1,0.725,648.7,Fair,2,Email,0,0,DCA-08,2025-06-22,9,2025-07-01,In Progress,0,0.0,,,0,0,0,Low
C003252,17470,LATAM,Automotive,14494.23,2,318,0,1.0,628.1,Fair,4,SMS,1,1,DCA-05,2025-10-29,30,2025-11-28,Closed,1,13006.33,57.0,2025-12-25,0,1,1,Low
C003253,11562,NA,Retail,22589.06,4,353,0,1.0,648.8,Fair,10,Portal,0,0,DCA-03,2025-06-13,29,2025-07-12,Escalated,0,0.0,,,0,0,1,Low
C003254,13715,IND,Energy,48433.97,6,173,0,1.0,701.3,Good,4,Portal,0,1,DCA-10,2025-12-21,23,2026-01-13,PTP,0,0.0,,,0,0,0,Medium
C003255,12365,IND,FMCG,8551.93,1,106,0,0.686,726.3,Good,2,Email,1,0,DCA-01,2025-12-20,28,2026-01-17,Closed,1,6841.41,64.0,2026-02-22,0,0,1,Low
C003256,11888,LATAM,FMCG,6826.45,7,143,1,0.855,663.7,Fair,2,Phone,0,0,DCA-09,2025-11-28,19,2025-12-17,Closed,1,4678.64,69.0,2026-02-05,0,0,0,Low
C003257,11728,APAC,Energy,6551.57,2,89,1,1.0,626.7,Fair,4,Email,0,0,DCA-01,2025-03-22,16,2025-04-07,In Progress,0,0.0,,,0,0,0,Medium
C003258,11954,MEA,Technology,26798.46,7,209,1,0.644,687.7,Good,2,In-person,1,1,DCA-07,2025-08-30,11,2025-09-10,Escalated,0,0.0,,,0,0,1,Low
C003259,15643,IND,Retail,29453.19,7,154,0,1.0,716.5,Good,8,Phone,0,1,DCA-04,2025-04-15,22,2025-05-07,PTP,0,0.0,,,0,0,0,Medium
C003260,14100,NA,Automotive,9173.5,7,22,0,0.85,659.8,Fair,0,SMS,0,0,DCA-07,2025-08-12,29,2025-09-10,Closed,1,8039.19,42.0,2025-09-23,0,1,0,Medium
C003261,14352,APAC,Energy,2995.27,5,223,1,0.689,570.1,Poor,4,Email,0,0,DCA-07,2025-02-03,29,2025-03-04,Closed,1,2153.03,65.0,2025-04-09,0,0,0,Low
C003262,14794,APAC,Retail,8330.43,7,235,1,0.811,618.4,Fair,3,Email,0,0,DCA-03,2025-11-30,8,2025-12-08,Escalated,0,0.0,,,0,0,1,Low
C003263,17410,NA,Energy,19604.18,7,243,1,0.883,604.0,Fair,2,Phone,0,1,DCA-04,2025-05-15,7,2025-05-22,PTP,0,0.0,,,0,0,1,Low
C003264,18618,APAC,Healthcare,12750.09,5,345,0,1.0,682.8,Good,0,Phone,0,1,DCA-08,2025-07-26,7,2025-08-02,PTP,0,0.0,,,0,0,1,Low
C003265,15264,IND,Manufacturing,15157.39,7,257,1,0.879,565.5,Poor,6,Email,0,0,DCA-01,2025-05-07,10,2025-05-17,Closed,1,12933.57,68.0,2025-07-14,0,0,0,Low
C003266,16422,NA,Automotive,9261.85,3,246,1,1.0,788.9,Very Good,3,Email,0,0,DCA-04,2025-04-08,14,2025-04-22,Escalated,0,0.0,,,0,0,1,Low
C003267,17385,NA,Finance,27169.83,6,78,2,0.726,656.8,Fair,2,Phone,0,1,DCA-02,2025-04-08,20,2025-04-28,PTP,0,0.0,,,0,0,0,Low
C003268,16904,LATAM,Technology,16987.52,7,170,2,0.553,479.0,Poor,4,Email,0,0,DCA-05,2025-06-28,17,2025-07-15,In Progress,0,0.0,,,0,0,0,Low
C003269,11342,NA,Automotive,20141.23,5,159,0,1.0,739.3,Good,4,Email,0,1,DCA-02,2025-10-26,23,2025-11-18,PTP,0,0.0,,,0,0,0,Medium
C003270,19829,NA,Manufacturing,14933.26,1,350,0,0.552,625.1,Fair,4,SMS,0,0,DCA-07,2025-12-02,28,2025-12-30,Escalated,0,0.0,,,0,0,1,Low
C003271,11648,IND,Automotive,19284.51,2,173,2,0.778,610.3,Fair,1,Portal,0,0,DCA-08,2025-04-12,8,2025-04-20,In Progress,0,0.0,,,0,0,0,Low
C003272,14118,APAC,Retail,18416.46,2,251,0,0.722,716.1,Good,8,SMS,0,1,DCA-03,2025-01-08,24,2025-02-01,PTP,0,0.0,,,0,0,1,Medium
C003273,16526,NA,Finance,6976.81,4,197,4,0.561,617.0,Fair,6,Email,1,0,DCA-06,2025-03-17,21,2025-04-07,Escalated,0,0.0,,,0,0,1,Low
C003274,14033,APAC,FMCG,17346.47,4,21,3,0.912,644.4,Fair,4,Email,0,0,DCA-05,2025-06-13,16,2025-06-29,In Progress,0,0.0,,,0,0,0,Low
C003275,12431,NA,Technology,23249.89,6,341,0,0.768,604.9,Fair,7,Email,0,1,DCA-03,2025-08-28,23,2025-09-20,PTP,0,0.0,,,0,0,1,Low
C003276,19233,EU,Energy,29989.39,2,244,0,0.474,613.4,Fair,5,Email,0,1,DCA-08,2025-12-05,22,2025-12-27,PTP,0,0.0,,,0,0,1,Medium
C003277,10715,LATAM,Automotive,17877.08,2,84,1,0.829,685.3,Good,4,Email,0,1,DCA-03,2025-06-27,13,2025-07-10,PTP,0,0.0,,,0,0,0,Medium
C003278,12458,NA,Energy,6797.6,5,22,1,0.713,569.5,Poor,2,Email,0,0,DCA-06,2025-08-03,24,2025-08-27,Closed,1,5611.74,56.0,2025-09-28,0,1,0,Low
C003279,19929,IND,Healthcare,7570.98,1,342,0,0.615,597.1,Fair,12,Phone,0,1,DCA-09,2025-06-05,16,2025-06-21,PTP,0,0.0,,,0,0,1,Low
C003280,17298,EU,Aviation,9851.67,7,112,0,0.891,701.9,Good,2,Phone,0,0,DCA-07,2025-06-05,11,2025-06-16,Closed,1,8304.67,40.0,2025-07-15,0,1,0,Medium
C003281,10869,EU,Finance,15254.42,1,7,0,1.0,754.2,Very Good,3,Email,1,0,DCA-04,2025-10-25,30,2025-11-24,Dispute,0,0.0,,,0,0,0,Low
C003282,17545,MEA,Manufacturing,12264.14,4,225,0,0.909,635.0,Fair,4,Phone,0,0,DCA-06,2025-10-09,15,2025-10-24,Escalated,0,0.0,,,0,0,1,Low
C003283,19695,IND,Automotive,6083.82,7,6,2,0.944,688.6,Good,5,Phone,0,0,DCA-09,2025-10-09,20,2025-10-29,Closed,1,5472.47,45.0,2025-11-23,0,1,0,Low
C003284,10977,NA,Energy,6058.37,4,79,0,0.931,745.3,Very Good,6,Email,0,0,DCA-07,2025-08-31,12,2025-09-12,Closed,1,5807.01,33.0,2025-10-03,0,1,0,Medium
C003285,14140,APAC,Energy,3074.92,6,326,0,1.0,707.1,Good,3,Portal,0,0,DCA-06,2025-11-13,19,2025-12-02,Escalated,0,0.0,,,0,0,1,Low
C003286,14682,MEA,Automotive,1504.73,3,14,0,0.991,692.9,Good,1,In-person,0,0,DCA-04,2025-08-11,26,2025-09-06,In Progress,0,0.0,,,0,0,0,Medium
C003287,11310,IND,Automotive,12182.46,6,274,3,0.682,593.5,Fair,1,Email,0,0,DCA-08,2026-01-16,14,2026-01-30,Escalated,0,0.0,,,0,0,1,Low
C003288,12005,NA,Retail,67789.41,5,225,2,0.666,614.5,Fair,4,Email,0,0,DCA-02,2025-04-02,28,2025-04-30,Escalated,0,0.0,,,0,0,1,Low
C003289,11737,IND,Automotive,46992.61,4,112,0,0.77,690.7,Good,2,Email,0,0,DCA-08,2025-09-15,18,2025-10-03,In Progress,0,0.0,,,0,0,0,Low
C003290,11853,NA,Retail,6736.11,1,105,0,0.792,720.4,Good,6,SMS,0,0,DCA-06,2025-12-30,28,2026-01-27,In Progress,0,0.0,,,0,0,0,Low
C003291,14035,IND,Healthcare,14837.79,7,173,0,0.867,613.2,Fair,4,Phone,0,0,DCA-01,2025-03-13,9,2025-03-22,In Progress,0,0.0,,,0,0,0,Low
C003292,14638,NA,Healthcare,4792.44,1,194,1,0.828,646.7,Fair,3,In-person,0,1,DCA-09,2025-02-03,21,2025-02-24,PTP,0,0.0,,,0,0,1,Low
C003293,12379,LATAM,Automotive,5332.22,3,325,0,1.0,698.2,Good,4,Phone,0,0,DCA-06,2025-01-11,25,2025-02-05,Escalated,0,0.0,,,0,0,1,Low
C003294,12894,EU,Energy,5777.75,5,96,0,0.699,563.4,Poor,6,Email,0,0,DCA-07,2025-10-01,15,2025-10-16,In Progress,0,0.0,,,0,0,0,Medium
C003295,11922,EU,Technology,11408.92,6,215,2,0.921,573.1,Poor,2,Portal,0,0,DCA-06,2025-01-19,21,2025-02-09,Escalated,0,0.0,,,0,0,1,Low
C003296,17960,EU,Aviation,11757.87,4,250,1,0.75,548.2,Poor,5,SMS,0,0,DCA-10,2025-09-22,19,2025-10-11,Escalated,0,0.0,,,0,0,1,Low
C003297,12117,MEA,Logistics,15944.85,3,5,1,0.713,690.5,Good,3,Email,1,1,DCA-06,2025-07-17,17,2025-08-03,Dispute,0,0.0,,,0,0,0,Low
C003298,19076,APAC,Automotive,21252.96,3,327,1,0.789,592.3,Fair,8,Email,0,1,DCA-08,2025-02-21,28,2025-03-21,PTP,0,0.0,,,0,0,1,Low
C003299,15388,IND,Manufacturing,10553.19,7,362,3,1.0,598.3,Fair,4,Portal,1,0,DCA-06,2025-05-06,10,2025-05-16,Escalated,0,0.0,,,0,0,1,Low
C003300,18027,NA,Finance,13702.61,3,32,0,0.82,640.9,Fair,1,In-person,0,0,DCA-09,2025-02-09,23,2025-03-04,In Progress,0,0.0,,,0,0,0,Medium
C003301,16363,NA,Technology,6212.58,6,96,0,1.0,763.4,Very Good,4,SMS,0,1,DCA-08,2025-05-09,7,2025-05-16,Closed,1,5686.41,25.0,2025-06-03,1,1,0,Medium
C003302,12660,NA,Logistics,5212.69,1,287,0,1.0,691.1,Good,3,Email,0,0,DCA-10,2025-05-16,26,2025-06-11,Escalated,0,0.0,,,0,0,1,Low
C003303,16013,IND,Automotive,4678.44,5,295,0,0.994,685.5,Good,5,Email,0,1,DCA-06,2025-11-16,17,2025-12-03,Closed,1,4075.68,44.0,2025-12-30,0,1,0,Medium
C003304,12741,LATAM,Logistics,21046.16,5,57,1,0.815,749.2,Very Good,2,Phone,0,1,DCA-04,2025-02-01,9,2025-02-10,PTP,0,0.0,,,0,0,0,Medium
C003305,11185,LATAM,Logistics,10545.61,5,334,0,0.742,560.3,Poor,8,Email,0,1,DCA-10,2025-09-12,12,2025-09-24,PTP,0,0.0,,,0,0,1,Low
C003306,12547,IND,Logistics,3605.5,3,120,0,0.81,614.9,Fair,3,Email,0,1,DCA-07,2026-01-12,19,2026-01-31,Closed,1,2771.02,37.0,2026-02-18,0,1,0,High
C003307,12756,APAC,FMCG,12782.57,5,107,3,0.898,566.5,Poor,4,Email,0,0,DCA-07,2025-04-19,21,2025-05-10,In Progress,0,0.0,,,0,0,0,Low
C003308,11350,EU,Technology,5573.76,4,131,1,0.807,627.4,Fair,2,Phone,0,0,DCA-08,2025-12-06,26,2026-01-01,In Progress,0,0.0,,,0,0,0,Low
C003309,10236,NA,Logistics,42713.28,5,245,0,0.906,689.6,Good,7,Phone,0,0,DCA-06,2025-11-16,27,2025-12-13,Escalated,0,0.0,,,0,0,1,Low
C003310,19437,EU,Healthcare,8909.07,7,76,0,0.926,686.1,Good,0,In-person,0,0,DCA-08,2026-01-10,19,2026-01-29,Closed,1,7854.71,58.0,2026-03-09,0,1,0,Medium
C003311,15134,APAC,Aviation,21526.81,5,198,1,0.953,683.6,Good,6,Email,0,1,DCA-10,2025-04-28,11,2025-05-09,PTP,0,0.0,,,0,0,1,Medium
C003312,14020,NA,Retail,28631.82,6,28,0,0.914,725.9,Good,2,Portal,0,1,DCA-08,2026-01-27,14,2026-02-10,Closed,1,26606.63,21.0,2026-02-17,1,1,0,High
C003313,19299,IND,Automotive,6846.89,7,54,0,0.842,657.1,Fair,1,Email,0,0,DCA-08,2025-11-24,23,2025-12-17,In Progress,0,0.0,,,0,0,0,Medium
C003314,12246,APAC,Technology,14090.17,2,280,0,1.0,780.5,Very Good,4,Portal,0,1,DCA-07,2025-03-28,15,2025-04-12,PTP,0,0.0,,,0,0,1,Medium
C003315,14028,IND,Logistics,19681.37,5,140,2,0.195,552.6,Poor,0,Phone,0,0,DCA-07,2025-11-06,18,2025-11-24,Closed,1,13203.55,52.0,2025-12-28,0,1,0,Low
C003316,18466,MEA,Manufacturing,14485.19,5,289,2,0.809,592.5,Fair,1,Email,0,0,DCA-07,2025-11-01,8,2025-11-09,Escalated,0,0.0,,,0,0,1,Low
C003317,16320,LATAM,Logistics,17201.82,5,269,1,0.819,657.6,Fair,6,Portal,0,0,DCA-10,2025-02-03,22,2025-02-25,Escalated,0,0.0,,,0,0,1,Low
C003318,13991,MEA,Manufacturing,5267.23,1,363,0,0.422,503.5,Poor,7,Phone,0,1,DCA-07,2025-06-30,28,2025-07-28,PTP,0,0.0,,,0,0,1,Low
C003319,12558,MEA,FMCG,19689.2,6,51,1,0.793,657.6,Fair,2,Phone,0,0,DCA-01,2025-12-13,29,2026-01-11,In Progress,0,0.0,,,0,0,0,Medium
C003320,10351,APAC,Automotive,9506.06,2,341,1,0.945,621.9,Fair,5,Portal,0,0,DCA-02,2025-01-18,23,2025-02-10,Escalated,0,0.0,,,0,0,1,Low
C003321,10850,MEA,FMCG,17062.12,3,325,0,0.951,627.1,Fair,3,Phone,0,0,DCA-03,2026-01-18,9,2026-01-27,Escalated,0,0.0,,,0,0,1,Low
C003322,11619,IND,Healthcare,25437.82,5,159,1,0.744,555.7,Poor,2,Email,0,0,DCA-07,2025-07-23,28,2025-08-20,In Progress,0,0.0,,,0,0,0,Low
C003323,17866,IND,Technology,21336.32,2,50,0,0.917,733.7,Good,7,Email,0,1,DCA-02,2025-05-22,17,2025-06-08,Closed,1,21336.32,27.0,2025-06-18,1,1,0,High
C003324,16392,MEA,Manufacturing,17053.38,1,49,1,0.722,701.3,Good,4,Email,0,0,DCA-09,2025-02-02,10,2025-02-12,In Progress,0,0.0,,,0,0,0,Medium
C003325,14334,IND,Logistics,20941.54,5,186,0,0.799,575.1,Poor,4,Portal,1,0,DCA-02,2025-08-29,8,2025-09-06,Escalated,0,0.0,,,0,0,1,Low
C003326,17829,NA,Automotive,21631.11,2,4,1,0.85,660.4,Fair,3,In-person,0,0,DCA-09,2026-01-25,12,2026-02-06,In Progress,0,0.0,,,0,0,0,Medium
C003327,11607,EU,Retail,38057.4,6,35,0,0.842,604.9,Fair,2,Phone,0,1,DCA-10,2025-06-13,8,2025-06-21,PTP,0,0.0,,,0,0,0,Medium
C003328,12109,LATAM,Retail,13045.06,7,194,3,0.724,556.1,Poor,6,Phone,0,0,DCA-10,2025-11-25,20,2025-12-15,Escalated,0,0.0,,,0,0,1,Low
C003329,13927,NA,Retail,14984.47,3,205,3,0.64,502.3,Poor,8,Email,0,0,DCA-01,2025-05-07,22,2025-05-29,Escalated,0,0.0,,,0,0,1,Low
C003330,19173,MEA,Automotive,25653.79,6,314,0,0.722,575.7,Poor,6,Portal,0,0,DCA-05,2025-11-23,9,2025-12-02,Escalated,0,0.0,,,0,0,1,Medium
C003331,16142,IND,Automotive,9478.0,2,355,1,0.967,557.8,Poor,5,Phone,1,1,DCA-08,2026-01-15,23,2026-02-07,Escalated,0,0.0,,,0,0,1,Low
C003332,18509,NA,Technology,5246.48,7,98,1,0.897,682.1,Good,2,Phone,0,0,DCA-10,2025-01-31,21,2025-02-21,In Progress,0,0.0,,,0,0,0,Medium
C003333,12481,MEA,Retail,18868.73,2,121,2,0.693,636.8,Fair,4,In-person,0,0,DCA-06,2025-04-17,26,2025-05-13,In Progress,0,0.0,,,0,0,0,Low
C003334,18483,NA,Healthcare,11565.52,7,73,1,1.0,692.5,Good,1,SMS,0,0,DCA-03,2025-01-04,14,2025-01-18,In Progress,0,0.0,,,0,0,0,Medium
C003335,10724,NA,Manufacturing,5737.22,6,82,1,0.728,726.8,Good,1,SMS,0,1,DCA-04,2025-11-01,8,2025-11-09,PTP,0,0.0,,,0,0,0,Low
C003336,12276,NA,Retail,18965.55,3,160,0,0.979,777.6,Very Good,3,Phone,0,1,DCA-04,2025-04-16,11,2025-04-27,PTP,0,0.0,,,0,0,0,Medium
C003337,15230,EU,Healthcare,36380.68,6,362,0,0.91,646.3,Fair,6,Email,0,0,DCA-08,2026-01-17,13,2026-01-30,Escalated,0,0.0,,,0,0,1,Low
C003338,10505,IND,Healthcare,4269.19,5,326,0,0.955,624.1,Fair,3,Email,0,0,DCA-10,2025-11-25,15,2025-12-10,Escalated,0,0.0,,,0,0,1,Low
C003339,18582,APAC,Manufacturing,27326.92,5,333,0,0.999,683.2,Good,2,Phone,0,0,DCA-05,2025-02-27,18,2025-03-17,Escalated,0,0.0,,,0,0,1,Low
C003340,18674,NA,Energy,2262.11,3,165,2,0.52,513.5,Poor,2,SMS,0,0,DCA-10,2025-08-18,29,2025-09-16,In Progress,0,0.0,,,0,0,0,Low
C003341,15414,IND,Finance,10095.04,2,240,2,1.0,586.5,Fair,5,SMS,0,0,DCA-07,2025-06-30,22,2025-07-22,Escalated,0,0.0,,,0,0,1,Low
C003342,13058,APAC,Logistics,48453.56,5,264,0,0.88,757.5,Very Good,4,Portal,0,1,DCA-05,2025-09-15,21,2025-10-06,PTP,0,0.0,,,0,0,1,Medium
C003343,10989,APAC,Healthcare,10616.59,1,89,0,0.981,701.5,Good,5,Email,0,1,DCA-02,2025-08-22,27,2025-09-18,PTP,0,0.0,,,0,0,0,Medium
C003344,16189,MEA,Aviation,14227.85,3,169,3,0.685,622.6,Fair,4,Phone,0,0,DCA-06,2025-02-20,21,2025-03-13,In Progress,0,0.0,,,0,0,0,Low
C003345,15376,IND,Logistics,22788.39,1,201,2,0.72,546.4,Poor,4,Portal,0,0,DCA-04,2025-09-07,10,2025-09-17,Escalated,0,0.0,,,0,0,1,Low
C003346,17599,LATAM,FMCG,4017.71,1,136,0,0.752,669.2,Fair,2,Phone,0,1,DCA-02,2025-07-01,25,2025-07-26,PTP,0,0.0,,,0,0,0,Medium
C003347,16025,LATAM,Energy,14051.25,1,173,0,1.0,721.3,Good,3,Email,0,0,DCA-09,2025-05-04,21,2025-05-25,In Progress,0,0.0,,,0,0,0,Medium
C003348,11282,NA,FMCG,13973.94,1,161,2,0.613,575.9,Poor,3,SMS,1,0,DCA-02,2025-07-03,26,2025-07-29,Escalated,0,0.0,,,0,0,1,Low
C003349,11217,NA,Healthcare,49198.81,7,23,1,0.757,757.3,Very Good,2,Email,0,0,DCA-10,2026-01-03,23,2026-01-26,Closed,1,38698.83,49.0,2026-02-21,0,1,0,Low
C003350,17808,EU,FMCG,5625.03,6,280,2,0.668,632.5,Fair,3,Phone,0,0,DCA-01,2026-01-22,20,2026-02-11,Escalated,0,0.0,,,0,0,1,Low
C003351,11590,APAC,Technology,10228.39,7,328,0,0.751,450.1,Poor,9,Phone,0,1,DCA-02,2025-05-10,8,2025-05-18,Closed,1,8996.56,63.0,2025-07-12,0,0,0,Low
C003352,19385,IND,Manufacturing,6975.44,1,275,0,0.975,697.3,Good,3,Email,0,0,DCA-08,2025-11-02,17,2025-11-19,Escalated,0,0.0,,,0,0,1,Low
C003353,11059,NA,Automotive,6476.35,7,340,1,0.702,697.9,Good,2,Portal,0,1,DCA-10,2025-11-06,12,2025-11-18,PTP,0,0.0,,,0,0,1,Low
C003354,17283,IND,Aviation,29412.7,5,158,0,0.898,623.4,Fair,1,Phone,0,1,DCA-01,2025-02-22,9,2025-03-03,Closed,1,27554.51,34.0,2025-03-28,0,1,0,Medium
C003355,19752,EU,Energy,13611.31,6,21,0,0.669,714.7,Good,0,Phone,0,0,DCA-03,2025-07-20,23,2025-08-12,Closed,1,11225.57,64.0,2025-09-22,0,0,0,Medium
C003356,14412,IND,Manufacturing,9055.28,7,98,0,1.0,826.1,Excellent,3,Portal,0,0,DCA-06,2025-07-01,25,2025-07-26,Closed,1,8545.22,64.0,2025-09-03,0,0,0,Medium
C003357,10567,EU,Energy,9297.57,2,311,0,0.621,567.8,Poor,6,Email,0,1,DCA-10,2025-07-08,9,2025-07-17,Closed,1,8615.58,57.0,2025-09-03,0,1,0,Low
C003358,18766,APAC,Aviation,9006.85,6,51,2,0.823,603.7,Fair,1,Phone,0,0,DCA-05,2025-11-01,12,2025-11-13,In Progress,0,0.0,,,0,0,0,Medium
C003359,11873,MEA,Finance,9588.67,5,200,0,0.954,708.8,Good,0,Phone,0,0,DCA-06,2026-01-15,26,2026-02-10,Escalated,0,0.0,,,0,0,1,Low
C003360,15274,IND,Logistics,5513.13,3,1,1,1.0,673.4,Good,2,Email,0,0,DCA-04,2025-11-06,10,2025-11-16,Closed,1,5513.13,43.0,2025-12-19,0,1,0,Medium
C003361,19845,EU,Energy,11146.59,4,118,0,0.93,725.5,Good,4,Email,0,0,DCA-02,2025-02-03,23,2025-02-26,In Progress,0,0.0,,,0,0,0,Medium
C003362,17447,IND,Finance,10389.55,2,42,0,0.845,701.4,Good,5,Phone,0,0,DCA-01,2025-06-29,29,2025-07-28,In Progress,0,0.0,,,0,0,0,Medium
C003363,10463,IND,Aviation,7860.0,2,42,0,0.738,698.6,Good,3,Portal,0,0,DCA-07,2026-01-13,29,2026-02-11,In Progress,0,0.0,,,0,0,0,Medium
C003364,18205,APAC,Technology,14891.3,7,60,0,0.848,690.9,Good,0,Phone,0,0,DCA-09,2025-11-22,22,2025-12-14,In Progress,0,0.0,,,0,0,0,Low
C003365,11612,NA,Finance,15802.49,6,196,0,0.737,539.9,Poor,8,Phone,0,1,DCA-02,2025-12-20,30,2026-01-19,PTP,0,0.0,,,0,0,1,Medium
C003366,17493,LATAM,FMCG,9048.43,4,252,0,0.838,633.1,Fair,2,Phone,0,0,DCA-06,2025-07-07,21,2025-07-28,Escalated,0,0.0,,,0,0,1,Low
C003367,16209,EU,Retail,12077.58,5,105,1,0.794,615.6,Fair,0,Email,0,0,DCA-08,2025-11-13,28,2025-12-11,Closed,1,10749.71,47.0,2025-12-30,0,1,0,Medium
C003368,12878,NA,Healthcare,60538.61,3,298,1,0.895,531.2,Poor,5,Email,0,0,DCA-03,2025-01-14,23,2025-02-06,Escalated,0,0.0,,,0,0,1,Low
C003369,14236,LATAM,Automotive,58941.65,2,143,0,0.601,662.0,Fair,6,Phone,1,1,DCA-04,2025-06-25,15,2025-07-10,Escalated,0,0.0,,,0,0,1,Low
C003370,11178,EU,Retail,6387.75,7,269,0,0.986,676.0,Good,4,Phone,0,1,DCA-10,2025-11-17,15,2025-12-02,Closed,1,6387.75,30.0,2025-12-17,1,1,0,Medium
C003371,19867,EU,Healthcare,7043.68,7,193,2,0.676,622.7,Fair,1,Email,0,0,DCA-04,2025-07-19,24,2025-08-12,Escalated,0,0.0,,,0,0,1,Low
C003372,12383,IND,Energy,6364.03,2,264,0,1.0,682.4,Good,1,Email,0,0,DCA-03,2026-01-28,28,2026-02-25,Escalated,0,0.0,,,0,0,1,Medium
C003373,13086,NA,Logistics,27999.38,6,357,1,0.863,592.9,Fair,4,SMS,0,0,DCA-01,2025-01-16,15,2025-01-31,Escalated,0,0.0,,,0,0,1,Low
C003374,15028,APAC,Energy,10107.46,4,362,0,0.925,651.6,Fair,8,Phone,0,0,DCA-07,2025-04-20,18,2025-05-08,Closed,1,8222.67,86.0,2025-07-15,0,0,0,Low
C003375,16723,MEA,Logistics,15800.11,5,214,1,0.812,692.7,Good,3,Portal,0,0,DCA-05,2025-06-23,12,2025-07-05,Escalated,0,0.0,,,0,0,1,Low
C003376,15052,LATAM,Manufacturing,54061.48,1,351,0,1.0,643.4,Fair,5,SMS,0,0,DCA-10,2025-09-21,20,2025-10-11,Escalated,0,0.0,,,0,0,1,Low
C003377,15051,LATAM,Finance,13262.22,4,256,0,1.0,604.2,Fair,3,SMS,0,1,DCA-06,2025-04-25,11,2025-05-06,Closed,1,12185.62,46.0,2025-06-10,0,1,0,Medium
C003378,15826,IND,Healthcare,21902.9,1,98,0,0.926,666.4,Fair,6,Phone,0,1,DCA-03,2025-06-10,15,2025-06-25,Closed,1,20680.23,12.0,2025-06-22,1,1,0,Medium
C003379,18576,EU,Technology,19231.3,6,341,0,1.0,739.0,Good,5,Portal,0,0,DCA-01,2025-07-31,9,2025-08-09,Escalated,0,0.0,,,0,0,1,Low
C003380,13951,APAC,FMCG,8850.66,3,53,1,0.753,645.7,Fair,3,Phone,0,0,DCA-09,2025-06-10,30,2025-07-10,In Progress,0,0.0,,,0,0,0,Low
C003381,18321,EU,Technology,28040.73,2,171,0,0.582,559.9,Poor,1,Email,0,0,DCA-08,2025-07-30,18,2025-08-17,Closed,1,22917.68,70.0,2025-10-08,0,0,0,Medium
C003382,17868,EU,Logistics,7370.27,5,56,2,0.642,554.9,Poor,0,SMS,1,0,DCA-06,2025-12-29,18,2026-01-16,Dispute,0,0.0,,,0,0,0,Low
C003383,19610,EU,Logistics,34129.45,7,286,0,0.787,687.0,Good,3,Email,0,0,DCA-05,2025-08-18,15,2025-09-02,Escalated,0,0.0,,,0,0,1,Low
C003384,19131,EU,Automotive,8855.41,3,327,0,1.0,647.0,Fair,5,Portal,0,1,DCA-01,2026-01-15,7,2026-01-22,PTP,0,0.0,,,0,0,1,Low
C003385,17981,APAC,Energy,9560.76,6,299,0,1.0,699.1,Good,5,In-person,0,0,DCA-06,2025-05-31,19,2025-06-19,Escalated,0,0.0,,,0,0,1,Medium
C003386,12467,IND,Manufacturing,6235.78,5,38,0,0.853,644.1,Fair,3,Email,0,0,DCA-02,2025-02-12,28,2025-03-12,In Progress,0,0.0,,,0,0,0,Medium
C003387,17742,EU,Logistics,6995.47,4,99,1,0.847,644.8,Fair,2,Email,0,0,DCA-08,2025-10-20,17,2025-11-06,In Progress,0,0.0,,,0,0,0,Low
C003388,17365,APAC,Manufacturing,9909.66,6,124,0,1.0,700.8,Good,4,SMS,0,0,DCA-09,2025-10-15,16,2025-10-31,In Progress,0,0.0,,,0,0,0,Medium
C003389,12895,APAC,Automotive,2435.86,1,43,1,0.904,719.3,Good,2,SMS,0,0,DCA-10,2025-03-14,19,2025-04-02,Closed,1,1860.42,39.0,2025-04-22,0,1,0,Medium
C003390,16779,EU,Energy,11346.53,7,194,0,1.0,779.2,Very Good,4,Phone,0,0,DCA-01,2025-03-13,21,2025-04-03,Escalated,0,0.0,,,0,0,1,Medium
C003391,12529,APAC,Logistics,9362.04,3,13,0,0.557,629.6,Fair,3,Phone,1,1,DCA-05,2025-02-11,21,2025-03-04,Dispute,0,0.0,,,0,0,0,Low
C003392,15230,IND,Technology,23225.54,1,224,0,1.0,677.3,Good,2,Portal,0,1,DCA-07,2025-07-29,13,2025-08-11,Closed,1,23225.54,38.0,2025-09-05,0,1,0,Medium
C003393,17967,EU,Technology,17963.31,7,210,1,0.898,580.7,Fair,5,Phone,0,0,DCA-05,2025-05-20,11,2025-05-31,Escalated,0,0.0,,,0,0,1,Low
C003394,11885,APAC,Energy,8140.88,6,217,0,1.0,787.6,Very Good,2,Portal,0,0,DCA-07,2025-11-13,7,2025-11-20,Escalated,0,0.0,,,0,0,1,Medium
C003395,13369,APAC,Finance,9691.6,6,333,0,0.908,578.7,Poor,7,Email,0,1,DCA-06,2026-01-03,7,2026-01-10,Closed,1,9627.23,39.0,2026-02-11,0,1,0,Low
C003396,17952,MEA,Manufacturing,11336.32,2,287,0,0.92,659.8,Fair,5,Email,0,0,DCA-02,2025-03-30,9,2025-04-08,Escalated,0,0.0,,,0,0,1,Low
C003397,14537,APAC,Technology,37803.98,6,95,1,0.89,678.2,Good,1,Phone,0,0,DCA-02,2025-07-01,28,2025-07-29,In Progress,0,0.0,,,0,0,0,Low
C003398,19606,EU,Retail,7512.97,5,209,1,0.871,609.7,Fair,10,Phone,0,0,DCA-07,2025-05-09,13,2025-05-22,Escalated,0,0.0,,,0,0,1,Medium
C003399,10079,EU,Finance,8072.09,7,293,0,0.561,540.1,Poor,4,Email,0,0,DCA-09,2025-03-14,26,2025-04-09,Escalated,0,0.0,,,0,0,1,Low
C003400,17218,NA,Logistics,6063.19,3,310,3,0.753,555.3,Poor,3,Email,0,0,DCA-01,2026-01-09,26,2026-02-04,Escalated,0,0.0,,,0,0,1,Low
C003401,18141,NA,Energy,4734.22,7,235,1,0.834,606.4,Fair,2,Portal,0,0,DCA-04,2025-10-18,28,2025-11-15,Escalated,0,0.0,,,0,0,1,Low
C003402,19178,NA,Technology,16562.6,5,31,0,0.637,559.5,Poor,3,Phone,0,0,DCA-03,2025-06-14,30,2025-07-14,Closed,1,11745.21,47.0,2025-07-31,0,1,0,Medium
C003403,11567,NA,Logistics,15398.61,2,159,1,0.876,637.5,Fair,4,Email,0,0,DCA-10,2025-02-27,17,2025-03-16,In Progress,0,0.0,,,0,0,0,Medium
C003404,19841,NA,Finance,32791.78,2,313,0,0.866,600.2,Fair,6,Email,0,0,DCA-04,2025-01-31,9,2025-02-09,Escalated,0,0.0,,,0,0,1,Low
C003405,13922,NA,Retail,27694.42,7,27,1,0.777,617.8,Fair,3,Portal,1,0,DCA-05,2025-09-27,27,2025-10-24,Dispute,0,0.0,,,0,0,0,Low
C003406,13520,EU,Retail,71537.83,5,215,2,0.859,567.9,Poor,4,Email,0,0,DCA-08,2025-06-14,22,2025-07-06,Escalated,0,0.0,,,0,0,1,Low
C003407,13555,NA,FMCG,12686.44,1,197,0,0.745,606.0,Fair,7,Phone,0,1,DCA-02,2025-01-07,18,2025-01-25,PTP,0,0.0,,,0,0,1,Low
C003408,16382,APAC,Aviation,11132.56,1,82,0,0.85,784.4,Very Good,3,Phone,1,0,DCA-03,2025-06-28,29,2025-07-27,Closed,1,8650.5,65.0,2025-09-01,0,0,0,Medium
C003409,16592,EU,FMCG,5376.76,6,126,0,0.919,717.7,Good,6,In-person,0,0,DCA-09,2025-06-07,18,2025-06-25,In Progress,0,0.0,,,0,0,0,Medium
C003410,14739,IND,FMCG,21755.13,2,356,0,0.784,660.1,Fair,6,SMS,0,1,DCA-07,2025-11-04,14,2025-11-18,Closed,1,21308.31,49.0,2025-12-23,0,1,0,Low
C003411,10710,NA,Aviation,14515.52,2,217,1,0.501,635.5,Fair,4,SMS,0,1,DCA-05,2025-08-02,15,2025-08-17,Closed,1,10812.07,54.0,2025-09-25,0,1,0,Low
C003412,19866,MEA,Technology,21075.92,5,343,1,0.84,626.3,Fair,6,SMS,0,0,DCA-07,2025-05-18,29,2025-06-16,Escalated,0,0.0,,,0,0,1,Low
C003413,12221,NA,Technology,6018.62,7,172,0,0.737,612.7,Fair,3,Portal,0,0,DCA-07,2025-01-15,17,2025-02-01,In Progress,0,0.0,,,0,0,0,Low
C003414,10938,IND,Aviation,17087.85,3,308,1,0.815,615.0,Fair,3,Email,0,0,DCA-03,2025-02-20,18,2025-03-10,Closed,1,12800.07,91.0,2025-05-22,0,0,0,Low
C003415,15973,MEA,Retail,15423.38,5,226,0,0.569,522.1,Poor,2,Email,0,0,DCA-10,2025-08-23,24,2025-09-16,Escalated,0,0.0,,,0,0,1,Low
C003416,14123,IND,Energy,14725.33,5,332,1,0.716,582.3,Fair,6,Email,0,0,DCA-04,2025-11-04,15,2025-11-19,Escalated,0,0.0,,,0,0,1,Low
C003417,16155,NA,Aviation,8280.96,5,119,0,1.0,786.5,Very Good,4,Portal,0,0,DCA-05,2025-03-22,9,2025-03-31,In Progress,0,0.0,,,0,0,0,Medium
C003418,18755,LATAM,Healthcare,30715.64,5,140,0,0.723,651.2,Fair,2,Phone,0,0,DCA-02,2025-05-29,26,2025-06-24,Closed,1,26649.77,66.0,2025-08-03,0,0,0,Medium
C003419,10973,NA,Logistics,56118.19,2,15,0,0.987,799.3,Very Good,0,Email,0,0,DCA-06,2025-02-06,23,2025-03-01,In Progress,0,0.0,,,0,0,0,Low
C003420,12840,EU,Energy,6141.1,5,83,0,1.0,840.3,Excellent,4,Email,0,0,DCA-07,2025-01-13,9,2025-01-22,In Progress,0,0.0,,,0,0,0,Medium
C003421,15165,IND,Retail,22121.62,1,51,0,0.661,692.7,Good,0,Phone,0,1,DCA-06,2025-10-12,11,2025-10-23,Closed,1,18630.7,21.0,2025-11-02,1,1,0,Medium
C003422,17877,EU,Finance,1782.02,6,67,2,0.724,594.7,Fair,3,Email,0,0,DCA-08,2025-11-25,18,2025-12-13,In Progress,0,0.0,,,0,0,0,Low
C003423,16006,LATAM,Logistics,21333.35,6,113,1,0.934,662.7,Fair,3,Phone,0,1,DCA-04,2025-11-11,14,2025-11-25,PTP,0,0.0,,,0,0,0,Low
C003424,13827,APAC,Technology,3607.94,6,319,4,0.566,477.3,Poor,4,Email,0,0,DCA-06,2026-01-17,11,2026-01-28,Escalated,0,0.0,,,0,0,1,Low
C003425,16100,EU,Healthcare,9251.33,1,138,0,0.995,749.8,Very Good,1,SMS,0,0,DCA-02,2025-09-27,29,2025-10-26,In Progress,0,0.0,,,0,0,0,Low
C003426,19799,NA,Manufacturing,5328.81,7,301,4,0.632,505.5,Poor,6,Email,1,0,DCA-10,2026-01-16,18,2026-02-03,Escalated,0,0.0,,,0,0,1,Low
C003427,14800,IND,Technology,11488.16,4,297,0,1.0,616.7,Fair,0,Phone,0,1,DCA-08,2025-04-23,7,2025-04-30,PTP,0,0.0,,,0,0,1,Low
C003428,18835,MEA,Finance,24032.34,1,358,3,0.917,559.8,Poor,5,Email,0,0,DCA-03,2025-09-03,19,2025-09-22,Escalated,0,0.0,,,0,0,1,Low
C003429,17799,IND,Finance,3640.52,4,186,1,1.0,739.1,Good,6,Phone,0,1,DCA-01,2025-04-28,14,2025-05-12,PTP,0,0.0,,,0,0,1,Medium
C003430,13013,LATAM,Retail,10387.56,5,309,0,0.753,514.6,Poor,5,Phone,0,1,DCA-02,2025-04-15,21,2025-05-06,Closed,1,9167.36,36.0,2025-05-21,0,1,0,Low
C003431,12495,NA,Manufacturing,9326.75,3,153,0,0.746,718.5,Good,4,Portal,0,0,DCA-02,2025-04-23,10,2025-05-03,In Progress,0,0.0,,,0,0,0,Low
C003432,17701,APAC,Manufacturing,40406.02,6,231,0,0.852,593.5,Fair,4,SMS,1,0,DCA-07,2025-12-09,10,2025-12-19,Escalated,0,0.0,,,0,0,1,Low
C003433,12074,EU,Energy,18074.05,4,296,2,0.818,597.6,Fair,4,Phone,0,0,DCA-01,2025-10-21,10,2025-10-31,Escalated,0,0.0,,,0,0,1,Low
C003434,13368,IND,Technology,5860.25,2,52,2,0.831,602.7,Fair,4,Phone,0,0,DCA-03,2025-03-12,26,2025-04-07,In Progress,0,0.0,,,0,0,0,Low
C003435,12353,NA,Automotive,9605.53,5,21,1,0.677,567.6,Poor,3,Email,1,0,DCA-04,2025-07-26,27,2025-08-22,Dispute,0,0.0,,,0,0,0,Low
C003436,16063,APAC,Aviation,39706.61,2,61,0,1.0,705.9,Good,1,Phone,0,0,DCA-01,2025-10-23,29,2025-11-21,In Progress,0,0.0,,,0,0,0,Medium
C003437,12941,IND,Finance,22027.69,1,263,0,0.814,637.9,Fair,8,Email,0,0,DCA-03,2025-10-26,11,2025-11-06,Escalated,0,0.0,,,0,0,1,Low
C003438,16584,NA,Finance,7025.04,2,173,1,0.913,658.1,Fair,3,Phone,0,1,DCA-08,2025-12-11,28,2026-01-08,Closed,1,7025.04,41.0,2026-01-21,0,1,0,Low
C003439,19348,IND,FMCG,11081.7,7,102,2,0.808,675.8,Good,2,Email,0,0,DCA-09,2025-10-10,10,2025-10-20,In Progress,0,0.0,,,0,0,0,Low
C003440,18295,LATAM,Automotive,11332.43,5,280,0,0.504,550.1,Poor,3,Email,0,0,DCA-05,2026-01-02,20,2026-01-22,Escalated,0,0.0,,,0,0,1,Low
C003441,19479,APAC,Healthcare,9167.43,3,6,0,0.793,704.3,Good,1,Phone,1,0,DCA-08,2025-11-01,13,2025-11-14,Closed,1,5976.84,65.0,2026-01-05,0,0,0,Medium
C003442,10244,NA,Energy,4035.36,3,64,1,0.899,556.8,Poor,4,Portal,0,0,DCA-09,2025-08-13,23,2025-09-05,In Progress,0,0.0,,,0,0,0,Medium
C003443,14554,IND,Finance,8313.74,7,172,2,0.632,618.1,Fair,3,SMS,0,0,DCA-01,2025-02-22,14,2025-03-08,In Progress,0,0.0,,,0,0,0,Low
C003444,12201,NA,Healthcare,35328.3,5,334,2,0.953,584.8,Fair,3,SMS,0,1,DCA-09,2026-01-14,28,2026-02-11,PTP,0,0.0,,,0,0,1,Low
C003445,19178,IND,Technology,10231.22,6,273,4,0.612,591.1,Fair,0,SMS,0,0,DCA-09,2025-07-13,19,2025-08-01,Escalated,0,0.0,,,0,0,1,Low
C003446,17119,LATAM,Aviation,12428.19,5,249,2,0.533,508.9,Poor,6,Phone,0,1,DCA-08,2025-01-15,9,2025-01-24,Closed,1,11136.85,38.0,2025-02-22,0,1,0,Medium
C003447,13202,NA,Aviation,14740.7,7,259,1,0.44,561.5,Poor,8,SMS,1,0,DCA-04,2025-07-06,17,2025-07-23,Escalated,0,0.0,,,0,0,1,Low
C003448,15635,LATAM,Healthcare,63114.07,5,114,1,0.821,602.9,Fair,3,Phone,1,0,DCA-06,2025-01-16,23,2025-02-08,Escalated,0,0.0,,,0,0,1,Low
C003449,16054,MEA,Retail,13442.98,3,164,1,0.742,680.7,Good,6,Portal,0,0,DCA-02,2025-04-11,20,2025-05-01,In Progress,0,0.0,,,0,0,0,Medium
C003450,14956,APAC,FMCG,28731.86,2,323,0,1.0,641.4,Fair,5,SMS,1,0,DCA-08,2025-10-28,20,2025-11-17,Escalated,0,0.0,,,0,0,1,Low
C003451,14743,IND,Energy,8789.16,1,266,1,0.717,662.2,Fair,4,Email,0,0,DCA-08,2025-11-01,18,2025-11-19,Escalated,0,0.0,,,0,0,1,Low
C003452,10552,IND,Technology,11141.37,6,218,5,0.664,490.4,Poor,8,Phone,0,0,DCA-07,2026-01-30,24,2026-02-23,Escalated,0,0.0,,,0,0,1,Low
C003453,14524,IND,Manufacturing,13477.63,7,31,2,0.847,662.2,Fair,1,Phone,0,0,DCA-09,2025-03-27,25,2025-04-21,In Progress,0,0.0,,,0,0,0,Medium
C003454,13482,NA,Energy,7770.63,5,267,1,0.601,572.4,Poor,2,Phone,0,0,DCA-01,2025-02-28,11,2025-03-11,Escalated,0,0.0,,,0,0,1,Low
C003455,18182,EU,Manufacturing,11584.2,4,134,0,0.868,591.7,Fair,6,Email,0,0,DCA-06,2025-04-27,27,2025-05-24,Closed,1,9596.0,44.0,2025-06-10,0,1,0,Low
C003456,18651,IND,Technology,24875.43,1,141,1,0.931,648.5,Fair,1,Phone,0,1,DCA-04,2025-05-28,14,2025-06-11,PTP,0,0.0,,,0,0,0,Medium
C003457,17504,EU,Technology,7629.25,5,246,1,1.0,689.2,Good,5,Phone,1,0,DCA-06,2025-04-08,9,2025-04-17,Escalated,0,0.0,,,0,0,1,Low
C003458,10308,NA,Automotive,13360.56,2,144,0,0.719,654.8,Fair,3,Email,0,1,DCA-01,2026-01-25,29,2026-02-23,PTP,0,0.0,,,0,0,0,Medium
C003459,18412,NA,Aviation,21941.03,5,209,1,0.546,537.0,Poor,3,Phone,0,0,DCA-03,2025-11-13,8,2025-11-21,Escalated,0,0.0,,,0,0,1,Low
C003460,13964,IND,Aviation,7501.62,3,5,0,0.958,740.2,Very Good,0,SMS,0,0,DCA-01,2025-12-11,9,2025-12-20,Closed,1,6975.37,42.0,2026-01-22,0,1,0,Medium
C003461,14163,EU,FMCG,28761.4,7,68,0,1.0,683.9,Good,4,Email,0,1,DCA-05,2025-09-16,22,2025-10-08,PTP,0,0.0,,,0,0,0,Medium
C003462,19451,APAC,Healthcare,14059.01,7,196,0,0.883,724.4,Good,3,Portal,0,0,DCA-10,2025-06-12,29,2025-07-11,Closed,1,13067.03,62.0,2025-08-13,0,0,0,Low
C003463,18672,APAC,Technology,11901.43,2,349,0,0.616,581.1,Fair,4,Phone,0,1,DCA-01,2025-04-20,16,2025-05-06,Closed,1,10495.73,48.0,2025-06-07,0,1,0,Low
C003464,10508,IND,Healthcare,3275.73,3,277,1,0.648,567.7,Poor,2,Phone,0,0,DCA-10,2025-12-18,24,2026-01-11,Escalated,0,0.0,,,0,0,1,Low
C003465,13598,LATAM,Aviation,10285.3,7,152,0,0.533,548.8,Poor,3,In-person,0,0,DCA-07,2025-02-24,25,2025-03-21,In Progress,0,0.0,,,0,0,0,Low
C003466,17497,IND,Healthcare,17328.62,1,353,0,0.873,636.2,Fair,1,Phone,0,0,DCA-09,2025-06-28,13,2025-07-11,Escalated,0,0.0,,,0,0,1,Low
C003467,15388,NA,Energy,45330.78,4,101,2,0.651,597.9,Fair,1,Portal,0,0,DCA-08,2025-01-31,29,2025-03-01,In Progress,0,0.0,,,0,0,0,Low
C003468,12576,IND,Logistics,19881.05,1,325,0,0.985,625.0,Fair,9,In-person,0,1,DCA-05,2025-05-15,23,2025-06-07,PTP,0,0.0,,,0,0,1,Medium
C003469,15247,NA,Aviation,29388.28,4,147,1,0.812,670.0,Fair,4,Phone,0,1,DCA-05,2026-01-01,25,2026-01-26,Closed,1,27093.08,32.0,2026-02-02,0,1,0,Medium
C003470,18666,EU,Retail,5730.89,1,32,0,0.933,667.8,Fair,2,Phone,0,0,DCA-01,2025-08-21,28,2025-09-18,Closed,1,4486.69,56.0,2025-10-16,0,1,0,Medium
C003471,12232,IND,Aviation,12224.83,1,1,0,0.552,681.2,Good,2,Portal,1,0,DCA-06,2025-02-07,7,2025-02-14,Closed,1,8855.8,62.0,2025-04-10,0,0,0,Low
C003472,17460,APAC,Finance,31398.72,3,357,1,0.622,682.6,Good,5,Email,0,0,DCA-06,2025-04-21,11,2025-05-02,Escalated,0,0.0,,,0,0,1,Low
C003473,17347,EU,Energy,7176.64,1,234,2,0.951,664.0,Fair,5,Phone,0,1,DCA-08,2025-03-06,7,2025-03-13,PTP,0,0.0,,,0,0,1,Low
C003474,18857,LATAM,Healthcare,26256.16,6,55,0,0.799,708.9,Good,4,Phone,0,0,DCA-06,2025-09-17,23,2025-10-10,In Progress,0,0.0,,,0,0,0,Low
C003475,12979,IND,Logistics,22321.88,5,362,0,0.703,590.1,Fair,4,Portal,0,1,DCA-03,2025-06-19,21,2025-07-10,PTP,0,0.0,,,0,0,1,Low
C003476,12159,APAC,Logistics,16192.55,4,15,1,0.621,522.6,Poor,1,Phone,0,0,DCA-03,2025-04-25,30,2025-05-25,Closed,1,11446.7,47.0,2025-06-11,0,1,0,Low
C003477,15476,IND,Manufacturing,10613.78,4,122,4,0.554,531.7,Poor,7,Email,0,0,DCA-08,2025-09-28,20,2025-10-18,In Progress,0,0.0,,,0,0,0,Low
C003478,15312,LATAM,Healthcare,6698.2,6,273,0,0.976,748.3,Very Good,4,Phone,0,0,DCA-06,2025-07-20,13,2025-08-02,Escalated,0,0.0,,,0,0,1,Low
C003479,14095,IND,Retail,46293.9,6,20,1,1.0,784.4,Very Good,1,Phone,0,1,DCA-02,2025-10-05,24,2025-10-29,PTP,0,0.0,,,0,0,0,Low
C003480,17792,IND,Technology,20791.59,1,330,0,1.0,615.1,Fair,8,Email,0,0,DCA-08,2025-11-02,28,2025-11-30,Escalated,0,0.0,,,0,0,1,Low
C003481,17990,LATAM,Energy,16956.92,5,247,1,0.896,650.1,Fair,7,Email,0,1,DCA-04,2025-03-08,9,2025-03-17,PTP,0,0.0,,,0,0,1,Low
C003482,12456,MEA,Finance,10006.65,4,346,1,0.904,542.7,Poor,4,Phone,0,1,DCA-03,2025-12-07,10,2025-12-17,PTP,0,0.0,,,0,0,1,Low
C003483,17955,NA,Automotive,13718.63,6,305,2,0.777,593.9,Fair,4,Phone,0,0,DCA-02,2025-02-06,11,2025-02-17,Closed,1,12223.08,82.0,2025-04-29,0,0,0,Low
C003484,12307,IND,Aviation,14992.45,6,301,1,0.824,682.4,Good,1,Phone,0,0,DCA-02,2025-01-16,24,2025-02-09,Escalated,0,0.0,,,0,0,1,Low
C003485,14076,IND,FMCG,17675.11,5,83,2,0.883,675.1,Good,0,Phone,0,0,DCA-01,2025-01-21,16,2025-02-06,Closed,1,17675.11,50.0,2025-03-12,0,1,0,Low
C003486,10271,APAC,Logistics,22337.86,5,75,0,0.999,742.9,Very Good,4,In-person,0,0,DCA-08,2025-10-14,8,2025-10-22,In Progress,0,0.0,,,0,0,0,Low
C003487,13403,APAC,Automotive,7725.41,2,89,1,0.771,690.8,Good,0,Phone,0,0,DCA-07,2025-01-29,29,2025-02-27,In Progress,0,0.0,,,0,0,0,Medium
C003488,19585,MEA,Aviation,4785.67,6,57,1,0.841,701.5,Good,2,Email,0,1,DCA-10,2025-12-17,19,2026-01-05,Closed,1,4389.57,29.0,2026-01-15,1,1,0,Medium
C003489,14425,NA,Manufacturing,14171.62,5,242,0,1.0,709.2,Good,5,SMS,0,1,DCA-02,2025-10-19,12,2025-10-31,PTP,0,0.0,,,0,0,1,Low
C003490,17100,NA,Logistics,3932.17,2,22,0,0.919,783.6,Very Good,1,Email,0,0,DCA-04,2025-10-18,8,2025-10-26,In Progress,0,0.0,,,0,0,0,Medium
C003491,11079,IND,Automotive,10651.3,2,156,0,0.92,721.5,Good,7,Email,0,0,DCA-07,2025-05-06,20,2025-05-26,In Progress,0,0.0,,,0,0,0,Medium
C003492,16355,NA,Healthcare,9354.07,4,212,2,0.591,572.4,Poor,4,Phone,0,1,DCA-06,2025-04-02,30,2025-05-02,PTP,0,0.0,,,0,0,1,Low
C003493,13715,MEA,Logistics,18849.16,3,197,0,0.475,664.6,Fair,1,Phone,0,1,DCA-06,2025-05-07,13,2025-05-20,Closed,1,14805.89,33.0,2025-06-09,0,1,0,Low
C003494,17439,EU,Healthcare,53520.39,5,178,0,0.732,540.7,Poor,7,Portal,0,0,DCA-01,2025-10-22,27,2025-11-18,Closed,1,46638.24,68.0,2025-12-29,0,0,0,Low
C003495,19280,NA,Aviation,3424.76,3,82,0,1.0,770.8,Very Good,2,Phone,0,1,DCA-01,2025-03-25,12,2025-04-06,Closed,1,3424.76,43.0,2025-05-07,0,1,0,Medium
C003496,15316,EU,Logistics,65639.28,2,40,0,0.897,800.5,Excellent,1,Phone,0,0,DCA-08,2025-11-14,27,2025-12-11,In Progress,0,0.0,,,0,0,0,Medium
C003497,11028,IND,Technology,11348.57,3,360,0,0.936,613.1,Fair,8,Email,1,1,DCA-07,2025-05-21,23,2025-06-13,Escalated,0,0.0,,,0,0,1,Low
C003498,14761,NA,Energy,17042.51,6,170,1,1.0,840.7,Excellent,3,Portal,0,0,DCA-01,2025-03-12,29,2025-04-10,In Progress,0,0.0,,,0,0,0,Low
C003499,11231,NA,Energy,4962.26,6,217,4,0.813,548.7,Poor,1,Email,0,0,DCA-09,2025-06-06,20,2025-06-26,Escalated,0,0.0,,,0,0,1,Low
C003500,14495,MEA,Retail,26844.34,3,207,0,1.0,755.9,Very Good,1,Phone,0,0,DCA-08,2025-12-27,24,2026-01-20,Escalated,0,0.0,,,0,0,1,Medium
C003501,10611,IND,Aviation,13753.25,6,135,2,1.0,625.8,Fair,4,Phone,0,1,DCA-02,2025-04-30,11,2025-05-11,Closed,1,12406.23,34.0,2025-06-03,0,1,0,Medium
C003502,16404,MEA,Technology,12797.09,1,264,0,1.0,741.9,Very Good,5,In-person,0,1,DCA-06,2025-04-18,13,2025-05-01,PTP,0,0.0,,,0,0,1,Low
C003503,13104,APAC,Retail,3442.08,7,137,0,0.551,635.0,Fair,4,Email,0,0,DCA-03,2025-10-14,29,2025-11-12,Closed,1,2750.36,58.0,2025-12-11,0,1,0,Low
C003504,12015,APAC,Manufacturing,14068.0,6,151,3,0.592,502.2,Poor,0,Phone,1,0,DCA-09,2026-01-09,30,2026-02-08,Escalated,0,0.0,,,0,0,1,Low
C003505,10173,MEA,Healthcare,24150.97,1,293,0,1.0,765.4,Very Good,5,SMS,0,0,DCA-02,2025-03-31,22,2025-04-22,Escalated,0,0.0,,,0,0,1,Low
C003506,18880,NA,Aviation,11323.15,5,116,1,0.554,591.8,Fair,2,Email,1,1,DCA-09,2025-07-17,15,2025-08-01,Closed,1,8769.03,41.0,2025-08-27,0,1,1,Low
C003507,18371,NA,Logistics,30392.15,4,255,0,1.0,695.5,Good,5,Phone,0,1,DCA-07,2025-11-07,17,2025-11-24,PTP,0,0.0,,,0,0,1,Medium
C003508,18117,MEA,Healthcare,29526.0,7,243,1,0.902,603.1,Fair,2,Email,1,1,DCA-02,2025-02-21,27,2025-03-20,Escalated,0,0.0,,,0,0,1,Low
C003509,10581,IND,FMCG,8529.05,2,12,0,0.849,733.9,Good,0,Email,0,1,DCA-09,2025-03-26,25,2025-04-20,PTP,0,0.0,,,0,0,0,Medium
C003510,13495,IND,Technology,40805.81,7,250,0,0.544,612.1,Fair,2,Email,0,0,DCA-09,2025-10-07,25,2025-11-01,Escalated,0,0.0,,,0,0,1,Low
C003511,19713,EU,Finance,13790.1,7,292,0,0.924,701.7,Good,4,Email,0,0,DCA-07,2025-04-24,20,2025-05-14,Closed,1,10290.96,80.0,2025-07-13,0,0,0,Medium
C003512,15786,IND,Logistics,13833.13,2,99,1,0.687,600.6,Fair,7,Phone,0,0,DCA-05,2025-08-13,22,2025-09-04,In Progress,0,0.0,,,0,0,0,Low
C003513,11284,NA,Automotive,14318.2,4,333,0,1.0,681.2,Good,6,Email,0,0,DCA-07,2025-07-06,25,2025-07-31,Escalated,0,0.0,,,0,0,1,Low
C003514,11410,NA,Logistics,14023.94,5,8,0,0.69,672.8,Good,1,Phone,0,0,DCA-07,2025-10-29,23,2025-11-21,In Progress,0,0.0,,,0,0,0,Medium
C003515,12631,APAC,Technology,2119.44,2,66,2,0.85,734.9,Good,2,Phone,0,1,DCA-02,2025-07-11,27,2025-08-07,PTP,0,0.0,,,0,0,0,Low
C003516,19723,MEA,Automotive,11732.82,7,345,0,0.948,687.2,Good,6,Email,0,1,DCA-04,2025-04-29,7,2025-05-06,PTP,0,0.0,,,0,0,1,Low
C003517,11696,EU,Automotive,5142.21,2,312,2,0.698,497.2,Poor,5,Email,0,0,DCA-10,2025-04-25,10,2025-05-05,Escalated,0,0.0,,,0,0,1,Low
C003518,19028,LATAM,Manufacturing,41707.45,2,275,1,0.865,668.5,Fair,6,Phone,0,0,DCA-08,2025-01-23,20,2025-02-12,Escalated,0,0.0,,,0,0,1,Low
C003519,16780,NA,Finance,40548.66,4,220,1,0.526,561.2,Poor,4,Phone,0,1,DCA-01,2025-02-17,22,2025-03-11,PTP,0,0.0,,,0,0,1,Low
C003520,19218,IND,FMCG,24254.49,4,74,1,0.735,630.6,Fair,6,Phone,0,1,DCA-09,2025-03-10,9,2025-03-19,PTP,0,0.0,,,0,0,0,Medium
C003521,18260,APAC,Logistics,11305.82,1,179,0,0.879,696.9,Good,5,Phone,0,0,DCA-01,2025-12-12,13,2025-12-25,In Progress,0,0.0,,,0,0,0,Low
C003522,13321,IND,Automotive,6597.13,7,206,1,0.549,615.3,Fair,7,Portal,0,0,DCA-07,2025-07-08,30,2025-08-07,Escalated,0,0.0,,,0,0,1,Low
C003523,18278,LATAM,Automotive,8431.19,2,33,0,0.916,684.0,Good,2,Portal,0,0,DCA-04,2026-01-20,27,2026-02-16,Closed,1,8313.7,56.0,2026-03-17,0,1,0,Low
C003524,11691,IND,Automotive,52044.24,1,217,2,0.736,603.4,Fair,5,Email,0,0,DCA-03,2025-01-19,12,2025-01-31,Escalated,0,0.0,,,0,0,1,Low
C003525,12909,IND,Logistics,8229.35,4,33,0,0.821,633.7,Fair,3,SMS,0,0,DCA-05,2026-01-26,8,2026-02-03,Closed,1,7335.56,51.0,2026-03-18,0,1,0,Medium
C003526,12117,APAC,Healthcare,2568.52,7,46,1,0.776,679.6,Good,2,Phone,0,0,DCA-01,2025-09-18,27,2025-10-15,Closed,1,1942.73,52.0,2025-11-09,0,1,0,Medium
C003527,11331,EU,Manufacturing,27477.31,1,62,0,0.865,753.7,Very Good,2,Email,0,0,DCA-10,2025-07-15,21,2025-08-05,In Progress,0,0.0,,,0,0,0,Medium
C003528,10900,EU,Retail,38190.89,4,70,1,0.954,674.9,Good,3,Email,1,0,DCA-10,2025-07-19,25,2025-08-13,Dispute,0,0.0,,,0,0,0,Low
C003529,11873,EU,Retail,42678.52,7,30,0,0.618,609.8,Fair,3,Email,0,0,DCA-02,2026-01-13,7,2026-01-20,In Progress,0,0.0,,,0,0,0,Medium
C003530,11201,EU,Aviation,27635.14,7,349,2,0.953,565.3,Poor,6,Email,0,1,DCA-10,2025-03-24,23,2025-04-16,PTP,0,0.0,,,0,0,1,Low
C003531,13804,IND,Logistics,30978.97,2,293,0,0.72,672.3,Good,6,Email,1,0,DCA-10,2025-05-12,13,2025-05-25,Escalated,0,0.0,,,0,0,1,Low
C003532,10713,APAC,Logistics,13864.04,5,185,0,0.938,661.7,Fair,4,Email,0,0,DCA-02,2025-11-12,20,2025-12-02,Escalated,0,0.0,,,0,0,1,Low
C003533,10612,LATAM,Energy,3123.14,6,135,1,0.92,645.1,Fair,3,Phone,0,0,DCA-01,2025-01-06,25,2025-01-31,In Progress,0,0.0,,,0,0,0,Low
C003534,19898,NA,Technology,13623.03,5,70,0,1.0,733.3,Good,1,SMS,0,0,DCA-05,2025-09-16,17,2025-10-03,In Progress,0,0.0,,,0,0,0,High
C003535,10876,IND,Technology,20642.37,5,346,0,0.83,665.8,Fair,2,Phone,0,0,DCA-04,2025-09-01,25,2025-09-26,Escalated,0,0.0,,,0,0,1,Low
C003536,10740,NA,Automotive,12152.75,6,291,1,0.573,482.0,Poor,1,Phone,0,0,DCA-05,2025-08-05,25,2025-08-30,Escalated,0,0.0,,,0,0,1,Low
C003537,10301,APAC,Automotive,11771.24,4,274,1,0.707,595.4,Fair,7,Email,0,0,DCA-06,2025-06-25,12,2025-07-07,Escalated,0,0.0,,,0,0,1,Low
C003538,11325,IND,Energy,6802.99,1,172,0,0.697,634.3,Fair,3,Phone,0,0,DCA-08,2025-10-13,16,2025-10-29,Closed,1,5476.94,74.0,2025-12-26,0,0,0,Low
C003539,15279,NA,Finance,6626.17,5,10,0,1.0,843.7,Excellent,2,Email,0,0,DCA-07,2026-01-03,27,2026-01-30,In Progress,0,0.0,,,0,0,0,High
C003540,18272,IND,Automotive,48373.33,5,233,1,0.566,575.7,Poor,0,Email,0,1,DCA-06,2025-08-23,25,2025-09-17,PTP,0,0.0,,,0,0,1,Low
C003541,17348,MEA,Retail,49614.7,6,178,1,0.816,653.9,Fair,3,Portal,0,1,DCA-06,2025-11-21,19,2025-12-10,PTP,0,0.0,,,0,0,0,Low
C003542,15802,APAC,Logistics,13334.99,7,109,0,0.981,762.5,Very Good,2,Phone,0,0,DCA-10,2025-01-04,11,2025-01-15,In Progress,0,0.0,,,0,0,0,Medium
C003543,10850,EU,Manufacturing,16269.81,3,115,0,0.816,705.3,Good,2,Phone,1,1,DCA-03,2025-02-28,7,2025-03-07,Escalated,0,0.0,,,0,0,1,Medium
C003544,17744,MEA,Finance,6723.74,7,22,0,0.919,720.5,Good,3,Email,0,0,DCA-02,2025-08-05,26,2025-08-31,In Progress,0,0.0,,,0,0,0,Medium
C003545,10372,IND,Logistics,20948.08,1,318,0,0.924,776.5,Very Good,5,Portal,1,0,DCA-04,2025-11-13,27,2025-12-10,Escalated,0,0.0,,,0,0,1,Low
C003546,16309,NA,Automotive,45786.95,7,61,1,0.727,633.7,Fair,4,Phone,0,1,DCA-08,2025-04-10,25,2025-05-05,PTP,0,0.0,,,0,0,0,Medium
C003547,14093,NA,Automotive,4580.39,1,296,0,0.824,549.3,Poor,4,Phone,0,1,DCA-03,2025-10-16,20,2025-11-05,PTP,0,0.0,,,0,0,1,Low
C003548,18821,NA,Healthcare,18485.06,5,355,0,0.868,561.7,Poor,8,Phone,0,0,DCA-07,2025-10-31,25,2025-11-25,Closed,1,18485.06,70.0,2026-01-09,0,0,0,Low
C003549,13075,IND,Healthcare,19483.35,5,17,1,0.984,721.9,Good,4,Portal,0,0,DCA-04,2025-08-31,11,2025-09-11,In Progress,0,0.0,,,0,0,0,Low
C003550,16384,APAC,Healthcare,19328.28,5,227,0,0.989,676.3,Good,4,Portal,0,0,DCA-04,2025-09-20,16,2025-10-06,Closed,1,16474.56,76.0,2025-12-05,0,0,0,Low
C003551,14399,APAC,Automotive,42191.43,7,25,0,0.768,689.8,Good,5,Email,0,0,DCA-08,2025-03-24,15,2025-04-08,In Progress,0,0.0,,,0,0,0,Medium
C003552,15221,NA,Logistics,55559.66,4,303,5,0.532,508.2,Poor,4,Email,0,0,DCA-02,2025-08-23,23,2025-09-15,Escalated,0,0.0,,,0,0,1,Low
C003553,19387,EU,Technology,11345.33,1,185,0,0.943,656.4,Fair,5,Portal,0,0,DCA-07,2025-03-03,28,2025-03-31,Escalated,0,0.0,,,0,0,1,Medium
C003554,17127,LATAM,Manufacturing,21401.61,5,8,0,0.869,796.4,Very Good,2,Email,0,0,DCA-06,2025-07-31,19,2025-08-19,In Progress,0,0.0,,,0,0,0,Medium
C003555,14145,NA,Retail,14171.15,3,282,0,0.842,640.1,Fair,3,Portal,0,0,DCA-09,2025-12-23,17,2026-01-09,Escalated,0,0.0,,,0,0,1,Low
C003556,14473,APAC,Retail,8582.83,5,279,1,1.0,600.9,Fair,6,Phone,0,0,DCA-10,2025-04-12,13,2025-04-25,Escalated,0,0.0,,,0,0,1,Low
C003557,17045,NA,Retail,16148.3,3,337,0,0.878,582.0,Fair,10,Email,0,0,DCA-02,2025-11-22,12,2025-12-04,Closed,1,13477.96,70.0,2026-01-31,0,0,0,Low
C003558,13460,IND,Automotive,21376.55,1,177,1,0.838,585.9,Fair,6,Email,0,1,DCA-03,2025-09-16,18,2025-10-04,Closed,1,19157.98,44.0,2025-10-30,0,1,0,High
C003559,11678,NA,Healthcare,15550.53,5,340,0,1.0,819.0,Excellent,4,In-person,0,0,DCA-02,2025-08-18,10,2025-08-28,Escalated,0,0.0,,,0,0,1,Low
C003560,14676,IND,Logistics,7209.63,1,243,0,0.769,649.3,Fair,3,Email,0,1,DCA-10,2025-11-10,16,2025-11-26,PTP,0,0.0,,,0,0,1,Low
C003561,10682,IND,Technology,9657.67,3,192,0,0.862,737.5,Good,6,Phone,0,1,DCA-07,2025-09-02,27,2025-09-29,PTP,0,0.0,,,0,0,1,Medium
C003562,11697,NA,FMCG,9709.55,5,131,1,0.99,746.4,Very Good,4,SMS,0,0,DCA-10,2025-06-05,10,2025-06-15,In Progress,0,0.0,,,0,0,0,Low
C003563,14207,APAC,Retail,7407.8,7,107,0,0.942,704.4,Good,5,Phone,1,0,DCA-10,2025-03-04,12,2025-03-16,Escalated,0,0.0,,,0,0,1,Low
C003564,17965,EU,Retail,16638.55,3,226,1,0.847,565.2,Poor,3,Email,0,1,DCA-10,2025-05-19,7,2025-05-26,PTP,0,0.0,,,0,0,1,Low
C003565,17814,APAC,Automotive,17902.19,3,270,0,1.0,669.4,Fair,5,Email,0,0,DCA-03,2025-09-15,15,2025-09-30,Closed,1,12473.15,63.0,2025-11-17,0,0,0,Low
C003566,12607,LATAM,Energy,26520.21,3,13,1,0.912,670.8,Good,2,Email,0,0,DCA-06,2026-01-06,22,2026-01-28,Closed,1,25158.35,49.0,2026-02-24,0,1,0,Medium
C003567,14219,IND,Technology,7329.51,5,150,0,0.739,662.5,Fair,1,Portal,1,1,DCA-03,2026-01-07,30,2026-02-06,Closed,1,5703.65,41.0,2026-02-17,0,1,1,Medium
C003568,11535,LATAM,Energy,8917.45,2,17,0,0.867,649.8,Fair,4,Phone,0,0,DCA-05,2025-11-13,24,2025-12-07,In Progress,0,0.0,,,0,0,0,Medium
C003569,17552,NA,Retail,39663.97,4,145,0,0.726,716.3,Good,3,Email,0,0,DCA-05,2025-10-22,14,2025-11-05,In Progress,0,0.0,,,0,0,0,Medium
C003570,12463,APAC,FMCG,11906.66,6,291,1,1.0,701.4,Good,6,Phone,0,0,DCA-10,2025-01-26,14,2025-02-09,Escalated,0,0.0,,,0,0,1,Low
C003571,17995,IND,Logistics,13644.5,1,252,1,0.677,553.9,Poor,3,Phone,0,1,DCA-07,2025-08-18,16,2025-09-03,PTP,0,0.0,,,0,0,1,Low
C003572,18420,NA,FMCG,11818.57,7,46,0,1.0,767.3,Very Good,4,Phone,0,0,DCA-08,2025-04-20,30,2025-05-20,Closed,1,10288.01,49.0,2025-06-08,0,1,0,Medium
C003573,16890,NA,FMCG,29528.81,4,261,0,0.673,592.3,Fair,8,Email,0,0,DCA-08,2025-06-17,15,2025-07-02,Closed,1,21278.24,51.0,2025-08-07,0,1,0,Low
C003574,13302,EU,Finance,30341.33,5,6,0,0.817,712.2,Good,2,Email,0,0,DCA-06,2025-12-03,12,2025-12-15,In Progress,0,0.0,,,0,0,0,Medium
C003575,19529,IND,Logistics,29121.9,5,5,1,0.833,708.4,Good,2,SMS,0,1,DCA-04,2025-03-26,28,2025-04-23,Closed,1,28772.5,19.0,2025-04-14,1,1,0,Medium
C003576,16860,IND,Manufacturing,13610.51,7,333,1,0.906,684.9,Good,3,In-person,0,0,DCA-09,2025-10-25,21,2025-11-15,Escalated,0,0.0,,,0,0,1,Low
C003577,16458,NA,Aviation,7253.9,5,12,1,0.57,704.7,Good,1,Phone,0,1,DCA-04,2025-01-10,18,2025-01-28,Closed,1,6702.95,29.0,2025-02-08,1,1,0,Medium
C003578,18564,EU,Technology,51413.14,7,97,0,0.916,625.0,Fair,1,Email,0,1,DCA-06,2025-03-18,26,2025-04-13,PTP,0,0.0,,,0,0,0,Medium
C003579,18814,IND,Energy,24328.8,3,49,0,1.0,755.9,Very Good,1,Portal,1,0,DCA-02,2025-06-29,16,2025-07-15,Dispute,0,0.0,,,0,0,0,Low
C003580,10777,LATAM,Finance,9704.44,2,212,0,0.68,598.1,Fair,3,Phone,0,0,DCA-06,2025-07-13,24,2025-08-06,Escalated,0,0.0,,,0,0,1,Low
C003581,18815,EU,Retail,36194.89,5,191,4,0.894,646.0,Fair,3,SMS,0,1,DCA-05,2025-05-11,14,2025-05-25,PTP,0,0.0,,,0,0,1,Low
C003582,17650,MEA,FMCG,9182.67,2,306,0,1.0,631.7,Fair,4,Email,0,0,DCA-09,2025-03-15,16,2025-03-31,Escalated,0,0.0,,,0,0,1,Low
C003583,12065,NA,Retail,35864.11,1,360,1,0.664,559.1,Poor,8,Portal,0,0,DCA-04,2025-07-15,25,2025-08-09,Closed,1,27474.27,93.0,2025-10-16,0,0,0,Low
C003584,13076,MEA,FMCG,37601.5,2,272,0,1.0,751.4,Very Good,6,Email,0,0,DCA-04,2025-08-22,27,2025-09-18,Closed,1,36156.68,69.0,2025-10-30,0,0,0,Low
C003585,17526,NA,Finance,7009.08,2,170,0,0.929,604.1,Fair,0,Phone,0,0,DCA-02,2025-07-26,24,2025-08-19,In Progress,0,0.0,,,0,0,0,Low
C003586,12166,LATAM,Automotive,20075.01,1,17,2,0.483,530.4,Poor,2,Phone,1,0,DCA-05,2025-02-04,24,2025-02-28,Dispute,0,0.0,,,0,0,0,Low
C003587,14524,APAC,Retail,23098.74,6,336,3,0.741,562.8,Poor,6,Phone,0,0,DCA-08,2025-08-30,14,2025-09-13,Escalated,0,0.0,,,0,0,1,Low
C003588,16889,APAC,Finance,83319.38,5,205,1,0.847,651.5,Fair,1,Email,0,0,DCA-07,2025-04-15,13,2025-04-28,Escalated,0,0.0,,,0,0,1,Low
C003589,16504,APAC,Healthcare,7945.72,2,80,1,1.0,669.9,Fair,2,Portal,0,1,DCA-01,2025-09-07,20,2025-09-27,PTP,0,0.0,,,0,0,0,Medium
C003590,19097,IND,Logistics,36416.61,2,198,0,0.993,712.5,Good,6,Phone,0,0,DCA-04,2025-02-03,24,2025-02-27,Escalated,0,0.0,,,0,0,1,Low
C003591,11115,APAC,Finance,13522.93,7,143,0,0.837,646.6,Fair,1,Phone,0,0,DCA-04,2025-01-26,26,2025-02-21,In Progress,0,0.0,,,0,0,0,Low
C003592,12950,NA,Technology,5602.93,7,128,0,0.749,624.6,Fair,2,Email,1,0,DCA-07,2026-01-01,14,2026-01-15,Escalated,0,0.0,,,0,0,1,Low
C003593,19848,NA,Manufacturing,12283.46,1,166,0,1.0,688.4,Good,1,Email,1,0,DCA-08,2025-03-04,12,2025-03-16,Escalated,0,0.0,,,0,0,1,Low
C003594,15688,EU,Finance,13382.8,5,275,1,0.717,576.1,Poor,3,Phone,1,0,DCA-10,2025-03-13,13,2025-03-26,Escalated,0,0.0,,,0,0,1,Low
C003595,12487,MEA,FMCG,6366.32,3,60,3,0.664,579.6,Poor,4,Email,0,0,DCA-03,2025-04-18,15,2025-05-03,In Progress,0,0.0,,,0,0,0,Low
C003596,12898,NA,Technology,16622.65,3,351,0,0.829,601.9,Fair,5,Phone,0,0,DCA-02,2025-07-26,16,2025-08-11,Escalated,0,0.0,,,0,0,1,Low
C003597,13392,NA,Technology,26120.26,5,23,0,1.0,763.0,Very Good,2,Email,0,0,DCA-05,2025-05-19,29,2025-06-17,In Progress,0,0.0,,,0,0,0,Medium
C003598,15542,IND,Finance,15783.82,7,54,0,1.0,793.2,Very Good,3,SMS,0,1,DCA-07,2025-03-13,16,2025-03-29,PTP,0,0.0,,,0,0,0,High
C003599,12845,IND,Finance,9142.68,5,247,0,0.754,593.8,Fair,0,Phone,0,0,DCA-08,2025-08-16,7,2025-08-23,Escalated,0,0.0,,,0,0,1,Medium
C003600,16218,APAC,Technology,12040.96,7,53,0,0.808,669.6,Fair,4,Phone,0,0,DCA-09,2025-02-20,7,2025-02-27,Closed,1,9948.89,52.0,2025-04-13,0,1,0,Medium
C003601,14452,LATAM,Healthcare,13317.31,6,284,0,0.693,584.8,Fair,4,Email,0,0,DCA-04,2025-08-31,12,2025-09-12,Escalated,0,0.0,,,0,0,1,Low
C003602,16103,APAC,Energy,15554.81,6,268,0,0.707,699.8,Good,4,SMS,0,0,DCA-09,2025-01-02,13,2025-01-15,Escalated,0,0.0,,,0,0,1,Low
C003603,11551,LATAM,Automotive,29053.13,6,157,4,0.762,647.9,Fair,4,In-person,0,0,DCA-07,2025-06-12,8,2025-06-20,In Progress,0,0.0,,,0,0,0,Low
C003604,16235,IND,Logistics,16161.03,6,166,0,0.879,621.6,Fair,3,SMS,1,0,DCA-01,2025-02-02,23,2025-02-25,Escalated,0,0.0,,,0,0,1,Low
C003605,19247,IND,Retail,5004.6,2,364,1,0.84,608.3,Fair,7,SMS,0,1,DCA-10,2025-04-20,29,2025-05-19,PTP,0,0.0,,,0,0,1,Low
C003606,11350,APAC,Automotive,9012.57,7,290,0,0.678,686.5,Good,5,Email,0,0,DCA-03,2025-07-29,15,2025-08-13,Escalated,0,0.0,,,0,0,1,Low
C003607,13274,NA,Retail,15006.14,7,231,1,1.0,704.0,Good,1,Phone,0,0,DCA-01,2025-02-07,14,2025-02-21,Escalated,0,0.0,,,0,0,1,Low
C003608,16935,NA,Finance,29345.28,5,52,1,0.651,490.6,Poor,4,Email,0,0,DCA-05,2025-07-27,22,2025-08-18,In Progress,0,0.0,,,0,0,0,Low
C003609,16174,APAC,Healthcare,33139.87,5,215,1,0.909,626.5,Fair,5,Email,0,0,DCA-06,2025-05-01,19,2025-05-20,Escalated,0,0.0,,,0,0,1,Low
C003610,16747,NA,Energy,46271.42,7,15,1,0.654,642.2,Fair,5,Phone,0,0,DCA-05,2025-04-11,22,2025-05-03,In Progress,0,0.0,,,0,0,0,Medium
C003611,15595,IND,Manufacturing,14638.79,2,92,0,0.962,698.3,Good,2,Email,0,0,DCA-08,2025-05-13,27,2025-06-09,Closed,1,14638.79,55.0,2025-07-07,0,1,0,Medium
C003612,16825,APAC,FMCG,22795.45,1,255,0,0.955,726.1,Good,1,Phone,0,0,DCA-02,2026-01-04,30,2026-02-03,Escalated,0,0.0,,,0,0,1,Low
C003613,16093,NA,Logistics,4826.5,7,149,2,0.982,644.3,Fair,2,Portal,0,0,DCA-09,2025-09-24,13,2025-10-07,In Progress,0,0.0,,,0,0,0,Low
C003614,10740,EU,Logistics,18050.29,4,363,0,0.601,575.9,Poor,4,Phone,1,0,DCA-05,2025-06-23,17,2025-07-10,Escalated,0,0.0,,,0,0,1,Low
C003615,17512,EU,Manufacturing,6293.77,6,342,1,1.0,655.7,Fair,4,Email,0,1,DCA-01,2025-03-22,9,2025-03-31,PTP,0,0.0,,,0,0,1,Low
C003616,14468,APAC,Manufacturing,12787.49,4,35,0,1.0,698.5,Good,2,Email,0,0,DCA-10,2025-11-15,21,2025-12-06,In Progress,0,0.0,,,0,0,0,Medium
C003617,10514,APAC,FMCG,111400.48,4,322,0,0.845,599.0,Fair,1,Phone,1,0,DCA-09,2025-08-05,14,2025-08-19,Escalated,0,0.0,,,0,0,1,Low
C003618,14090,LATAM,Finance,16522.66,1,315,0,0.839,608.6,Fair,5,Phone,0,0,DCA-04,2025-07-21,24,2025-08-14,Escalated,0,0.0,,,0,0,1,Low
C003619,14351,APAC,Automotive,7297.82,3,39,3,0.747,593.1,Fair,6,Phone,1,0,DCA-06,2025-12-10,18,2025-12-28,Dispute,0,0.0,,,0,0,0,Low
C003620,10867,MEA,Finance,17773.29,1,141,0,0.684,656.8,Fair,2,Portal,0,1,DCA-03,2025-04-07,23,2025-04-30,PTP,0,0.0,,,0,0,0,Medium
C003621,19960,EU,Technology,9302.58,4,346,2,0.714,554.3,Poor,6,Portal,0,0,DCA-06,2026-01-10,18,2026-01-28,Escalated,0,0.0,,,0,0,1,Low
C003622,12223,EU,Healthcare,6819.08,1,7,1,0.786,674.5,Good,1,Phone,0,0,DCA-03,2025-03-04,19,2025-03-23,In Progress,0,0.0,,,0,0,0,Medium
C003623,13306,NA,Energy,58232.43,6,22,0,1.0,749.7,Very Good,2,Email,0,0,DCA-04,2025-10-02,22,2025-10-24,In Progress,0,0.0,,,0,0,0,Medium
C003624,14409,IND,FMCG,28191.29,3,186,0,0.822,800.4,Excellent,4,Email,0,0,DCA-03,2025-03-11,26,2025-04-06,Escalated,0,0.0,,,0,0,1,Low
C003625,18325,APAC,Retail,17015.43,6,347,0,1.0,632.1,Fair,6,Email,0,0,DCA-05,2025-01-25,10,2025-02-04,Escalated,0,0.0,,,0,0,1,Low
C003626,17429,NA,Automotive,10155.02,1,102,0,0.987,848.9,Excellent,4,SMS,0,0,DCA-01,2025-09-24,22,2025-10-16,Closed,1,7344.01,51.0,2025-11-14,0,1,0,Medium
C003627,17709,APAC,Energy,10747.7,1,282,1,0.75,548.5,Poor,3,Portal,0,0,DCA-06,2025-09-16,17,2025-10-03,Escalated,0,0.0,,,0,0,1,Low
C003628,12370,EU,Technology,39329.78,3,253,3,0.961,663.8,Fair,8,Phone,1,0,DCA-02,2025-10-23,23,2025-11-15,Escalated,0,0.0,,,0,0,1,Low
C003629,18454,NA,Logistics,16557.66,6,54,1,1.0,710.7,Good,2,Portal,1,0,DCA-02,2025-01-05,22,2025-01-27,Dispute,0,0.0,,,0,0,0,Low
C003630,18297,MEA,Retail,1543.85,6,105,0,1.0,797.5,Very Good,6,Email,0,1,DCA-04,2025-03-08,13,2025-03-21,Closed,1,1427.9,20.0,2025-03-28,1,1,0,Medium
C003631,14638,APAC,Healthcare,72740.75,4,228,0,0.743,540.7,Poor,6,Phone,0,0,DCA-08,2025-06-01,17,2025-06-18,Escalated,0,0.0,,,0,0,1,Low
C003632,15457,APAC,FMCG,15186.22,5,176,0,0.847,692.3,Good,2,Email,0,1,DCA-04,2026-01-26,26,2026-02-21,PTP,0,0.0,,,0,0,0,Low
C003633,10371,APAC,Finance,16989.63,5,87,0,0.54,564.8,Poor,2,Phone,0,0,DCA-08,2026-01-05,21,2026-01-26,Closed,1,12342.95,64.0,2026-03-10,0,0,0,Low
C003634,17604,LATAM,Finance,28586.4,5,74,0,0.862,773.6,Very Good,6,Email,0,0,DCA-10,2025-12-28,20,2026-01-17,Closed,1,23200.43,50.0,2026-02-16,0,1,0,Low
C003635,19609,IND,Logistics,18504.74,6,203,0,0.886,685.8,Good,6,Phone,0,1,DCA-10,2025-10-11,27,2025-11-07,Closed,1,18504.74,39.0,2025-11-19,0,1,0,Medium
C003636,14725,APAC,Healthcare,22535.25,1,302,0,1.0,741.5,Very Good,3,Portal,0,0,DCA-03,2025-04-06,27,2025-05-03,Escalated,0,0.0,,,0,0,1,Low
C003637,15405,APAC,Finance,9930.77,4,151,0,0.832,652.5,Fair,3,Email,0,1,DCA-10,2025-10-30,8,2025-11-07,Closed,1,8133.21,30.0,2025-11-29,1,1,0,Medium
C003638,14991,LATAM,Retail,5648.49,6,337,0,1.0,650.2,Fair,1,Portal,0,0,DCA-09,2025-05-05,10,2025-05-15,Escalated,0,0.0,,,0,0,1,Low
C003639,10826,NA,Energy,16255.12,4,243,0,1.0,673.3,Good,4,Email,0,1,DCA-01,2025-05-25,24,2025-06-18,PTP,0,0.0,,,0,0,1,Medium
C003640,16197,IND,Technology,36392.95,2,147,1,0.998,779.0,Very Good,3,Phone,0,1,DCA-10,2026-01-19,16,2026-02-04,PTP,0,0.0,,,0,0,0,Medium
C003641,17214,NA,Healthcare,8489.1,5,258,0,0.675,603.9,Fair,4,Phone,0,0,DCA-10,2025-04-19,30,2025-05-19,Closed,1,6887.58,70.0,2025-06-28,0,0,0,Low
C003642,19279,EU,Finance,8025.53,3,164,1,0.904,570.6,Poor,4,Email,0,0,DCA-08,2026-01-30,23,2026-02-22,In Progress,0,0.0,,,0,0,0,Low
C003643,19297,IND,FMCG,31404.72,4,276,1,0.784,487.2,Poor,4,Phone,0,1,DCA-07,2025-11-19,12,2025-12-01,Closed,1,31404.72,55.0,2026-01-13,0,1,0,Medium
C003644,14918,LATAM,FMCG,9700.46,4,358,0,0.985,576.9,Poor,6,Email,0,0,DCA-10,2025-06-12,28,2025-07-10,Closed,1,7800.26,69.0,2025-08-20,0,0,0,Low
C003645,19589,APAC,Energy,10022.7,5,287,1,0.908,647.0,Fair,6,Phone,0,1,DCA-02,2025-04-25,9,2025-05-04,Closed,1,9770.5,41.0,2025-06-05,0,1,0,Low
C003646,15286,MEA,Logistics,10288.67,7,52,0,1.0,788.5,Very Good,3,Email,0,0,DCA-08,2025-11-27,27,2025-12-24,Closed,1,8936.8,55.0,2026-01-21,0,1,0,Medium
C003647,16420,APAC,Logistics,12765.65,5,27,0,0.772,675.2,Good,2,Email,0,0,DCA-10,2025-12-29,25,2026-01-23,Closed,1,10535.08,32.0,2026-01-30,0,1,0,Medium
C003648,16019,EU,FMCG,4440.19,7,295,0,0.766,680.1,Good,0,Email,1,0,DCA-05,2025-12-30,21,2026-01-20,Escalated,0,0.0,,,0,0,1,Low
C003649,19986,IND,Finance,9158.72,1,309,2,0.788,664.4,Fair,4,Phone,0,0,DCA-03,2025-04-28,8,2025-05-06,Escalated,0,0.0,,,0,0,1,Low
C003650,17375,APAC,Healthcare,15697.51,6,207,1,0.704,533.4,Poor,3,Email,1,0,DCA-05,2025-12-14,24,2026-01-07,Escalated,0,0.0,,,0,0,1,Low
C003651,11200,APAC,Automotive,15619.36,3,90,1,0.764,596.5,Fair,4,Email,0,0,DCA-10,2025-05-28,18,2025-06-15,In Progress,0,0.0,,,0,0,0,Low
C003652,10718,NA,Automotive,30049.31,6,321,1,0.935,615.7,Fair,5,Email,1,1,DCA-08,2025-09-22,16,2025-10-08,Escalated,0,0.0,,,0,0,1,Low
C003653,14098,IND,Manufacturing,48415.46,1,164,0,0.526,632.3,Fair,5,Email,0,0,DCA-06,2025-08-27,21,2025-09-17,In Progress,0,0.0,,,0,0,0,Low
C003654,15156,EU,Aviation,38512.51,4,107,2,0.602,672.5,Good,4,Email,0,0,DCA-02,2025-06-15,11,2025-06-26,In Progress,0,0.0,,,0,0,0,Low
C003655,16686,LATAM,Healthcare,25342.97,1,134,0,0.977,672.0,Good,6,Phone,0,0,DCA-07,2025-05-18,22,2025-06-09,In Progress,0,0.0,,,0,0,0,Medium
C003656,14815,APAC,Manufacturing,12038.75,5,108,1,0.855,723.5,Good,1,SMS,0,1,DCA-03,2025-07-19,18,2025-08-06,Closed,1,10850.08,43.0,2025-08-31,0,1,0,Medium
C003657,15146,LATAM,Automotive,8637.35,2,103,0,0.889,688.4,Good,3,Email,0,1,DCA-10,2025-01-26,19,2025-02-14,PTP,0,0.0,,,0,0,0,Medium
C003658,19216,APAC,Manufacturing,13527.97,2,119,2,0.574,551.7,Poor,1,Email,0,0,DCA-06,2025-10-09,29,2025-11-07,In Progress,0,0.0,,,0,0,0,Low
C003659,13348,IND,Finance,20128.76,1,246,1,0.704,629.7,Fair,3,Portal,0,1,DCA-07,2025-01-18,15,2025-02-02,Closed,1,19478.41,40.0,2025-02-27,0,1,0,Low
C003660,14935,IND,Retail,23750.44,2,7,0,0.716,666.4,Fair,2,Portal,0,0,DCA-10,2025-04-13,15,2025-04-28,In Progress,0,0.0,,,0,0,0,Medium
C003661,15573,NA,Finance,20664.24,7,133,0,1.0,666.1,Fair,2,In-person,0,0,DCA-08,2025-09-01,27,2025-09-28,In Progress,0,0.0,,,0,0,0,Medium
C003662,14683,IND,Finance,12273.25,7,62,5,0.528,532.3,Poor,6,Phone,0,0,DCA-05,2025-10-08,19,2025-10-27,In Progress,0,0.0,,,0,0,0,Low
C003663,19681,APAC,Finance,23174.4,1,236,0,0.77,565.9,Poor,4,Email,1,0,DCA-06,2025-11-02,30,2025-12-02,Escalated,0,0.0,,,0,0,1,Low
C003664,19621,APAC,Technology,32293.16,7,363,0,1.0,673.6,Good,6,Email,0,0,DCA-10,2025-07-27,29,2025-08-25,Escalated,0,0.0,,,0,0,1,Low
C003665,15131,MEA,Logistics,24738.41,5,287,1,0.921,665.1,Fair,4,Email,0,0,DCA-10,2025-08-10,11,2025-08-21,Escalated,0,0.0,,,0,0,1,Low
C003666,14505,APAC,Technology,13063.68,3,91,0,0.972,637.6,Fair,3,Phone,0,0,DCA-05,2025-08-18,9,2025-08-27,In Progress,0,0.0,,,0,0,0,Low
C003667,15889,MEA,Finance,7452.51,7,187,0,0.834,693.8,Good,6,Phone,0,1,DCA-04,2025-12-12,11,2025-12-23,PTP,0,0.0,,,0,0,1,Low
C003668,11808,APAC,Technology,7329.79,2,8,0,1.0,742.1,Very Good,0,Email,0,0,DCA-08,2025-11-27,8,2025-12-05,Closed,1,5790.47,48.0,2026-01-14,0,1,0,Medium
C003669,14259,MEA,Automotive,8292.84,2,151,2,0.896,624.3,Fair,4,Email,0,1,DCA-02,2025-06-26,26,2025-07-22,PTP,0,0.0,,,0,0,0,Low
C003670,12169,APAC,Finance,15993.74,2,102,1,0.791,555.8,Poor,4,In-person,0,0,DCA-04,2026-01-08,21,2026-01-29,In Progress,0,0.0,,,0,0,0,Low
C003671,11440,NA,Manufacturing,19223.0,2,183,0,0.895,802.7,Excellent,3,Email,0,0,DCA-01,2025-04-15,10,2025-04-25,Escalated,0,0.0,,,0,0,1,Low
C003672,10951,LATAM,Retail,4963.31,4,149,0,1.0,813.0,Excellent,2,Email,0,1,DCA-09,2025-05-01,15,2025-05-16,PTP,0,0.0,,,0,0,0,Medium
C003673,15870,MEA,Technology,9388.15,1,249,0,0.688,732.1,Good,8,Email,0,1,DCA-01,2025-02-14,7,2025-02-21,PTP,0,0.0,,,0,0,1,Low
C003674,10005,EU,Finance,15840.1,2,200,0,1.0,680.5,Good,2,Phone,0,0,DCA-06,2025-10-29,22,2025-11-20,Escalated,0,0.0,,,0,0,1,Low
C003675,16461,MEA,Manufacturing,7116.88,3,342,2,0.535,506.6,Poor,5,Email,0,0,DCA-10,2025-08-17,27,2025-09-13,Closed,1,5624.48,87.0,2025-11-12,0,0,0,Low
C003676,14319,IND,Automotive,18101.19,5,25,2,0.672,685.8,Good,2,Phone,0,0,DCA-04,2025-08-25,16,2025-09-10,In Progress,0,0.0,,,0,0,0,Low
C003677,13664,APAC,Aviation,10773.02,7,344,1,0.573,548.9,Poor,4,Phone,0,1,DCA-09,2025-11-08,24,2025-12-02,PTP,0,0.0,,,0,0,1,Low
C003678,17692,EU,Automotive,8051.44,1,288,0,0.877,662.8,Fair,3,Portal,0,0,DCA-02,2025-04-25,19,2025-05-14,Escalated,0,0.0,,,0,0,1,Low
C003679,15387,NA,Technology,13866.68,5,260,0,0.852,660.1,Fair,7,Email,0,0,DCA-02,2025-04-06,23,2025-04-29,Escalated,0,0.0,,,0,0,1,Low
C003680,17334,NA,Technology,17581.39,1,301,0,1.0,779.0,Very Good,7,Email,0,1,DCA-03,2025-09-13,30,2025-10-13,PTP,0,0.0,,,0,0,1,Medium
C003681,17094,EU,Healthcare,7376.32,7,19,5,0.859,698.6,Good,3,Phone,0,0,DCA-09,2025-01-02,16,2025-01-18,In Progress,0,0.0,,,0,0,0,Low
C003682,10321,EU,Retail,11273.06,2,78,1,0.729,646.2,Fair,2,Phone,0,0,DCA-07,2025-09-16,18,2025-10-04,In Progress,0,0.0,,,0,0,0,Low
C003683,12154,NA,Finance,18534.24,6,1,2,0.496,676.0,Good,3,Phone,0,0,DCA-09,2025-03-26,16,2025-04-11,In Progress,0,0.0,,,0,0,0,Low
C003684,15699,APAC,FMCG,7836.42,6,291,1,0.601,639.8,Fair,2,Phone,0,0,DCA-03,2025-11-20,23,2025-12-13,Closed,1,6209.3,59.0,2026-01-18,0,1,0,Low
C003685,19755,IND,FMCG,4186.29,3,130,0,0.744,656.9,Fair,7,Portal,0,0,DCA-02,2025-04-04,16,2025-04-20,In Progress,0,0.0,,,0,0,0,Low
C003686,11542,APAC,Automotive,4556.9,3,132,1,0.67,646.8,Fair,4,Email,0,0,DCA-06,2025-06-10,30,2025-07-10,Closed,1,3526.78,78.0,2025-08-27,0,0,0,Low
C003687,11055,APAC,Technology,9970.28,3,223,0,0.785,595.9,Fair,4,In-person,0,0,DCA-01,2025-09-24,22,2025-10-16,Escalated,0,0.0,,,0,0,1,Low
C003688,19410,LATAM,Retail,5308.73,4,155,0,1.0,722.0,Good,0,Email,0,0,DCA-05,2025-11-17,16,2025-12-03,In Progress,0,0.0,,,0,0,0,Medium
C003689,19668,IND,Energy,10473.41,4,232,1,0.764,579.7,Poor,9,Email,0,0,DCA-10,2025-12-04,17,2025-12-21,Escalated,0,0.0,,,0,0,1,Low
C003690,11673,EU,Energy,42849.96,5,341,1,0.739,565.5,Poor,5,Email,1,0,DCA-07,2025-04-07,7,2025-04-14,Escalated,0,0.0,,,0,0,1,Low
C003691,14017,IND,FMCG,5089.74,4,121,0,0.995,704.5,Good,2,SMS,1,1,DCA-06,2025-12-06,19,2025-12-25,Escalated,0,0.0,,,0,0,1,Medium
C003692,16266,IND,Logistics,10961.85,6,325,0,0.93,752.0,Very Good,10,Phone,0,0,DCA-02,2025-07-02,23,2025-07-25,Closed,1,10194.39,77.0,2025-09-17,0,0,0,Low
C003693,11952,APAC,Aviation,59433.49,4,194,2,0.856,696.2,Good,3,Email,0,0,DCA-05,2025-06-24,12,2025-07-06,Escalated,0,0.0,,,0,0,1,Low
C003694,13262,IND,Technology,17777.54,3,137,2,0.776,610.9,Fair,6,Portal,0,1,DCA-06,2025-09-02,22,2025-09-24,PTP,0,0.0,,,0,0,0,Low
C003695,13952,IND,Finance,10327.79,3,335,4,0.605,530.8,Poor,2,In-person,0,0,DCA-06,2026-01-24,20,2026-02-13,Escalated,0,0.0,,,0,0,1,Low
C003696,16415,IND,Retail,11970.28,6,178,2,0.861,580.7,Fair,5,Phone,0,0,DCA-06,2025-08-25,15,2025-09-09,In Progress,0,0.0,,,0,0,0,Low
C003697,13080,APAC,Automotive,18043.73,1,47,3,0.377,540.4,Poor,2,Email,1,0,DCA-10,2025-05-13,26,2025-06-08,Dispute,0,0.0,,,0,0,0,Low
C003698,14122,IND,Aviation,43784.73,3,105,0,0.608,669.4,Fair,3,Phone,0,0,DCA-02,2025-01-20,24,2025-02-13,In Progress,0,0.0,,,0,0,0,Low
C003699,12895,MEA,Retail,9213.29,3,308,2,0.775,599.5,Fair,2,Phone,0,0,DCA-04,2025-12-11,11,2025-12-22,Escalated,0,0.0,,,0,0,1,Low
C003700,17596,NA,Aviation,7861.03,5,188,0,1.0,660.6,Fair,2,Email,0,0,DCA-02,2025-05-20,25,2025-06-14,Escalated,0,0.0,,,0,0,1,Low
C003701,11530,NA,Finance,5088.99,1,204,1,0.883,637.2,Fair,3,Email,0,1,DCA-05,2025-11-18,12,2025-11-30,PTP,0,0.0,,,0,0,1,Low
C003702,12306,APAC,Finance,14359.5,4,249,1,1.0,729.1,Good,2,Phone,0,1,DCA-01,2025-05-06,12,2025-05-18,PTP,0,0.0,,,0,0,1,Low
C003703,12499,LATAM,Retail,4994.13,5,71,1,0.924,780.2,Very Good,8,Portal,0,0,DCA-04,2025-02-10,20,2025-03-02,In Progress,0,0.0,,,0,0,0,Low
C003704,19057,IND,Manufacturing,9656.17,7,34,3,0.614,574.8,Poor,4,Email,0,0,DCA-04,2026-01-18,11,2026-01-29,In Progress,0,0.0,,,0,0,0,Low
C003705,19444,NA,Logistics,7072.16,4,161,0,0.944,706.2,Good,4,Phone,0,0,DCA-08,2025-02-03,8,2025-02-11,In Progress,0,0.0,,,0,0,0,Medium
C003706,15002,EU,Finance,28335.95,7,335,0,1.0,662.6,Fair,4,Portal,0,0,DCA-10,2026-01-18,23,2026-02-10,Escalated,0,0.0,,,0,0,1,Low
C003707,11564,IND,Logistics,9359.27,5,47,0,0.922,741.5,Very Good,0,Phone,0,0,DCA-06,2025-03-21,25,2025-04-15,Closed,1,8137.51,49.0,2025-05-09,0,1,0,Low
C003708,17560,EU,Logistics,17638.71,6,262,2,0.747,646.8,Fair,6,Phone,0,1,DCA-08,2025-05-24,17,2025-06-10,Closed,1,16494.6,31.0,2025-06-24,0,1,0,Low
C003709,14920,LATAM,Energy,4346.54,2,357,0,0.713,472.5,Poor,10,Email,0,0,DCA-04,2025-03-04,14,2025-03-18,Escalated,0,0.0,,,0,0,1,Low
C003710,18497,APAC,Retail,14647.94,7,36,1,0.615,547.5,Poor,0,In-person,0,0,DCA-03,2025-11-07,10,2025-11-17,Closed,1,11505.96,53.0,2025-12-30,0,1,0,Low
C003711,13599,NA,FMCG,5754.79,2,49,0,1.0,786.1,Very Good,3,Phone,1,1,DCA-02,2025-01-24,25,2025-02-18,Dispute,0,0.0,,,0,0,0,Medium
C003712,19988,NA,Energy,9917.4,1,317,1,0.952,570.8,Poor,5,Email,0,0,DCA-04,2025-08-07,9,2025-08-16,Escalated,0,0.0,,,0,0,1,Low
C003713,18070,APAC,Finance,62808.26,1,40,0,0.958,785.5,Very Good,2,Email,0,1,DCA-08,2026-01-21,20,2026-02-10,Closed,1,59632.67,13.0,2026-02-03,1,1,0,Medium
C003714,12239,NA,Logistics,25655.73,5,271,1,0.715,524.9,Poor,4,Phone,0,0,DCA-07,2025-06-06,7,2025-06-13,Escalated,0,0.0,,,0,0,1,Low
C003715,17255,NA,Energy,12211.23,5,291,0,0.794,577.2,Poor,4,Email,0,0,DCA-02,2025-03-18,20,2025-04-07,Escalated,0,0.0,,,0,0,1,Low
C003716,12868,EU,Retail,125399.43,2,114,0,0.828,744.7,Very Good,2,Email,0,0,DCA-08,2025-11-05,8,2025-11-13,In Progress,0,0.0,,,0,0,0,Low
C003717,13497,IND,Healthcare,7040.1,7,107,0,0.731,688.8,Good,3,SMS,0,0,DCA-01,2025-09-01,9,2025-09-10,Closed,1,5782.14,46.0,2025-10-17,0,1,0,Medium
C003718,12504,LATAM,Manufacturing,30201.64,2,190,0,0.844,684.2,Good,3,Portal,0,0,DCA-02,2026-01-12,23,2026-02-04,Escalated,0,0.0,,,0,0,1,Low
C003719,16822,EU,Aviation,4569.36,5,185,2,0.66,497.1,Poor,2,Phone,0,0,DCA-02,2025-06-21,14,2025-07-05,Escalated,0,0.0,,,0,0,1,Low
C003720,12628,LATAM,Finance,11262.73,4,314,0,0.56,567.5,Poor,4,Email,0,0,DCA-07,2025-05-23,29,2025-06-21,Escalated,0,0.0,,,0,0,1,Low
C003721,16387,IND,Energy,5200.69,5,216,1,0.883,598.2,Fair,4,Email,0,1,DCA-03,2025-05-09,21,2025-05-30,PTP,0,0.0,,,0,0,1,Medium
C003722,15824,IND,Aviation,15995.99,6,353,0,1.0,766.7,Very Good,9,Phone,0,1,DCA-09,2025-03-08,26,2025-04-03,PTP,0,0.0,,,0,0,1,Low
C003723,17507,IND,Energy,13893.54,7,88,0,0.73,722.0,Good,4,Email,1,0,DCA-01,2025-08-05,10,2025-08-15,Dispute,0,0.0,,,0,0,0,Low
C003724,19935,LATAM,Finance,10771.24,6,103,0,0.794,619.1,Fair,5,Phone,1,0,DCA-10,2026-01-11,18,2026-01-29,Escalated,0,0.0,,,0,0,1,Low
C003725,10088,APAC,Aviation,28693.9,7,88,0,0.696,620.0,Fair,2,In-person,0,0,DCA-01,2025-09-17,17,2025-10-04,In Progress,0,0.0,,,0,0,0,Low
C003726,19902,MEA,Energy,8982.47,7,237,1,0.911,732.9,Good,6,Phone,0,0,DCA-10,2025-10-07,23,2025-10-30,Escalated,0,0.0,,,0,0,1,Low
C003727,11093,NA,Healthcare,16794.32,3,13,0,1.0,758.1,Very Good,2,SMS,0,0,DCA-02,2025-10-17,7,2025-10-24,In Progress,0,0.0,,,0,0,0,Medium
C003728,15267,MEA,Aviation,23727.46,4,314,0,1.0,673.0,Good,7,Email,1,0,DCA-01,2025-03-27,21,2025-04-17,Closed,1,19942.4,76.0,2025-06-11,0,0,1,Low
C003729,13408,EU,Aviation,4730.31,2,281,0,0.536,435.3,Poor,3,Email,0,0,DCA-03,2025-11-06,27,2025-12-03,Escalated,0,0.0,,,0,0,1,Low
C003730,16390,MEA,Manufacturing,7911.79,7,360,3,0.782,551.6,Poor,4,Phone,0,0,DCA-04,2025-01-04,12,2025-01-16,Escalated,0,0.0,,,0,0,1,Low
C003731,17217,APAC,Energy,13873.04,7,349,0,0.887,575.8,Poor,8,Phone,0,1,DCA-08,2025-06-27,13,2025-07-10,PTP,0,0.0,,,0,0,1,Low
C003732,18599,EU,Logistics,20766.73,7,26,1,0.619,678.0,Good,4,Email,1,0,DCA-09,2025-09-19,16,2025-10-05,Dispute,0,0.0,,,0,0,0,Low
C003733,14019,IND,Finance,36129.55,6,273,0,1.0,782.0,Very Good,1,Phone,0,1,DCA-04,2025-03-07,25,2025-04-01,PTP,0,0.0,,,0,0,1,Medium
C003734,19329,IND,Healthcare,11486.0,6,184,0,1.0,663.4,Fair,5,SMS,0,0,DCA-03,2025-09-04,18,2025-09-22,Escalated,0,0.0,,,0,0,1,Low
C003735,13224,LATAM,Logistics,10705.04,6,268,0,0.924,600.9,Fair,2,Email,0,0,DCA-03,2025-01-28,26,2025-02-23,Escalated,0,0.0,,,0,0,1,Low
C003736,12038,IND,Manufacturing,7253.09,2,319,3,0.752,519.6,Poor,9,Portal,0,0,DCA-09,2025-03-30,13,2025-04-12,Escalated,0,0.0,,,0,0,1,Low
C003737,13791,IND,Retail,16831.19,2,213,0,1.0,758.8,Very Good,9,Phone,0,0,DCA-01,2025-10-30,29,2025-11-28,Escalated,0,0.0,,,0,0,1,Medium
C003738,15285,EU,Logistics,10851.06,4,2,1,0.759,692.5,Good,4,In-person,0,0,DCA-05,2025-09-11,29,2025-10-10,Closed,1,8647.12,58.0,2025-11-08,0,1,0,Medium
C003739,16681,LATAM,Finance,11027.83,3,315,2,0.947,596.0,Fair,8,SMS,0,1,DCA-03,2026-01-12,14,2026-01-26,PTP,0,0.0,,,0,0,1,Low
C003740,18328,IND,Technology,12509.93,6,160,0,0.932,753.0,Very Good,5,SMS,1,1,DCA-04,2025-03-02,13,2025-03-15,Escalated,0,0.0,,,0,0,1,Low
C003741,12248,NA,FMCG,19656.03,6,167,3,0.743,700.7,Good,7,Email,0,1,DCA-03,2025-11-28,25,2025-12-23,Closed,1,17134.3,41.0,2026-01-08,0,1,0,Low
C003742,13032,LATAM,Finance,9003.68,7,213,1,0.773,626.9,Fair,3,Phone,0,1,DCA-08,2025-06-09,23,2025-07-02,PTP,0,0.0,,,0,0,1,Medium
C003743,19386,EU,FMCG,7781.38,6,332,1,0.566,589.2,Fair,9,Email,0,0,DCA-03,2025-11-07,23,2025-11-30,Escalated,0,0.0,,,0,0,1,Low
C003744,14398,APAC,Retail,18073.59,1,192,0,0.854,665.9,Fair,6,SMS,0,1,DCA-10,2025-05-03,14,2025-05-17,PTP,0,0.0,,,0,0,1,Low
C003745,12415,NA,Energy,1606.79,3,76,2,0.843,672.8,Good,2,Phone,0,0,DCA-07,2025-11-02,22,2025-11-24,In Progress,0,0.0,,,0,0,0,Medium
C003746,19856,EU,Retail,8755.39,3,267,0,0.763,666.3,Fair,2,Phone,1,0,DCA-03,2025-12-08,18,2025-12-26,Escalated,0,0.0,,,0,0,1,Low
C003747,14489,IND,Healthcare,5967.5,5,231,0,0.911,657.8,Fair,6,Phone,0,0,DCA-01,2025-10-15,28,2025-11-12,Escalated,0,0.0,,,0,0,1,Low
C003748,19850,NA,Aviation,31016.69,3,24,0,0.896,687.9,Good,2,Email,0,0,DCA-02,2025-04-26,23,2025-05-19,In Progress,0,0.0,,,0,0,0,Medium
C003749,19193,EU,Finance,9811.86,7,194,0,0.774,620.6,Fair,3,Email,0,0,DCA-06,2025-12-04,22,2025-12-26,Escalated,0,0.0,,,0,0,1,Low
C003750,19061,IND,Retail,9022.7,3,286,1,0.955,572.5,Poor,5,Phone,0,0,DCA-09,2025-04-22,25,2025-05-17,Escalated,0,0.0,,,0,0,1,Low
C003751,15818,NA,Finance,12912.67,4,322,0,0.835,496.2,Poor,12,Email,0,1,DCA-04,2025-02-15,18,2025-03-05,PTP,0,0.0,,,0,0,1,Low
C003752,17984,IND,Automotive,8806.45,6,104,1,0.783,662.3,Fair,1,Email,0,0,DCA-04,2025-10-25,12,2025-11-06,Closed,1,7083.54,57.0,2025-12-21,0,1,0,Low
C003753,19605,IND,Energy,10078.36,3,191,0,0.862,650.7,Fair,5,Email,0,0,DCA-10,2025-03-28,20,2025-04-17,Closed,1,8684.22,53.0,2025-05-20,0,1,0,Low
C003754,12691,IND,FMCG,14299.46,1,301,0,0.871,607.6,Fair,8,Portal,0,0,DCA-05,2025-01-07,20,2025-01-27,Escalated,0,0.0,,,0,0,1,Low
C003755,10377,IND,Automotive,9942.48,3,213,0,0.565,588.5,Fair,3,Email,0,0,DCA-02,2025-02-02,17,2025-02-19,Closed,1,7471.86,51.0,2025-03-25,0,1,0,Low
C003756,13208,IND,Manufacturing,9892.65,3,153,0,0.954,727.8,Good,3,Portal,0,0,DCA-02,2025-10-11,22,2025-11-02,Closed,1,7630.54,56.0,2025-12-06,0,1,0,Low
C003757,16368,EU,Energy,6587.24,5,68,1,0.814,688.8,Good,0,Email,0,0,DCA-09,2025-01-16,18,2025-02-03,In Progress,0,0.0,,,0,0,0,Low
C003758,15472,IND,Retail,5957.17,5,16,4,1.0,750.1,Very Good,3,Phone,0,0,DCA-05,2025-01-19,7,2025-01-26,In Progress,0,0.0,,,0,0,0,Low
C003759,10805,APAC,Manufacturing,13939.0,4,252,1,0.71,697.1,Good,7,Phone,0,0,DCA-08,2026-01-29,28,2026-02-26,Escalated,0,0.0,,,0,0,1,Low
C003760,15607,NA,Finance,16557.93,3,351,0,0.726,666.3,Fair,6,Phone,0,0,DCA-06,2025-01-23,25,2025-02-17,Escalated,0,0.0,,,0,0,1,Low
C003761,11743,IND,Finance,4916.2,4,219,5,0.604,577.5,Poor,4,Email,1,0,DCA-02,2025-10-02,30,2025-11-01,Escalated,0,0.0,,,0,0,1,Low
C003762,15055,NA,FMCG,22741.78,2,285,0,0.737,665.7,Fair,3,Portal,0,1,DCA-03,2025-07-13,22,2025-08-04,PTP,0,0.0,,,0,0,1,Low
C003763,15757,NA,Finance,22807.24,2,247,0,0.64,571.6,Poor,5,Portal,0,1,DCA-02,2025-05-13,28,2025-06-10,PTP,0,0.0,,,0,0,1,Low
C003764,16366,NA,Healthcare,26430.72,5,127,0,0.769,652.6,Fair,2,SMS,1,1,DCA-02,2026-01-14,22,2026-02-05,Escalated,0,0.0,,,0,0,1,Low
C003765,14125,EU,Finance,16480.32,7,191,0,0.817,671.2,Good,1,Email,0,0,DCA-07,2025-05-16,30,2025-06-15,Escalated,0,0.0,,,0,0,1,Low
C003766,14083,APAC,Logistics,20867.69,4,99,0,0.577,587.7,Fair,3,Email,1,0,DCA-08,2025-03-06,11,2025-03-17,Escalated,0,0.0,,,0,0,1,Low
C003767,16785,EU,Retail,61667.86,1,82,1,0.846,669.9,Fair,5,Email,1,1,DCA-07,2025-06-05,13,2025-06-18,Dispute,0,0.0,,,0,0,0,Low
C003768,17491,IND,Manufacturing,10817.66,7,215,1,0.819,593.3,Fair,2,Portal,0,1,DCA-10,2025-05-01,18,2025-05-19,PTP,0,0.0,,,0,0,1,Low
C003769,18077,IND,Energy,6425.41,3,236,1,0.888,511.8,Poor,7,SMS,1,1,DCA-10,2025-10-31,12,2025-11-12,Escalated,0,0.0,,,0,0,1,Low
C003770,13335,EU,FMCG,4564.93,6,360,1,0.889,627.1,Fair,4,Phone,0,0,DCA-10,2025-09-27,20,2025-10-17,Escalated,0,0.0,,,0,0,1,Low
C003771,14240,APAC,Technology,45659.72,7,86,1,0.962,635.0,Fair,3,Phone,0,0,DCA-08,2025-02-09,16,2025-02-25,In Progress,0,0.0,,,0,0,0,Low
C003772,13306,IND,Manufacturing,46080.77,7,106,0,0.893,708.3,Good,6,SMS,0,0,DCA-05,2025-12-19,15,2026-01-03,In Progress,0,0.0,,,0,0,0,Medium
C003773,15275,NA,Healthcare,6993.81,1,61,3,0.933,653.6,Fair,0,Email,0,0,DCA-04,2025-12-11,15,2025-12-26,In Progress,0,0.0,,,0,0,0,Low
C003774,11272,NA,FMCG,8029.48,2,346,1,0.99,651.6,Fair,10,Phone,0,0,DCA-01,2025-07-15,23,2025-08-07,Escalated,0,0.0,,,0,0,1,Low
C003775,14300,EU,FMCG,10648.84,5,285,1,0.578,524.5,Poor,3,Email,0,1,DCA-10,2025-06-04,10,2025-06-14,PTP,0,0.0,,,0,0,1,Low
C003776,11887,EU,Healthcare,31475.97,6,121,0,0.962,683.2,Good,5,Portal,0,1,DCA-03,2025-07-16,7,2025-07-23,Closed,1,31475.97,27.0,2025-08-12,1,1,0,High
C003777,15324,NA,Retail,5425.63,6,353,0,0.851,640.2,Fair,1,Phone,0,0,DCA-02,2025-07-22,28,2025-08-19,Escalated,0,0.0,,,0,0,1,Low
C003778,18505,IND,Manufacturing,3372.35,4,257,3,0.735,549.8,Poor,2,Email,1,1,DCA-01,2025-05-03,19,2025-05-22,Escalated,0,0.0,,,0,0,1,Low
C003779,19853,NA,Logistics,60916.55,2,174,1,0.859,680.6,Good,3,In-person,0,0,DCA-03,2025-06-21,26,2025-07-17,In Progress,0,0.0,,,0,0,0,Low
C003780,14462,EU,Healthcare,16624.97,5,139,0,0.976,648.0,Fair,1,Portal,0,0,DCA-09,2025-05-30,8,2025-06-07,Closed,1,11786.54,55.0,2025-07-24,0,1,0,Medium
C003781,10563,NA,Logistics,18362.93,5,208,0,0.6,670.9,Good,3,Phone,0,1,DCA-10,2026-01-22,12,2026-02-03,PTP,0,0.0,,,0,0,1,Low
C003782,12278,EU,Automotive,11572.95,4,31,2,0.701,584.6,Fair,1,Portal,1,0,DCA-03,2025-02-25,17,2025-03-14,Closed,1,8651.99,56.0,2025-04-22,0,1,0,Low
C003783,11048,NA,Retail,18509.69,5,63,0,1.0,743.0,Very Good,5,Email,0,0,DCA-09,2025-01-24,19,2025-02-12,In Progress,0,0.0,,,0,0,0,Medium
C003784,17593,NA,FMCG,4628.81,2,341,0,0.895,618.8,Fair,5,SMS,0,0,DCA-06,2025-02-17,28,2025-03-17,Closed,1,4359.9,74.0,2025-05-02,0,0,0,Low
C003785,19846,LATAM,Energy,7415.71,6,76,0,0.714,683.8,Good,3,SMS,0,1,DCA-03,2025-03-03,10,2025-03-13,Closed,1,6291.09,32.0,2025-04-04,0,1,0,High
C003786,15539,APAC,Retail,14380.24,1,60,2,0.462,666.7,Fair,3,Phone,0,0,DCA-03,2025-10-18,17,2025-11-04,In Progress,0,0.0,,,0,0,0,Low
C003787,11768,EU,Logistics,2725.42,6,314,1,1.0,598.8,Fair,3,Phone,0,1,DCA-04,2025-05-20,10,2025-05-30,PTP,0,0.0,,,0,0,1,Low
C003788,10211,IND,Manufacturing,10810.12,6,344,2,0.611,504.6,Poor,5,Email,0,0,DCA-02,2025-07-11,30,2025-08-10,Escalated,0,0.0,,,0,0,1,Low
C003789,19760,IND,FMCG,10353.55,5,298,1,1.0,645.5,Fair,2,Phone,1,0,DCA-07,2025-11-23,22,2025-12-15,Escalated,0,0.0,,,0,0,1,Low
C003790,13163,LATAM,Automotive,10808.81,6,38,1,0.974,694.3,Good,5,Email,0,1,DCA-01,2025-11-04,25,2025-11-29,Closed,1,10808.81,23.0,2025-11-27,1,1,0,Medium
C003791,11120,NA,Manufacturing,9083.75,7,306,3,0.775,658.8,Fair,5,Email,0,0,DCA-09,2025-12-27,21,2026-01-17,Escalated,0,0.0,,,0,0,1,Low
C003792,11770,IND,Retail,6653.35,2,98,1,0.708,766.0,Very Good,2,Portal,0,0,DCA-08,2025-09-14,29,2025-10-13,In Progress,0,0.0,,,0,0,0,Medium
C003793,12552,EU,Technology,3731.55,4,5,0,0.919,740.7,Very Good,2,SMS,0,1,DCA-04,2025-10-31,30,2025-11-30,PTP,0,0.0,,,0,0,0,Medium
C003794,16558,APAC,Technology,14784.33,5,336,1,0.909,692.0,Good,5,Email,0,0,DCA-05,2025-01-02,28,2025-01-30,Escalated,0,0.0,,,0,0,1,Low
C003795,18917,MEA,Technology,10828.24,7,98,3,0.768,627.0,Fair,2,Email,1,0,DCA-05,2025-05-04,12,2025-05-16,Escalated,0,0.0,,,0,0,1,Low
C003796,12750,IND,Technology,5101.57,6,240,0,0.721,612.5,Fair,5,Email,0,0,DCA-10,2025-07-18,27,2025-08-14,Escalated,0,0.0,,,0,0,1,Low
C003797,16872,APAC,Manufacturing,13957.52,5,27,0,0.93,692.5,Good,2,Phone,0,0,DCA-05,2025-12-27,13,2026-01-09,In Progress,0,0.0,,,0,0,0,Medium
C003798,10649,APAC,Logistics,10867.53,4,69,1,0.724,601.5,Fair,2,Phone,1,0,DCA-10,2025-08-06,14,2025-08-20,Dispute,0,0.0,,,0,0,0,Low
C003799,10101,IND,Healthcare,9674.83,2,321,3,0.782,542.3,Poor,3,Phone,0,0,DCA-08,2025-10-12,7,2025-10-19,Escalated,0,0.0,,,0,0,1,Low
C003800,10549,APAC,Energy,2951.81,3,216,2,0.663,493.2,Poor,4,Portal,1,0,DCA-08,2025-02-24,26,2025-03-22,Escalated,0,0.0,,,0,0,1,Low
C003801,19231,MEA,Energy,21545.82,4,364,0,1.0,632.2,Fair,9,Email,0,0,DCA-07,2025-11-02,28,2025-11-30,Escalated,0,0.0,,,0,0,1,Low
C003802,15817,NA,Healthcare,5635.63,7,66,0,0.944,693.0,Good,2,Portal,0,0,DCA-07,2026-01-13,15,2026-01-28,Closed,1,4606.6,46.0,2026-02-28,0,1,0,Medium
C003803,18051,LATAM,Manufacturing,13964.72,7,325,2,0.737,459.6,Poor,5,Phone,0,0,DCA-04,2025-05-21,25,2025-06-15,Escalated,0,0.0,,,0,0,1,Low
C003804,10217,NA,Technology,7587.16,5,319,1,0.723,570.0,Poor,6,SMS,0,0,DCA-02,2025-11-12,27,2025-12-09,Escalated,0,0.0,,,0,0,1,Low
C003805,10222,EU,Manufacturing,10177.06,1,337,0,0.514,636.6,Fair,8,Phone,0,1,DCA-06,2025-03-23,20,2025-04-12,PTP,0,0.0,,,0,0,1,Low
C003806,18487,APAC,Logistics,29929.65,6,19,2,0.735,635.0,Fair,2,In-person,1,1,DCA-08,2025-12-22,18,2026-01-09,Closed,1,21924.42,49.0,2026-02-09,0,1,0,Low
C003807,11026,MEA,Finance,19382.63,4,39,1,0.701,615.5,Fair,3,Email,1,0,DCA-02,2025-10-01,22,2025-10-23,Closed,1,15163.6,58.0,2025-11-28,0,1,0,Low
C003808,11553,NA,Technology,29467.05,5,193,1,0.78,637.8,Fair,1,Phone,0,1,DCA-05,2025-08-24,7,2025-08-31,PTP,0,0.0,,,0,0,1,Low
C003809,15189,NA,FMCG,16835.92,4,43,0,0.643,668.6,Fair,3,Email,0,0,DCA-03,2025-08-21,17,2025-09-07,Closed,1,12765.29,75.0,2025-11-04,0,0,0,Medium
C003810,16065,NA,Energy,17629.0,6,24,1,0.67,585.8,Fair,2,Email,0,0,DCA-05,2025-11-25,28,2025-12-23,Closed,1,17192.47,55.0,2026-01-19,0,1,0,Medium
C003811,12288,APAC,FMCG,3839.9,2,296,1,0.975,746.7,Very Good,9,Portal,0,1,DCA-02,2025-04-14,15,2025-04-29,PTP,0,0.0,,,0,0,1,Low
C003812,14446,NA,Retail,10697.15,2,253,0,0.86,697.0,Good,3,Phone,0,0,DCA-07,2025-03-13,23,2025-04-05,Escalated,0,0.0,,,0,0,1,Low
C003813,16748,IND,Energy,11413.63,2,308,0,0.709,673.3,Good,4,Email,0,0,DCA-07,2025-08-27,7,2025-09-03,Escalated,0,0.0,,,0,0,1,Low
C003814,14428,IND,Manufacturing,31462.93,7,341,1,0.758,634.5,Fair,10,Portal,0,0,DCA-05,2025-12-04,23,2025-12-27,Escalated,0,0.0,,,0,0,1,Low
C003815,13826,EU,Aviation,9373.48,1,52,0,1.0,750.7,Very Good,8,Email,0,0,DCA-03,2025-12-30,14,2026-01-13,Closed,1,9373.48,37.0,2026-02-05,0,1,0,High
C003816,10717,LATAM,Manufacturing,16081.13,3,303,0,0.77,616.4,Fair,2,SMS,0,0,DCA-03,2025-12-30,28,2026-01-27,Escalated,0,0.0,,,0,0,1,Low
C003817,14518,APAC,FMCG,15646.93,3,16,0,0.888,780.9,Very Good,2,Phone,0,0,DCA-02,2025-03-07,24,2025-03-31,In Progress,0,0.0,,,0,0,0,Medium
C003818,18027,NA,Automotive,30042.63,6,136,1,0.768,779.8,Very Good,2,Portal,0,0,DCA-10,2025-01-08,30,2025-02-07,In Progress,0,0.0,,,0,0,0,Low
C003819,16267,LATAM,Automotive,12165.74,3,109,0,0.843,598.7,Fair,3,Phone,0,0,DCA-03,2025-03-25,9,2025-04-03,In Progress,0,0.0,,,0,0,0,Medium
C003820,18930,MEA,Retail,23847.89,7,87,0,0.943,787.6,Very Good,3,Phone,0,0,DCA-05,2025-09-11,25,2025-10-06,In Progress,0,0.0,,,0,0,0,High
C003821,11261,IND,Technology,4050.5,7,262,1,0.724,601.0,Fair,5,Email,0,0,DCA-06,2025-06-10,13,2025-06-23,Escalated,0,0.0,,,0,0,1,Low
C003822,10110,EU,Retail,4316.44,5,45,2,0.539,640.1,Fair,2,Phone,0,0,DCA-07,2025-02-07,20,2025-02-27,In Progress,0,0.0,,,0,0,0,Medium
C003823,15481,NA,FMCG,2701.76,3,295,1,0.755,658.2,Fair,5,Email,0,1,DCA-08,2025-06-03,12,2025-06-15,PTP,0,0.0,,,0,0,1,Low
C003824,11786,IND,Energy,23160.17,5,318,0,1.0,658.4,Fair,1,Phone,0,1,DCA-04,2025-09-13,11,2025-09-24,PTP,0,0.0,,,0,0,1,Medium
C003825,15939,IND,Aviation,21409.0,5,243,0,0.763,651.9,Fair,4,Email,0,0,DCA-06,2025-01-22,27,2025-02-18,Escalated,0,0.0,,,0,0,1,Low
C003826,19039,EU,Finance,25028.72,1,30,0,1.0,794.6,Very Good,1,Phone,0,0,DCA-10,2025-12-20,24,2026-01-13,In Progress,0,0.0,,,0,0,0,Medium
C003827,13371,NA,FMCG,8315.25,6,218,0,0.762,579.9,Poor,4,Phone,0,0,DCA-02,2025-06-09,19,2025-06-28,Escalated,0,0.0,,,0,0,1,Low
C003828,15494,MEA,Retail,9004.83,4,229,3,0.44,498.2,Poor,3,SMS,0,0,DCA-05,2025-03-13,19,2025-04-01,Escalated,0,0.0,,,0,0,1,Low
C003829,16816,EU,FMCG,12274.35,6,136,1,0.788,642.9,Fair,3,Phone,0,1,DCA-02,2025-06-03,19,2025-06-22,Closed,1,11580.52,26.0,2025-06-29,1,1,0,Low
C003830,11500,IND,Manufacturing,36702.11,5,134,0,1.0,738.8,Good,2,Phone,0,0,DCA-01,2025-07-15,19,2025-08-03,In Progress,0,0.0,,,0,0,0,Low
C003831,18973,NA,Manufacturing,43725.19,7,171,1,0.806,585.9,Fair,4,Phone,1,1,DCA-02,2025-11-08,25,2025-12-03,Escalated,0,0.0,,,0,0,1,Low
C003832,12027,APAC,Automotive,23287.36,1,363,0,0.558,497.2,Poor,5,Email,1,0,DCA-03,2025-02-07,22,2025-03-01,Escalated,0,0.0,,,0,0,1,Low
C003833,18082,EU,Aviation,16843.39,1,2,0,0.686,634.3,Fair,6,Portal,1,0,DCA-06,2025-07-05,28,2025-08-02,Dispute,0,0.0,,,0,0,0,Medium
C003834,16599,LATAM,Finance,34022.18,1,186,0,1.0,728.9,Good,6,Email,0,0,DCA-08,2025-09-14,25,2025-10-09,Closed,1,25607.78,52.0,2025-11-05,0,1,0,Low
C003835,11409,MEA,Automotive,11169.14,7,116,1,0.442,583.4,Fair,1,Email,0,0,DCA-10,2025-11-16,12,2025-11-28,In Progress,0,0.0,,,0,0,0,Low
C003836,17248,IND,Automotive,10161.29,7,200,6,0.579,527.6,Poor,3,Email,0,0,DCA-10,2025-02-16,13,2025-03-01,Escalated,0,0.0,,,0,0,1,Low
C003837,11964,EU,Retail,12206.02,7,2,1,0.84,602.0,Fair,0,Phone,0,0,DCA-09,2025-02-15,19,2025-03-06,In Progress,0,0.0,,,0,0,0,Medium
C003838,15994,NA,Technology,6733.83,3,335,0,0.899,773.7,Very Good,6,Phone,0,0,DCA-06,2026-01-19,14,2026-02-02,Escalated,0,0.0,,,0,0,1,Low
C003839,19596,IND,Healthcare,11819.35,2,167,1,0.835,638.0,Fair,5,Email,0,1,DCA-05,2026-01-03,23,2026-01-26,PTP,0,0.0,,,0,0,0,Low
C003840,19531,LATAM,FMCG,6110.81,3,353,0,1.0,652.6,Fair,2,Phone,0,1,DCA-05,2025-05-07,12,2025-05-19,Closed,1,6092.24,30.0,2025-06-06,1,1,0,Medium
C003841,18712,IND,Technology,27378.29,6,57,1,0.554,626.5,Fair,3,In-person,1,0,DCA-10,2025-07-10,17,2025-07-27,Dispute,0,0.0,,,0,0,0,Low
C003842,14940,IND,Energy,19547.08,2,213,0,1.0,617.9,Fair,3,Email,0,1,DCA-06,2025-03-14,25,2025-04-08,PTP,0,0.0,,,0,0,1,Medium
C003843,15595,APAC,Retail,36340.7,4,248,0,0.877,621.9,Fair,6,Email,0,0,DCA-08,2025-11-10,19,2025-11-29,Escalated,0,0.0,,,0,0,1,Low
C003844,13002,NA,FMCG,4270.57,5,290,0,0.935,671.8,Good,1,Email,1,1,DCA-01,2026-01-12,18,2026-01-30,Escalated,0,0.0,,,0,0,1,Low
C003845,19209,EU,Aviation,50573.75,3,4,0,0.928,687.5,Good,1,Phone,0,0,DCA-10,2025-07-22,30,2025-08-21,In Progress,0,0.0,,,0,0,0,Medium
C003846,14772,MEA,Healthcare,4443.81,4,232,1,0.757,530.7,Poor,5,Phone,0,1,DCA-06,2025-09-12,21,2025-10-03,Closed,1,3456.81,61.0,2025-11-12,0,0,0,Low
C003847,17716,MEA,Energy,5774.37,5,54,0,1.0,733.7,Good,2,SMS,0,0,DCA-07,2025-09-23,25,2025-10-18,Closed,1,4620.74,56.0,2025-11-18,0,1,0,Medium
C003848,13596,EU,Aviation,8650.95,6,156,1,0.99,701.0,Good,2,Phone,0,1,DCA-09,2025-07-12,19,2025-07-31,PTP,0,0.0,,,0,0,0,Low
C003849,17404,LATAM,Aviation,33369.73,2,20,0,1.0,777.7,Very Good,2,Email,0,1,DCA-01,2025-06-20,22,2025-07-12,PTP,0,0.0,,,0,0,0,High
C003850,12244,NA,Manufacturing,15644.92,4,21,0,1.0,779.5,Very Good,0,Email,1,1,DCA-01,2025-10-25,27,2025-11-21,Dispute,0,0.0,,,0,0,0,Medium
C003851,17337,NA,Logistics,11263.46,2,279,0,1.0,659.0,Fair,2,Email,1,0,DCA-10,2025-05-05,11,2025-05-16,Escalated,0,0.0,,,0,0,1,Low
C003852,10459,NA,Logistics,7670.68,1,262,0,0.661,619.3,Fair,5,Phone,0,1,DCA-02,2025-12-08,20,2025-12-28,PTP,0,0.0,,,0,0,1,Low
C003853,11048,NA,Healthcare,5099.23,5,326,1,0.524,473.7,Poor,7,Phone,0,0,DCA-02,2025-06-09,14,2025-06-23,Escalated,0,0.0,,,0,0,1,Low
C003854,13522,NA,FMCG,29520.47,4,255,0,0.936,631.5,Fair,5,Phone,0,0,DCA-10,2025-11-16,30,2025-12-16,Escalated,0,0.0,,,0,0,1,Low
C003855,14820,MEA,Aviation,23366.24,2,217,1,0.741,507.7,Poor,1,Email,0,0,DCA-04,2025-06-30,18,2025-07-18,Escalated,0,0.0,,,0,0,1,Low
C003856,17114,IND,Energy,34431.09,1,43,0,0.627,660.9,Fair,2,Phone,0,0,DCA-09,2025-05-21,21,2025-06-11,In Progress,0,0.0,,,0,0,0,Medium
C003857,13590,IND,Finance,17637.33,7,279,1,0.878,667.3,Fair,3,Phone,0,0,DCA-10,2025-02-16,7,2025-02-23,Escalated,0,0.0,,,0,0,1,Low
C003858,10184,APAC,Automotive,2101.76,6,84,0,0.958,739.2,Good,3,Phone,1,1,DCA-02,2025-06-06,19,2025-06-25,Dispute,0,0.0,,,0,0,0,Low
C003859,13253,IND,Technology,5590.32,7,39,0,0.82,609.1,Fair,1,Phone,0,1,DCA-01,2025-10-03,17,2025-10-20,PTP,0,0.0,,,0,0,0,Medium
C003860,14391,NA,Energy,18497.85,1,267,4,0.65,530.9,Poor,4,Phone,1,0,DCA-01,2025-07-28,8,2025-08-05,Closed,1,12380.86,101.0,2025-11-06,0,0,1,Low
C003861,15437,LATAM,Automotive,10313.39,1,215,0,0.844,694.4,Good,0,Email,0,0,DCA-03,2025-08-29,7,2025-09-05,Escalated,0,0.0,,,0,0,1,Low
C003862,16440,LATAM,Retail,9034.54,2,55,0,0.762,660.0,Fair,4,Phone,0,0,DCA-02,2025-08-20,17,2025-09-06,In Progress,0,0.0,,,0,0,0,Medium
C003863,12476,APAC,Technology,6171.77,1,200,2,0.601,613.2,Fair,3,Email,0,0,DCA-10,2025-06-28,27,2025-07-25,Escalated,0,0.0,,,0,0,1,Low
C003864,16104,NA,FMCG,25934.07,4,252,0,1.0,803.7,Excellent,8,Phone,0,1,DCA-10,2025-04-29,15,2025-05-14,PTP,0,0.0,,,0,0,1,Medium
C003865,16315,EU,Automotive,18385.82,5,182,1,0.827,644.4,Fair,2,Phone,1,0,DCA-05,2025-03-11,27,2025-04-07,Escalated,0,0.0,,,0,0,1,Low
C003866,17766,NA,Energy,18974.17,2,262,1,0.629,577.7,Poor,5,Phone,0,0,DCA-04,2025-02-23,20,2025-03-15,Escalated,0,0.0,,,0,0,1,Low
C003867,15220,IND,Finance,8573.9,3,184,1,0.858,628.9,Fair,2,Phone,0,1,DCA-04,2025-10-16,21,2025-11-06,PTP,0,0.0,,,0,0,1,Low
C003868,18105,IND,Energy,15114.37,4,129,4,0.657,615.2,Fair,1,Phone,1,0,DCA-09,2025-06-23,15,2025-07-08,Escalated,0,0.0,,,0,0,1,Low
C003869,12216,NA,Technology,5237.32,3,82,0,0.885,581.8,Fair,5,SMS,0,0,DCA-02,2025-01-30,25,2025-02-24,Closed,1,4554.63,61.0,2025-04-01,0,0,0,Low
C003870,17117,IND,Manufacturing,12199.14,4,94,5,0.685,607.6,Fair,2,Phone,0,0,DCA-02,2025-11-19,14,2025-12-03,In Progress,0,0.0,,,0,0,0,Low
C003871,10458,IND,Healthcare,2276.62,5,295,0,0.952,644.9,Fair,2,Phone,0,0,DCA-03,2025-05-28,23,2025-06-20,Escalated,0,0.0,,,0,0,1,Low
C003872,11027,EU,Healthcare,4457.39,7,136,0,1.0,731.5,Good,2,Email,0,0,DCA-06,2025-04-20,30,2025-05-20,In Progress,0,0.0,,,0,0,0,Low
C003873,18647,LATAM,Logistics,10661.36,3,261,0,1.0,657.9,Fair,5,Phone,0,1,DCA-08,2025-07-06,20,2025-07-26,PTP,0,0.0,,,0,0,1,Low
C003874,14750,EU,Healthcare,70444.66,1,131,1,0.737,630.2,Fair,5,Email,0,1,DCA-10,2025-05-29,14,2025-06-12,Closed,1,62146.29,36.0,2025-07-04,0,1,0,Medium
C003875,16208,NA,Energy,3787.57,7,192,0,0.992,710.8,Good,2,SMS,0,0,DCA-01,2025-06-08,17,2025-06-25,Escalated,0,0.0,,,0,0,1,Low
C003876,16034,LATAM,Aviation,5594.24,5,221,0,1.0,664.8,Fair,4,Email,0,0,DCA-04,2025-04-19,27,2025-05-16,Escalated,0,0.0,,,0,0,1,Low
C003877,16948,EU,Manufacturing,15548.86,4,174,0,0.841,671.9,Good,0,SMS,0,0,DCA-04,2025-01-16,19,2025-02-04,In Progress,0,0.0,,,0,0,0,Low
C003878,12455,IND,Healthcare,46101.28,6,271,0,0.82,643.8,Fair,10,Phone,0,1,DCA-01,2025-08-29,26,2025-09-24,PTP,0,0.0,,,0,0,1,Low
C003879,11782,IND,Retail,15390.73,7,337,1,1.0,563.4,Poor,9,SMS,0,1,DCA-08,2025-10-20,28,2025-11-17,PTP,0,0.0,,,0,0,1,Low
C003880,10425,NA,Manufacturing,21840.02,1,314,5,0.43,480.3,Poor,4,Email,0,0,DCA-05,2026-01-11,14,2026-01-25,Escalated,0,0.0,,,0,0,1,Low
C003881,18647,NA,Aviation,10547.85,7,336,0,0.656,618.6,Fair,8,Phone,0,0,DCA-07,2025-02-27,10,2025-03-09,Escalated,0,0.0,,,0,0,1,Low
C003882,12235,NA,Automotive,9344.7,5,11,1,1.0,728.1,Good,2,Portal,0,1,DCA-05,2025-03-13,16,2025-03-29,Closed,1,9185.74,22.0,2025-04-04,1,1,0,High
C003883,15751,APAC,Healthcare,14150.84,5,277,3,0.64,592.8,Fair,1,Email,0,0,DCA-04,2025-06-16,11,2025-06-27,Escalated,0,0.0,,,0,0,1,Low
C003884,14548,EU,Technology,8427.01,7,265,1,0.873,665.1,Fair,6,Email,0,0,DCA-02,2025-11-04,24,2025-11-28,Escalated,0,0.0,,,0,0,1,Low
C003885,11623,LATAM,Finance,22180.94,3,151,2,0.895,599.1,Fair,3,SMS,0,1,DCA-09,2025-09-07,20,2025-09-27,PTP,0,0.0,,,0,0,0,Low
C003886,14139,APAC,Logistics,4339.91,6,115,3,0.665,680.0,Good,1,SMS,0,0,DCA-02,2025-09-20,16,2025-10-06,In Progress,0,0.0,,,0,0,0,Low
C003887,10832,NA,FMCG,24909.16,4,20,0,0.875,692.4,Good,1,Email,0,0,DCA-06,2025-07-30,26,2025-08-25,Closed,1,21351.68,41.0,2025-09-09,0,1,0,Medium
C003888,11766,IND,Energy,13732.48,7,306,0,1.0,718.4,Good,2,Email,0,0,DCA-10,2026-01-26,7,2026-02-02,Closed,1,10539.69,58.0,2026-03-25,0,1,0,Low
C003889,11396,EU,Technology,11495.32,4,306,0,1.0,736.6,Good,8,Phone,0,1,DCA-03,2025-06-05,9,2025-06-14,PTP,0,0.0,,,0,0,1,Medium
C003890,18244,MEA,Healthcare,4229.8,6,28,0,1.0,790.4,Very Good,2,Email,0,0,DCA-05,2025-02-09,19,2025-02-28,In Progress,0,0.0,,,0,0,0,Medium
C003891,15674,IND,Finance,6728.77,4,212,2,1.0,640.0,Fair,5,Phone,0,0,DCA-08,2025-07-08,12,2025-07-20,Escalated,0,0.0,,,0,0,1,Low
C003892,19256,NA,Finance,30916.83,3,201,0,1.0,702.9,Good,5,Email,0,0,DCA-03,2025-12-25,19,2026-01-13,Escalated,0,0.0,,,0,0,1,Medium
C003893,14359,LATAM,Manufacturing,11544.69,3,63,1,0.747,676.4,Good,5,In-person,0,0,DCA-03,2025-08-07,10,2025-08-17,In Progress,0,0.0,,,0,0,0,Medium
C003894,12013,IND,Energy,16234.26,7,200,0,1.0,655.0,Fair,5,In-person,0,1,DCA-02,2025-11-15,14,2025-11-29,PTP,0,0.0,,,0,0,1,Medium
C003895,16085,NA,Manufacturing,7217.96,6,296,2,0.997,645.1,Fair,5,Phone,0,0,DCA-01,2025-09-30,21,2025-10-21,Escalated,0,0.0,,,0,0,1,Low
C003896,19295,LATAM,FMCG,13090.76,2,119,0,1.0,704.0,Good,3,Phone,0,1,DCA-03,2025-12-24,8,2026-01-01,PTP,0,0.0,,,0,0,0,Medium
C003897,15325,NA,Retail,5112.75,7,265,1,0.667,663.4,Fair,4,In-person,0,0,DCA-07,2025-08-29,15,2025-09-13,Closed,1,4922.85,72.0,2025-11-09,0,0,0,Low
C003898,10178,APAC,Logistics,14327.24,5,354,0,1.0,615.9,Fair,2,Phone,0,1,DCA-01,2025-10-24,17,2025-11-10,PTP,0,0.0,,,0,0,1,Low
C003899,13036,MEA,Technology,17317.08,1,166,1,0.989,693.0,Good,5,Email,0,0,DCA-08,2025-08-31,26,2025-09-26,In Progress,0,0.0,,,0,0,0,Low
C003900,19249,IND,Automotive,16721.16,6,39,2,0.618,648.8,Fair,3,Email,0,0,DCA-05,2025-04-22,30,2025-05-22,In Progress,0,0.0,,,0,0,0,Low
C003901,15183,IND,Energy,7097.45,2,109,2,0.834,659.9,Fair,1,Phone,0,1,DCA-06,2025-01-14,9,2025-01-23,PTP,0,0.0,,,0,0,0,Low
C003902,19519,IND,Energy,10515.07,7,50,0,0.901,681.4,Good,4,Portal,0,0,DCA-04,2025-06-14,29,2025-07-13,In Progress,0,0.0,,,0,0,0,Medium
C003903,15092,IND,Technology,19458.43,4,129,0,0.997,610.1,Fair,3,Email,0,0,DCA-07,2026-01-08,30,2026-02-07,Closed,1,16640.38,52.0,2026-03-01,0,1,0,Medium
C003904,10120,NA,Retail,11521.77,7,235,1,0.895,630.5,Fair,3,Email,0,1,DCA-08,2025-02-12,27,2025-03-11,Closed,1,11521.77,47.0,2025-03-31,0,1,0,Low
C003905,18730,MEA,Finance,10925.84,4,74,0,0.71,662.1,Fair,6,SMS,1,0,DCA-01,2025-04-06,22,2025-04-28,Dispute,0,0.0,,,0,0,0,Low
C003906,17630,MEA,Technology,50636.47,1,188,0,0.827,756.4,Very Good,3,Email,0,1,DCA-09,2025-01-01,15,2025-01-16,Closed,1,45552.21,48.0,2025-02-18,0,1,0,Medium
C003907,17152,NA,Finance,6865.8,6,364,1,0.596,506.0,Poor,8,Email,0,0,DCA-06,2025-06-15,9,2025-06-24,Escalated,0,0.0,,,0,0,1,Low
C003908,19702,EU,Manufacturing,28461.08,6,97,0,0.758,746.3,Very Good,1,Phone,0,0,DCA-07,2026-01-10,11,2026-01-21,Closed,1,21389.0,67.0,2026-03-18,0,0,0,Medium
C003909,11961,EU,Energy,5953.43,3,321,2,0.577,511.2,Poor,6,Phone,0,0,DCA-06,2025-06-20,30,2025-07-20,Escalated,0,0.0,,,0,0,1,Low
C003910,19059,LATAM,FMCG,21127.84,2,111,2,0.843,701.6,Good,1,Phone,0,0,DCA-01,2025-11-23,30,2025-12-23,In Progress,0,0.0,,,0,0,0,Low
C003911,12326,APAC,Manufacturing,21932.1,7,224,1,0.703,541.2,Poor,6,Email,1,1,DCA-05,2025-08-23,24,2025-09-16,Escalated,0,0.0,,,0,0,1,Low
C003912,19707,IND,Finance,9346.38,6,58,2,0.849,647.8,Fair,4,Email,0,0,DCA-02,2025-02-02,27,2025-03-01,In Progress,0,0.0,,,0,0,0,Low
C003913,11914,NA,Retail,5697.41,3,98,1,0.624,610.8,Fair,1,Phone,0,0,DCA-06,2025-04-29,19,2025-05-18,In Progress,0,0.0,,,0,0,0,Medium
C003914,15503,LATAM,Finance,3363.36,5,316,0,0.654,735.2,Good,2,Phone,1,1,DCA-10,2025-06-29,11,2025-07-10,Escalated,0,0.0,,,0,0,1,Low
C003915,17893,NA,Healthcare,8685.59,2,215,0,0.519,636.2,Fair,2,Portal,0,0,DCA-05,2025-05-07,24,2025-05-31,Escalated,0,0.0,,,0,0,1,Low
C003916,10781,IND,Finance,19309.51,2,208,2,0.626,528.2,Poor,2,Phone,0,0,DCA-02,2025-04-24,17,2025-05-11,Closed,1,14247.08,61.0,2025-06-24,0,0,0,Low
C003917,10667,APAC,Technology,6283.36,5,186,1,0.811,640.4,Fair,1,Phone,0,0,DCA-06,2025-08-26,19,2025-09-14,Escalated,0,0.0,,,0,0,1,Low
C003918,18497,EU,Technology,14297.84,6,90,1,0.697,647.8,Fair,1,Email,0,1,DCA-04,2025-04-28,21,2025-05-19,Closed,1,12392.87,39.0,2025-06-06,0,1,0,Medium
C003919,10604,EU,Automotive,4752.85,7,339,0,1.0,636.3,Fair,2,Email,0,0,DCA-10,2025-12-06,26,2026-01-01,Escalated,0,0.0,,,0,0,1,Low
C003920,16138,NA,Automotive,11342.12,4,144,0,0.991,730.3,Good,3,Phone,0,1,DCA-05,2025-12-20,21,2026-01-10,PTP,0,0.0,,,0,0,0,Medium
C003921,19382,NA,FMCG,5985.35,2,5,0,0.638,610.6,Fair,2,Phone,0,0,DCA-08,2025-01-09,26,2025-02-04,In Progress,0,0.0,,,0,0,0,Medium
C003922,16147,APAC,Technology,12650.01,4,331,0,0.999,695.6,Good,4,Email,0,1,DCA-05,2026-01-27,22,2026-02-18,PTP,0,0.0,,,0,0,1,Low
C003923,14810,NA,Technology,9407.33,5,17,0,0.931,780.7,Very Good,1,Phone,0,1,DCA-03,2025-08-10,12,2025-08-22,Closed,1,7641.01,21.0,2025-08-31,1,1,0,Medium
C003924,14172,APAC,Technology,5806.56,7,323,0,0.506,487.8,Poor,6,SMS,0,0,DCA-07,2025-06-16,29,2025-07-15,Escalated,0,0.0,,,0,0,1,Low
C003925,16381,NA,Automotive,8423.57,1,97,0,0.899,613.5,Fair,4,Email,0,0,DCA-01,2025-08-06,12,2025-08-18,In Progress,0,0.0,,,0,0,0,Low
C003926,15718,APAC,Retail,6947.17,5,26,2,0.698,584.5,Fair,1,Email,1,0,DCA-09,2025-11-18,10,2025-11-28,Dispute,0,0.0,,,0,0,0,Low
C003927,15017,NA,Automotive,5325.45,4,81,1,0.667,679.5,Good,1,Phone,0,0,DCA-09,2025-02-19,26,2025-03-17,In Progress,0,0.0,,,0,0,0,Low
C003928,11535,EU,Automotive,28507.49,5,239,1,0.862,579.2,Poor,4,Phone,0,0,DCA-06,2025-03-07,28,2025-04-04,Escalated,0,0.0,,,0,0,1,Low
C003929,16626,IND,Technology,10382.51,1,199,1,0.97,652.0,Fair,7,Email,0,0,DCA-03,2025-01-17,12,2025-01-29,Escalated,0,0.0,,,0,0,1,Medium
C003930,17397,IND,FMCG,2859.61,1,56,0,0.794,714.3,Good,3,Phone,0,1,DCA-02,2025-11-01,13,2025-11-14,PTP,0,0.0,,,0,0,0,Medium
C003931,17088,EU,Retail,8636.07,5,110,0,1.0,765.9,Very Good,5,Phone,0,0,DCA-08,2025-11-10,11,2025-11-21,Closed,1,7638.72,53.0,2026-01-02,0,1,0,Medium
C003932,10750,APAC,Technology,25344.02,2,77,2,1.0,647.6,Fair,2,Email,0,0,DCA-02,2025-01-21,20,2025-02-10,In Progress,0,0.0,,,0,0,0,Low
C003933,17028,APAC,Technology,7840.43,5,238,1,0.766,585.0,Fair,3,SMS,0,0,DCA-06,2025-11-23,18,2025-12-11,Escalated,0,0.0,,,0,0,1,Low
C003934,17297,EU,FMCG,38117.19,1,315,0,0.83,638.0,Fair,3,Email,0,0,DCA-09,2025-05-16,20,2025-06-05,Escalated,0,0.0,,,0,0,1,Low
C003935,11834,EU,Energy,7334.44,6,93,0,0.856,690.7,Good,3,SMS,0,1,DCA-08,2025-01-18,13,2025-01-31,Closed,1,6767.27,31.0,2025-02-18,0,1,0,Medium
C003936,18489,LATAM,Logistics,19003.64,3,326,1,0.884,687.8,Good,3,Email,0,0,DCA-01,2025-08-13,23,2025-09-05,Closed,1,18672.34,83.0,2025-11-04,0,0,0,Low
C003937,15238,EU,Technology,27602.1,4,149,0,0.652,602.4,Fair,4,Email,0,0,DCA-07,2025-09-24,14,2025-10-08,Closed,1,17147.44,67.0,2025-11-30,0,0,0,Low
C003938,14724,APAC,Aviation,18308.78,3,31,1,1.0,780.2,Very Good,1,Phone,0,0,DCA-01,2025-01-25,15,2025-02-09,In Progress,0,0.0,,,0,0,0,Low
C003939,17227,APAC,Energy,5104.38,3,118,0,1.0,621.3,Fair,7,Phone,0,1,DCA-04,2025-04-10,17,2025-04-27,PTP,0,0.0,,,0,0,0,Medium
C003940,15098,IND,Retail,6906.87,4,319,1,0.787,493.0,Poor,2,Email,0,1,DCA-04,2025-02-16,9,2025-02-25,PTP,0,0.0,,,0,0,1,Low
C003941,15447,IND,Finance,30304.45,5,295,1,0.766,527.6,Poor,4,In-person,1,0,DCA-05,2025-04-03,16,2025-04-19,Escalated,0,0.0,,,0,0,1,Low
C003942,13122,NA,Aviation,7606.6,5,266,0,0.742,724.7,Good,6,Phone,0,0,DCA-07,2025-05-06,27,2025-06-02,Escalated,0,0.0,,,0,0,1,Low
C003943,19278,LATAM,Logistics,26449.0,7,146,1,0.691,705.5,Good,3,Phone,0,0,DCA-10,2025-12-28,13,2026-01-10,In Progress,0,0.0,,,0,0,0,Low
C003944,19694,NA,Healthcare,9885.27,2,283,0,0.927,586.6,Fair,9,Email,0,0,DCA-02,2025-07-07,11,2025-07-18,Escalated,0,0.0,,,0,0,1,Low
C003945,11304,NA,Aviation,14750.11,7,259,0,1.0,635.3,Fair,7,Email,0,1,DCA-07,2025-09-01,24,2025-09-25,PTP,0,0.0,,,0,0,1,Medium
C003946,17331,EU,FMCG,5063.05,5,289,0,1.0,718.2,Good,4,Portal,0,1,DCA-02,2025-03-26,12,2025-04-07,PTP,0,0.0,,,0,0,1,Low
C003947,10233,NA,FMCG,8727.31,3,204,5,0.767,643.7,Fair,0,Email,0,0,DCA-04,2025-08-26,24,2025-09-19,Escalated,0,0.0,,,0,0,1,Low
C003948,13689,IND,Retail,7239.34,7,185,0,1.0,651.7,Fair,5,Phone,0,0,DCA-09,2025-05-06,8,2025-05-14,Escalated,0,0.0,,,0,0,1,Low
C003949,19699,MEA,Aviation,15645.2,5,352,1,0.711,466.1,Poor,6,SMS,0,0,DCA-01,2025-06-23,11,2025-07-04,Escalated,0,0.0,,,0,0,1,Low
C003950,11748,LATAM,Manufacturing,14260.35,2,345,0,1.0,632.0,Fair,4,Email,0,0,DCA-01,2025-03-08,19,2025-03-27,Escalated,0,0.0,,,0,0,1,Low
C003951,13769,NA,Healthcare,18469.11,2,196,1,0.487,604.4,Fair,2,Phone,0,0,DCA-04,2025-09-09,28,2025-10-07,Escalated,0,0.0,,,0,0,1,Low
C003952,12195,IND,FMCG,9477.11,5,73,0,1.0,711.1,Good,0,Phone,0,0,DCA-05,2025-02-10,21,2025-03-03,In Progress,0,0.0,,,0,0,0,Medium
C003953,17282,EU,Manufacturing,6966.3,6,149,0,1.0,678.2,Good,3,Portal,0,1,DCA-05,2025-06-13,10,2025-06-23,Closed,1,6452.02,37.0,2025-07-20,0,1,0,Medium
C003954,14639,EU,Logistics,15182.68,1,184,0,0.827,587.5,Fair,7,Phone,0,0,DCA-06,2025-06-15,19,2025-07-04,Escalated,0,0.0,,,0,0,1,Low
C003955,15931,IND,Retail,6498.25,5,247,2,0.834,566.5,Poor,2,In-person,0,0,DCA-08,2025-05-29,8,2025-06-06,Escalated,0,0.0,,,0,0,1,Low
C003956,19425,LATAM,Healthcare,28421.35,4,116,0,0.969,651.6,Fair,3,Phone,0,0,DCA-07,2025-03-29,9,2025-04-07,Closed,1,22042.46,71.0,2025-06-08,0,0,0,Medium
C003957,15210,MEA,Automotive,12330.54,7,17,0,0.86,714.4,Good,1,Email,0,0,DCA-08,2025-02-17,11,2025-02-28,In Progress,0,0.0,,,0,0,0,Low
C003958,17341,IND,Retail,10632.87,6,300,1,1.0,701.5,Good,2,Phone,0,0,DCA-06,2025-09-15,27,2025-10-12,Escalated,0,0.0,,,0,0,1,Low
C003959,10979,APAC,Finance,18462.98,7,346,1,0.791,542.1,Poor,8,Email,0,0,DCA-05,2026-01-05,28,2026-02-02,Escalated,0,0.0,,,0,0,1,Low
C003960,12152,EU,Technology,12664.33,1,31,1,0.657,603.1,Fair,2,Email,0,0,DCA-02,2025-03-31,8,2025-04-08,In Progress,0,0.0,,,0,0,0,Low
C003961,19468,EU,Retail,4185.43,6,116,0,0.845,686.6,Good,3,Phone,0,0,DCA-10,2025-02-14,15,2025-03-01,In Progress,0,0.0,,,0,0,0,Low
C003962,18595,NA,Energy,6355.01,3,158,0,0.883,613.4,Fair,2,Email,0,1,DCA-07,2025-03-17,30,2025-04-16,PTP,0,0.0,,,0,0,0,Medium
C003963,16566,IND,Retail,28012.22,4,277,0,0.792,732.5,Good,5,Phone,0,1,DCA-03,2025-04-28,18,2025-05-16,PTP,0,0.0,,,0,0,1,Medium
C003964,13782,EU,Automotive,14167.69,7,282,1,1.0,674.9,Good,9,Phone,0,0,DCA-07,2025-05-26,15,2025-06-10,Closed,1,13504.25,68.0,2025-08-02,0,0,0,Low
C003965,11998,NA,Technology,4117.09,7,125,2,0.619,587.0,Fair,1,Portal,1,0,DCA-06,2025-04-29,18,2025-05-17,Escalated,0,0.0,,,0,0,1,Low
C003966,18517,IND,Manufacturing,17093.93,2,114,1,0.944,631.1,Fair,2,Email,0,1,DCA-04,2025-02-10,20,2025-03-02,PTP,0,0.0,,,0,0,0,Low
C003967,17853,IND,Technology,9031.91,2,148,0,0.716,737.5,Good,4,Phone,0,0,DCA-07,2025-10-25,12,2025-11-06,In Progress,0,0.0,,,0,0,0,Low
C003968,12416,IND,Technology,7243.43,6,88,0,0.991,673.8,Good,2,SMS,0,1,DCA-03,2025-01-17,23,2025-02-09,Closed,1,7243.43,11.0,2025-01-28,1,1,0,High
C003969,15898,EU,Technology,5994.45,7,159,0,1.0,749.4,Very Good,6,Phone,0,0,DCA-10,2025-05-07,14,2025-05-21,In Progress,0,0.0,,,0,0,0,Medium
C003970,16186,NA,Technology,26901.86,5,96,1,1.0,749.2,Very Good,3,Phone,0,0,DCA-05,2025-10-30,19,2025-11-18,In Progress,0,0.0,,,0,0,0,Medium
C003971,14774,IND,Manufacturing,3375.0,1,22,0,0.69,610.4,Fair,3,Email,1,0,DCA-06,2025-08-27,23,2025-09-19,Dispute,0,0.0,,,0,0,0,Low
C003972,19266,MEA,Manufacturing,7433.32,2,260,1,0.971,671.8,Good,6,Email,0,1,DCA-02,2025-03-10,27,2025-04-06,PTP,0,0.0,,,0,0,1,Low
C003973,11241,NA,Finance,14531.71,6,287,0,0.776,519.7,Poor,3,Email,0,0,DCA-09,2025-02-16,23,2025-03-11,Escalated,0,0.0,,,0,0,1,Low
C003974,12578,IND,Technology,40330.13,6,105,1,0.924,663.3,Fair,4,Phone,0,0,DCA-07,2025-08-30,25,2025-09-24,In Progress,0,0.0,,,0,0,0,Low
C003975,10950,LATAM,Finance,19686.74,7,146,1,0.926,695.2,Good,3,Phone,0,0,DCA-01,2025-01-04,7,2025-01-11,In Progress,0,0.0,,,0,0,0,Low
C003976,16929,LATAM,Manufacturing,7389.26,4,147,0,0.972,661.7,Fair,4,Email,0,1,DCA-05,2025-05-01,20,2025-05-21,Closed,1,7389.26,40.0,2025-06-10,0,1,0,Medium
C003977,16440,APAC,Energy,38970.0,3,9,0,1.0,850.0,Excellent,3,Portal,0,1,DCA-03,2025-11-28,14,2025-12-12,PTP,0,0.0,,,0,0,0,Medium
C003978,19873,NA,Energy,5174.06,1,199,0,0.729,684.7,Good,1,Phone,0,0,DCA-05,2025-05-09,7,2025-05-16,Escalated,0,0.0,,,0,0,1,Low
C003979,15423,LATAM,Automotive,16086.49,6,167,1,1.0,652.9,Fair,5,In-person,0,0,DCA-05,2025-05-16,23,2025-06-08,In Progress,0,0.0,,,0,0,0,Low
C003980,11505,APAC,Healthcare,18796.94,7,343,3,0.657,520.6,Poor,7,Phone,0,0,DCA-08,2025-03-04,22,2025-03-26,Escalated,0,0.0,,,0,0,1,Low
C003981,14508,NA,Healthcare,7209.96,1,136,1,0.738,608.3,Fair,3,Phone,0,0,DCA-06,2025-06-27,28,2025-07-25,In Progress,0,0.0,,,0,0,0,Low
C003982,10884,NA,Healthcare,21770.59,4,290,1,0.999,691.0,Good,4,Email,0,0,DCA-05,2025-04-01,25,2025-04-26,Escalated,0,0.0,,,0,0,1,Low
C003983,16709,IND,Aviation,9323.35,3,143,0,0.817,578.9,Poor,2,Portal,1,0,DCA-02,2025-01-09,17,2025-01-26,Escalated,0,0.0,,,0,0,1,Low
C003984,16741,IND,Manufacturing,21733.27,6,68,0,1.0,673.7,Good,2,Email,0,0,DCA-10,2025-08-15,26,2025-09-10,In Progress,0,0.0,,,0,0,0,Medium
C003985,18576,NA,Manufacturing,3685.95,6,127,1,0.961,687.7,Good,4,Email,0,1,DCA-04,2025-01-07,15,2025-01-22,PTP,0,0.0,,,0,0,0,Medium
C003986,13397,EU,Energy,16890.11,2,322,1,1.0,611.6,Fair,5,Phone,0,0,DCA-01,2025-08-21,20,2025-09-10,Escalated,0,0.0,,,0,0,1,Low
C003987,13101,MEA,Retail,10011.86,7,94,1,0.894,730.6,Good,4,Email,0,0,DCA-03,2025-03-20,9,2025-03-29,Closed,1,8864.54,58.0,2025-05-17,0,1,0,Low
C003988,10712,LATAM,Finance,29875.46,1,308,1,0.834,559.2,Poor,3,Portal,0,1,DCA-02,2025-04-24,15,2025-05-09,PTP,0,0.0,,,0,0,1,Low
C003989,14151,APAC,Energy,12954.69,6,243,2,0.833,632.4,Fair,6,Email,0,0,DCA-04,2025-02-02,20,2025-02-22,Escalated,0,0.0,,,0,0,1,Low
C003990,14753,EU,Manufacturing,32031.04,6,272,1,0.766,663.4,Fair,4,Email,0,0,DCA-09,2025-03-25,15,2025-04-09,Escalated,0,0.0,,,0,0,1,Low
C003991,17544,IND,Manufacturing,19059.65,2,274,0,0.973,578.1,Poor,2,Email,0,1,DCA-04,2025-05-24,14,2025-06-07,PTP,0,0.0,,,0,0,1,Medium
C003992,17537,NA,Automotive,12218.96,5,189,0,0.648,552.6,Poor,2,Email,0,0,DCA-05,2025-05-16,15,2025-05-31,Escalated,0,0.0,,,0,0,1,Low
C003993,11402,IND,Logistics,23187.5,2,220,0,0.677,585.8,Fair,3,Portal,0,1,DCA-08,2026-01-23,20,2026-02-12,PTP,0,0.0,,,0,0,1,Low
C003994,12851,APAC,Finance,23291.43,2,26,1,0.529,606.2,Fair,0,Portal,1,0,DCA-06,2025-02-04,23,2025-02-27,Dispute,0,0.0,,,0,0,0,Low
C003995,15114,NA,Technology,18589.22,1,255,1,0.929,581.8,Fair,6,Portal,1,1,DCA-08,2025-07-10,10,2025-07-20,Escalated,0,0.0,,,0,0,1,Low
C003996,13350,IND,Finance,2684.87,6,259,2,1.0,646.5,Fair,3,Portal,0,0,DCA-05,2025-07-29,23,2025-08-21,Escalated,0,0.0,,,0,0,1,Low
C003997,10255,IND,Automotive,6715.73,6,38,2,0.746,648.9,Fair,3,Email,1,0,DCA-04,2026-01-22,26,2026-02-17,Dispute,0,0.0,,,0,0,0,Low
C003998,18456,IND,Manufacturing,35202.56,4,189,0,0.743,597.6,Fair,1,Phone,0,1,DCA-06,2025-11-22,21,2025-12-13,Closed,1,24808.0,43.0,2026-01-04,0,1,0,Low
C003999,17312,LATAM,Logistics,5546.03,6,186,4,0.845,646.4,Fair,6,Phone,0,0,DCA-10,2025-09-01,10,2025-09-11,Escalated,0,0.0,,,0,0,1,Low
C004000,15200,IND,Automotive,24778.28,3,113,2,0.607,466.8,Poor,4,SMS,0,0,DCA-02,2025-09-06,25,2025-10-01,In Progress,0,0.0,,,0,0,0,Low
C004001,13174,EU,Healthcare,21906.02,4,25,0,0.532,593.2,Fair,4,Portal,0,0,DCA-09,2025-12-22,14,2026-01-05,Closed,1,18459.38,54.0,2026-02-14,0,1,0,Low
C004002,18427,EU,Automotive,8038.3,6,4,0,0.792,695.9,Good,2,Email,0,0,DCA-07,2025-01-09,18,2025-01-27,In Progress,0,0.0,,,0,0,0,High
C004003,10352,IND,Aviation,3305.48,4,76,1,0.965,770.4,Very Good,4,Phone,0,0,DCA-10,2025-11-09,11,2025-11-20,In Progress,0,0.0,,,0,0,0,Medium
C004004,14463,LATAM,Logistics,8971.08,5,85,2,0.602,642.6,Fair,4,Phone,0,0,DCA-03,2025-04-18,19,2025-05-07,Closed,1,8293.18,47.0,2025-06-04,0,1,0,Low
C004005,18009,APAC,FMCG,57217.24,2,78,0,0.789,665.1,Fair,6,Portal,0,0,DCA-04,2025-09-06,29,2025-10-05,Closed,1,47284.8,56.0,2025-11-01,0,1,0,Low
C004006,19529,LATAM,FMCG,7300.56,4,221,2,0.599,592.2,Fair,1,Portal,0,0,DCA-02,2025-07-06,27,2025-08-02,Escalated,0,0.0,,,0,0,1,Low
C004007,12514,APAC,Finance,7661.94,6,154,0,1.0,645.2,Fair,3,Portal,0,0,DCA-01,2025-07-02,15,2025-07-17,In Progress,0,0.0,,,0,0,0,Medium
C004008,16507,IND,Retail,6645.48,6,41,0,0.763,631.5,Fair,4,SMS,0,0,DCA-05,2025-12-26,19,2026-01-14,In Progress,0,0.0,,,0,0,0,Medium
C004009,11896,EU,Manufacturing,31267.96,3,31,0,0.957,747.0,Very Good,1,Portal,0,0,DCA-01,2025-12-14,13,2025-12-27,In Progress,0,0.0,,,0,0,0,Medium
C004010,11158,NA,FMCG,11270.67,4,239,1,0.952,648.2,Fair,2,In-person,0,0,DCA-07,2025-03-09,14,2025-03-23,Escalated,0,0.0,,,0,0,1,Low
C004011,13530,NA,FMCG,8620.22,5,341,1,0.883,593.5,Fair,2,Email,0,1,DCA-06,2025-06-06,10,2025-06-16,PTP,0,0.0,,,0,0,1,Low
C004012,18850,IND,Healthcare,35933.73,7,299,1,0.682,577.8,Poor,9,Portal,1,0,DCA-10,2025-01-30,17,2025-02-16,Escalated,0,0.0,,,0,0,1,Low
C004013,16894,EU,Finance,20043.21,6,276,0,0.804,609.5,Fair,4,Phone,0,1,DCA-10,2025-04-04,14,2025-04-18,PTP,0,0.0,,,0,0,1,Low
C004014,14892,IND,Manufacturing,7019.85,6,116,1,0.653,628.4,Fair,2,Email,0,1,DCA-03,2025-07-29,13,2025-08-11,PTP,0,0.0,,,0,0,0,Medium
C004015,12828,NA,Finance,5673.1,6,257,2,0.698,563.8,Poor,4,Phone,1,0,DCA-10,2025-04-03,12,2025-04-15,Escalated,0,0.0,,,0,0,1,Low
C004016,11416,NA,Aviation,30053.04,3,30,2,0.893,556.4,Poor,4,Phone,0,0,DCA-01,2025-08-09,12,2025-08-21,In Progress,0,0.0,,,0,0,0,Low
C004017,12707,IND,Finance,13517.65,3,63,0,0.935,655.3,Fair,2,Phone,0,0,DCA-08,2025-08-12,9,2025-08-21,In Progress,0,0.0,,,0,0,0,Medium
C004018,11526,APAC,Finance,4517.23,4,51,0,0.651,650.8,Fair,2,Phone,0,0,DCA-06,2026-01-23,21,2026-02-13,In Progress,0,0.0,,,0,0,0,Medium
C004019,11870,MEA,Manufacturing,3834.59,3,67,0,0.851,676.0,Good,3,Phone,0,1,DCA-04,2025-10-24,7,2025-10-31,Closed,1,3825.35,27.0,2025-11-20,1,1,0,Medium
C004020,16875,LATAM,Automotive,6116.67,7,131,0,0.989,727.4,Good,3,Phone,0,0,DCA-09,2025-08-02,7,2025-08-09,In Progress,0,0.0,,,0,0,0,Low
C004021,11326,MEA,Technology,5610.31,7,16,1,0.727,676.8,Good,3,Email,1,1,DCA-04,2025-02-23,30,2025-03-25,Dispute,0,0.0,,,0,0,0,Low
C004022,10473,APAC,Finance,3189.9,7,297,2,0.831,566.5,Poor,5,SMS,0,0,DCA-06,2025-01-07,14,2025-01-21,Escalated,0,0.0,,,0,0,1,Low
C004023,15423,MEA,Finance,6187.86,5,261,1,0.63,458.3,Poor,7,Phone,0,0,DCA-07,2025-11-12,7,2025-11-19,Escalated,0,0.0,,,0,0,1,Low
C004024,12865,LATAM,Aviation,7020.88,2,231,0,0.589,572.9,Poor,4,Portal,0,0,DCA-03,2025-09-22,22,2025-10-14,Escalated,0,0.0,,,0,0,1,Low
C004025,14547,APAC,Healthcare,9663.62,2,64,2,0.723,618.6,Fair,3,Phone,0,0,DCA-02,2025-12-21,19,2026-01-09,In Progress,0,0.0,,,0,0,0,Low
C004026,11397,MEA,Automotive,43697.1,2,316,3,0.938,617.0,Fair,4,In-person,0,0,DCA-07,2025-03-23,12,2025-04-04,Escalated,0,0.0,,,0,0,1,Low
C004027,12099,NA,Automotive,11083.47,5,3,2,0.887,649.3,Fair,5,SMS,1,0,DCA-02,2025-08-03,14,2025-08-17,Closed,1,8411.15,62.0,2025-10-04,0,0,0,Low
C004028,14410,EU,Manufacturing,11881.02,3,362,1,1.0,640.9,Fair,1,Phone,0,0,DCA-02,2025-11-18,30,2025-12-18,Escalated,0,0.0,,,0,0,1,Low
C004029,16900,NA,Aviation,19081.58,5,265,0,1.0,675.7,Good,3,Email,0,0,DCA-02,2025-05-19,17,2025-06-05,Escalated,0,0.0,,,0,0,1,Low
C004030,14143,IND,Manufacturing,11314.92,7,74,0,0.791,661.9,Fair,0,Phone,0,0,DCA-08,2025-06-24,22,2025-07-16,In Progress,0,0.0,,,0,0,0,Medium
C004031,15417,LATAM,Retail,17678.55,3,72,0,0.89,668.2,Fair,1,Phone,0,1,DCA-04,2025-11-05,25,2025-11-30,PTP,0,0.0,,,0,0,0,Medium
C004032,15218,NA,Aviation,16259.46,7,253,0,1.0,778.8,Very Good,7,Phone,0,0,DCA-08,2025-12-07,22,2025-12-29,Closed,1,16259.46,71.0,2026-02-16,0,0,0,Medium
C004033,12688,IND,FMCG,14556.78,4,295,0,0.771,654.9,Fair,4,Portal,0,1,DCA-06,2025-07-10,9,2025-07-19,PTP,0,0.0,,,0,0,1,Low
C004034,12796,EU,Retail,92644.63,6,170,0,0.785,713.0,Good,3,Portal,0,0,DCA-06,2025-03-11,19,2025-03-30,In Progress,0,0.0,,,0,0,0,Low
C004035,14257,NA,Aviation,25280.49,1,22,1,0.84,693.7,Good,2,Phone,0,0,DCA-10,2025-12-08,23,2025-12-31,In Progress,0,0.0,,,0,0,0,Low
C004036,10320,NA,Finance,6265.38,2,180,0,0.894,620.5,Fair,2,Email,1,1,DCA-06,2025-08-24,25,2025-09-18,Escalated,0,0.0,,,0,0,1,Low
C004037,16853,APAC,Finance,17312.01,7,175,1,0.818,688.8,Good,4,Portal,0,1,DCA-03,2025-06-24,30,2025-07-24,PTP,0,0.0,,,0,0,0,Medium
C004038,16143,NA,Healthcare,7675.47,7,119,3,0.641,529.1,Poor,3,Email,0,0,DCA-10,2025-10-05,23,2025-10-28,In Progress,0,0.0,,,0,0,0,Low
C004039,13061,LATAM,Finance,18258.31,4,329,1,1.0,582.4,Fair,4,Phone,0,0,DCA-04,2025-05-28,15,2025-06-12,Escalated,0,0.0,,,0,0,1,Low
C004040,13737,IND,Logistics,5101.9,1,125,0,0.71,622.4,Fair,5,Email,0,0,DCA-05,2025-01-18,27,2025-02-14,Closed,1,4279.08,60.0,2025-03-19,0,1,0,Low
C004041,13287,APAC,Manufacturing,6152.13,1,89,0,0.995,672.2,Good,3,Phone,0,1,DCA-04,2025-08-07,13,2025-08-20,PTP,0,0.0,,,0,0,0,Medium
C004042,16513,IND,Manufacturing,16996.03,3,247,0,0.851,664.5,Fair,4,Phone,0,0,DCA-08,2025-07-07,13,2025-07-20,Escalated,0,0.0,,,0,0,1,Low
C004043,17597,NA,Automotive,26859.33,7,226,0,0.89,709.9,Good,5,Portal,0,0,DCA-05,2026-01-03,24,2026-01-27,Escalated,0,0.0,,,0,0,1,Low
C004044,11086,LATAM,Logistics,18993.48,3,226,0,0.7,680.9,Good,4,SMS,0,1,DCA-04,2025-09-26,17,2025-10-13,PTP,0,0.0,,,0,0,1,Low
C004045,14133,IND,Manufacturing,24291.51,7,184,2,0.82,591.6,Fair,3,Phone,0,0,DCA-07,2025-12-30,16,2026-01-15,Escalated,0,0.0,,,0,0,1,Low
C004046,10137,APAC,Healthcare,17355.64,4,116,2,0.727,678.8,Good,2,SMS,0,1,DCA-05,2025-09-04,19,2025-09-23,PTP,0,0.0,,,0,0,0,Low
C004047,14522,IND,Aviation,15074.31,1,94,0,1.0,731.7,Good,2,Phone,0,1,DCA-01,2025-06-08,14,2025-06-22,PTP,0,0.0,,,0,0,0,Medium
C004048,12482,LATAM,FMCG,9390.13,4,44,0,1.0,713.5,Good,4,Phone,1,0,DCA-07,2025-02-12,15,2025-02-27,Closed,1,8547.8,71.0,2025-04-24,0,0,0,Medium
C004049,13358,NA,Logistics,23602.34,3,68,1,0.682,649.7,Fair,2,Email,0,1,DCA-02,2025-12-12,17,2025-12-29,PTP,0,0.0,,,0,0,0,Medium
C004050,14565,IND,Retail,27375.82,2,211,0,1.0,742.8,Very Good,4,Phone,0,1,DCA-10,2025-01-14,13,2025-01-27,PTP,0,0.0,,,0,0,1,Low
C004051,13237,NA,Automotive,12782.33,5,148,2,0.858,610.2,Fair,6,SMS,0,0,DCA-08,2026-01-15,20,2026-02-04,In Progress,0,0.0,,,0,0,0,Low
C004052,13940,IND,Logistics,12309.81,2,270,2,0.495,603.1,Fair,3,Phone,1,0,DCA-04,2025-03-27,7,2025-04-03,Escalated,0,0.0,,,0,0,1,Low
C004053,17647,NA,Automotive,40700.03,7,293,1,0.651,588.5,Fair,4,Portal,0,0,DCA-01,2025-08-26,27,2025-09-22,Escalated,0,0.0,,,0,0,1,Low
C004054,18103,APAC,Energy,13170.1,6,204,5,0.604,471.0,Poor,4,In-person,0,0,DCA-04,2025-04-05,15,2025-04-20,Escalated,0,0.0,,,0,0,1,Low
C004055,10058,LATAM,Energy,14086.61,6,39,0,0.748,644.0,Fair,4,In-person,1,0,DCA-07,2025-07-05,29,2025-08-03,Dispute,0,0.0,,,0,0,0,Low
C004056,13778,MEA,FMCG,18750.17,1,2,3,0.486,609.0,Fair,1,Portal,0,0,DCA-09,2025-08-25,17,2025-09-11,In Progress,0,0.0,,,0,0,0,Low
C004057,18468,MEA,Energy,12475.67,7,84,1,0.518,483.1,Poor,5,SMS,0,0,DCA-08,2025-10-24,21,2025-11-14,In Progress,0,0.0,,,0,0,0,Low
C004058,15304,NA,Finance,7523.31,4,103,1,0.858,658.1,Fair,5,In-person,0,1,DCA-08,2025-01-10,26,2025-02-05,PTP,0,0.0,,,0,0,0,High
C004059,12052,EU,Logistics,17406.1,6,27,0,0.95,669.6,Fair,1,Phone,1,0,DCA-02,2026-01-15,26,2026-02-10,Dispute,0,0.0,,,0,0,0,Low
C004060,15935,MEA,Retail,13002.17,2,284,4,0.684,513.7,Poor,3,Email,0,0,DCA-03,2025-04-18,23,2025-05-11,Escalated,0,0.0,,,0,0,1,Low
C004061,11449,EU,Automotive,48512.41,6,134,0,0.97,731.7,Good,5,Portal,0,0,DCA-08,2025-10-05,15,2025-10-20,In Progress,0,0.0,,,0,0,0,Medium
C004062,10218,APAC,Manufacturing,23200.15,3,271,1,0.966,594.5,Fair,7,Email,0,1,DCA-04,2025-04-03,15,2025-04-18,PTP,0,0.0,,,0,0,1,Low
C004063,16324,NA,Manufacturing,8805.77,5,77,1,1.0,823.4,Excellent,2,Phone,0,0,DCA-09,2026-01-18,23,2026-02-10,In Progress,0,0.0,,,0,0,0,Medium
C004064,15151,LATAM,Healthcare,22255.45,2,4,1,0.909,657.6,Fair,4,Portal,0,0,DCA-01,2025-11-27,24,2025-12-21,In Progress,0,0.0,,,0,0,0,Medium
C004065,17565,EU,Manufacturing,16572.6,7,50,0,0.942,654.2,Fair,3,SMS,0,1,DCA-07,2025-02-27,20,2025-03-19,Closed,1,14522.75,17.0,2025-03-16,1,1,0,High
C004066,13448,NA,Finance,33409.59,5,172,1,0.921,757.7,Very Good,6,Email,0,0,DCA-06,2025-05-21,10,2025-05-31,In Progress,0,0.0,,,0,0,0,Low
C004067,18542,APAC,Automotive,9254.66,4,175,0,0.833,627.6,Fair,2,Email,0,0,DCA-09,2025-06-16,19,2025-07-05,Closed,1,7006.71,58.0,2025-08-13,0,1,0,Low
C004068,14212,APAC,Finance,15246.01,4,160,1,0.775,675.3,Good,3,Phone,0,1,DCA-02,2025-10-12,14,2025-10-26,PTP,0,0.0,,,0,0,0,Low
C004069,17380,LATAM,Automotive,12464.43,1,350,0,1.0,739.6,Good,6,SMS,0,1,DCA-02,2025-12-26,20,2026-01-15,Closed,1,11675.33,46.0,2026-02-10,0,1,0,Medium
C004070,11002,EU,Automotive,13917.96,3,238,0,0.841,678.3,Good,5,SMS,0,0,DCA-05,2025-11-22,14,2025-12-06,Closed,1,12483.33,62.0,2026-01-23,0,0,0,Low
C004071,10971,NA,Retail,7189.38,6,267,0,0.927,624.3,Fair,4,SMS,0,0,DCA-07,2025-05-01,23,2025-05-24,Escalated,0,0.0,,,0,0,1,Low
C004072,17828,EU,Energy,19993.01,6,46,1,0.952,808.0,Excellent,1,Email,0,0,DCA-02,2025-10-07,7,2025-10-14,Closed,1,16059.82,43.0,2025-11-19,0,1,0,Low
C004073,18339,IND,Logistics,17900.34,7,170,1,0.857,576.0,Poor,7,SMS,0,0,DCA-10,2025-12-22,20,2026-01-11,In Progress,0,0.0,,,0,0,0,Low
C004074,19424,NA,Logistics,32848.34,1,227,1,0.903,685.5,Good,5,Phone,0,0,DCA-09,2025-02-14,27,2025-03-13,Escalated,0,0.0,,,0,0,1,Low
C004075,13246,EU,Finance,13266.3,2,213,2,0.901,599.4,Fair,2,Phone,0,0,DCA-02,2025-03-25,9,2025-04-03,Escalated,0,0.0,,,0,0,1,Low
C004076,10222,IND,Finance,10013.73,6,345,0,0.769,572.8,Poor,6,In-person,0,1,DCA-09,2025-10-19,17,2025-11-05,PTP,0,0.0,,,0,0,1,Low
C004077,19799,IND,Automotive,23213.89,3,174,1,0.635,573.9,Poor,1,Phone,1,0,DCA-10,2025-05-31,28,2025-06-28,Escalated,0,0.0,,,0,0,1,Low
C004078,16013,APAC,Manufacturing,7662.22,2,136,1,0.76,708.4,Good,5,Email,0,0,DCA-03,2025-12-02,14,2025-12-16,In Progress,0,0.0,,,0,0,0,Low
C004079,12471,IND,Energy,28552.2,2,344,0,0.787,575.3,Poor,7,Email,0,0,DCA-09,2025-12-10,21,2025-12-31,Escalated,0,0.0,,,0,0,1,Low
C004080,17638,IND,FMCG,28509.41,7,123,3,0.78,578.1,Poor,1,Phone,1,0,DCA-06,2025-05-29,24,2025-06-22,Escalated,0,0.0,,,0,0,1,Low
C004081,19038,EU,Retail,32212.03,7,208,0,0.612,614.5,Fair,9,Phone,0,0,DCA-09,2026-01-29,21,2026-02-19,Escalated,0,0.0,,,0,0,1,Low
C004082,12848,LATAM,Logistics,17389.75,1,11,0,0.784,649.2,Fair,3,In-person,0,0,DCA-07,2025-12-17,19,2026-01-05,Closed,1,16076.87,57.0,2026-02-12,0,1,0,Medium
C004083,17696,EU,Healthcare,9503.85,6,61,1,0.892,571.2,Poor,1,Phone,0,0,DCA-03,2025-04-18,10,2025-04-28,In Progress,0,0.0,,,0,0,0,Low
C004084,17875,APAC,Logistics,14420.87,4,21,0,1.0,831.6,Excellent,2,Phone,0,1,DCA-07,2025-09-30,28,2025-10-28,Closed,1,13992.23,28.0,2025-10-28,1,1,0,High
C004085,15016,APAC,FMCG,17431.74,6,153,0,0.759,701.4,Good,4,Portal,0,0,DCA-07,2025-06-22,22,2025-07-14,In Progress,0,0.0,,,0,0,0,Medium
C004086,16323,APAC,Automotive,9026.33,5,340,1,0.846,697.3,Good,1,SMS,0,1,DCA-08,2025-10-08,23,2025-10-31,PTP,0,0.0,,,0,0,1,Low
C004087,12695,IND,Manufacturing,33968.25,5,26,2,0.444,695.4,Good,1,Portal,0,0,DCA-08,2025-07-23,7,2025-07-30,In Progress,0,0.0,,,0,0,0,Low
C004088,19291,IND,Logistics,20051.49,5,356,2,0.654,452.2,Poor,2,Phone,1,0,DCA-07,2025-08-04,28,2025-09-01,Escalated,0,0.0,,,0,0,1,Low
C004089,19831,LATAM,Aviation,7154.12,6,317,0,1.0,742.4,Very Good,3,Portal,0,0,DCA-05,2025-08-14,25,2025-09-08,Escalated,0,0.0,,,0,0,1,Low
C004090,19810,NA,FMCG,49911.74,6,3,0,0.538,578.3,Poor,2,Phone,0,1,DCA-04,2025-06-01,24,2025-06-25,PTP,0,0.0,,,0,0,0,Medium
C004091,17371,NA,Manufacturing,14302.25,4,6,1,0.816,734.2,Good,2,Email,0,0,DCA-10,2025-08-03,11,2025-08-14,In Progress,0,0.0,,,0,0,0,Medium
C004092,10423,LATAM,Healthcare,6211.31,1,328,0,0.909,665.8,Fair,4,Email,0,0,DCA-09,2025-05-07,25,2025-06-01,Closed,1,6211.31,76.0,2025-07-22,0,0,0,Low
C004093,13664,IND,Healthcare,7471.28,1,214,0,0.989,637.6,Fair,5,Phone,1,1,DCA-09,2025-11-23,14,2025-12-07,Closed,1,6475.66,62.0,2026-01-24,0,0,1,Medium
C004094,14449,NA,Manufacturing,37852.36,3,64,0,1.0,663.8,Fair,0,Portal,0,0,DCA-01,2025-11-12,17,2025-11-29,In Progress,0,0.0,,,0,0,0,Medium
C004095,19598,IND,Technology,47929.64,4,348,2,1.0,623.3,Fair,12,Email,0,1,DCA-04,2025-05-08,17,2025-05-25,PTP,0,0.0,,,0,0,1,Low
C004096,15469,APAC,Aviation,27082.41,7,205,0,0.618,658.6,Fair,3,Phone,0,1,DCA-04,2025-11-28,9,2025-12-07,PTP,0,0.0,,,0,0,1,Low
C004097,15361,APAC,Aviation,33641.51,1,232,2,0.766,630.9,Fair,5,Email,0,0,DCA-09,2025-07-27,10,2025-08-06,Escalated,0,0.0,,,0,0,1,Low
C004098,11467,MEA,Energy,31308.06,7,247,0,0.938,572.6,Poor,3,Phone,0,0,DCA-04,2025-05-12,18,2025-05-30,Escalated,0,0.0,,,0,0,1,Low
C004099,17937,IND,Technology,19728.93,1,74,1,0.865,671.8,Good,2,Email,0,0,DCA-10,2025-05-11,21,2025-06-01,In Progress,0,0.0,,,0,0,0,Low
C004100,13362,NA,Logistics,16820.09,4,131,0,0.872,711.1,Good,6,Portal,0,0,DCA-09,2025-09-07,20,2025-09-27,Closed,1,15831.32,65.0,2025-11-11,0,0,0,Medium
C004101,10918,IND,Finance,19494.82,3,47,0,0.883,686.1,Good,4,Portal,0,1,DCA-09,2025-11-04,18,2025-11-22,Closed,1,19494.82,22.0,2025-11-26,1,1,0,High
C004102,19876,NA,Aviation,22364.07,4,193,0,0.462,528.6,Poor,4,SMS,0,0,DCA-02,2025-10-13,13,2025-10-26,Escalated,0,0.0,,,0,0,1,Low
C004103,11900,IND,Logistics,7949.64,1,360,0,1.0,720.7,Good,5,Email,0,0,DCA-10,2025-09-07,27,2025-10-04,Closed,1,7675.67,63.0,2025-11-09,0,0,0,Low
C004104,10162,MEA,Logistics,22300.65,6,229,0,1.0,717.2,Good,5,Portal,0,0,DCA-04,2025-03-26,12,2025-04-07,Escalated,0,0.0,,,0,0,1,Low
C004105,10778,APAC,Healthcare,37087.37,1,252,1,0.61,623.2,Fair,4,Email,0,0,DCA-01,2025-05-12,12,2025-05-24,Closed,1,31227.74,75.0,2025-07-26,0,0,0,Low
C004106,14525,APAC,FMCG,11562.7,6,71,0,0.821,754.7,Very Good,2,Email,0,0,DCA-07,2025-09-06,15,2025-09-21,In Progress,0,0.0,,,0,0,0,Medium
C004107,11029,IND,Technology,10729.22,4,198,1,0.765,670.1,Good,1,Email,0,0,DCA-09,2025-04-09,15,2025-04-24,Escalated,0,0.0,,,0,0,1,Low
C004108,18426,IND,Energy,18649.65,7,362,0,0.955,637.5,Fair,6,Email,0,1,DCA-08,2025-05-15,17,2025-06-01,PTP,0,0.0,,,0,0,1,Medium
C004109,15124,IND,Automotive,8478.08,7,33,0,0.839,737.0,Good,3,Email,0,0,DCA-07,2025-06-02,12,2025-06-14,Closed,1,7119.19,52.0,2025-07-24,0,1,0,Medium
C004110,13239,NA,Finance,5314.67,6,75,1,0.89,664.9,Fair,4,Email,0,0,DCA-10,2025-04-18,21,2025-05-09,In Progress,0,0.0,,,0,0,0,Low
C004111,10031,APAC,Healthcare,29833.98,4,263,2,0.753,614.2,Fair,6,Email,0,0,DCA-10,2025-11-22,20,2025-12-12,Escalated,0,0.0,,,0,0,1,Low
C004112,14797,EU,Aviation,9743.29,3,4,1,0.887,744.7,Very Good,1,Portal,0,0,DCA-09,2025-05-05,14,2025-05-19,In Progress,0,0.0,,,0,0,0,Medium
C004113,11513,EU,Energy,13533.37,5,76,0,0.964,760.6,Very Good,4,Portal,0,0,DCA-08,2025-06-02,28,2025-06-30,Closed,1,11966.54,54.0,2025-07-26,0,1,0,Medium
C004114,19780,IND,Aviation,8715.97,5,344,0,0.903,583.0,Fair,5,Portal,0,1,DCA-04,2025-05-09,8,2025-05-17,PTP,0,0.0,,,0,0,1,Low
C004115,12910,APAC,Finance,32654.19,6,7,0,0.849,735.9,Good,3,SMS,0,0,DCA-05,2026-01-20,13,2026-02-02,Closed,1,27480.4,40.0,2026-03-01,0,1,0,Medium
C004116,14748,IND,Automotive,24275.51,4,157,0,1.0,707.8,Good,0,Phone,0,1,DCA-06,2025-07-15,14,2025-07-29,PTP,0,0.0,,,0,0,0,Medium
C004117,10186,NA,Logistics,11287.85,4,121,0,0.821,675.8,Good,2,Phone,0,1,DCA-05,2025-01-11,13,2025-01-24,Closed,1,11160.57,37.0,2025-02-17,0,1,0,Medium
C004118,11309,APAC,Automotive,5849.27,1,146,1,0.879,668.1,Fair,1,In-person,1,0,DCA-09,2025-05-21,12,2025-06-02,Escalated,0,0.0,,,0,0,1,Low
C004119,12074,IND,Healthcare,10479.22,2,94,2,0.647,628.5,Fair,2,Email,0,0,DCA-10,2025-11-07,26,2025-12-03,In Progress,0,0.0,,,0,0,0,Low
C004120,10517,EU,Retail,19912.58,6,101,2,1.0,689.8,Good,3,SMS,0,0,DCA-02,2025-10-12,21,2025-11-02,In Progress,0,0.0,,,0,0,0,Low
C004121,17259,APAC,FMCG,15245.58,7,277,0,0.656,566.8,Poor,5,Email,1,0,DCA-08,2025-03-14,25,2025-04-08,Escalated,0,0.0,,,0,0,1,Low
C004122,19454,EU,Logistics,14419.96,5,10,0,1.0,756.5,Very Good,3,Email,0,0,DCA-07,2025-12-22,16,2026-01-07,In Progress,0,0.0,,,0,0,0,Medium
C004123,19853,MEA,Energy,15493.71,3,48,0,0.812,706.8,Good,1,Phone,0,1,DCA-08,2025-07-10,19,2025-07-29,Closed,1,13961.01,25.0,2025-08-04,1,1,0,Medium
C004124,12658,NA,Healthcare,22723.56,1,97,0,1.0,733.8,Good,2,Portal,0,0,DCA-06,2025-11-02,21,2025-11-23,In Progress,0,0.0,,,0,0,0,Medium
C004125,17887,LATAM,Manufacturing,12973.95,1,301,2,1.0,706.4,Good,0,Portal,0,0,DCA-07,2025-05-13,23,2025-06-05,Escalated,0,0.0,,,0,0,1,Low
C004126,15040,NA,Finance,18306.46,5,144,2,0.659,585.1,Fair,7,Email,0,0,DCA-07,2025-08-06,15,2025-08-21,Closed,1,17044.88,71.0,2025-10-16,0,0,0,Low
C004127,10458,APAC,Manufacturing,6695.27,5,13,2,0.591,531.4,Poor,3,Email,1,0,DCA-07,2025-09-15,20,2025-10-05,Dispute,0,0.0,,,0,0,0,Low
C004128,10907,APAC,FMCG,79833.26,2,190,0,0.936,752.3,Very Good,5,Portal,0,0,DCA-10,2025-09-27,20,2025-10-17,Escalated,0,0.0,,,0,0,1,Low
C004129,15477,APAC,Aviation,10952.23,2,229,0,0.903,699.4,Good,0,Phone,0,0,DCA-01,2025-09-22,9,2025-10-01,Escalated,0,0.0,,,0,0,1,Low
C004130,14236,NA,Logistics,15406.04,1,167,1,0.898,664.3,Fair,5,Email,0,1,DCA-03,2025-12-21,7,2025-12-28,Closed,1,12378.29,45.0,2026-02-04,0,1,0,Medium
C004131,10083,APAC,Technology,19861.25,5,33,0,0.775,629.0,Fair,1,Phone,0,0,DCA-07,2025-10-27,30,2025-11-26,Closed,1,18274.6,41.0,2025-12-07,0,1,0,Medium
C004132,19301,EU,Manufacturing,10021.08,5,320,0,1.0,685.0,Good,3,SMS,0,0,DCA-04,2025-08-22,21,2025-09-12,Escalated,0,0.0,,,0,0,1,Low
C004133,17303,APAC,Technology,13433.1,3,313,0,1.0,690.4,Good,5,SMS,1,0,DCA-05,2025-05-14,21,2025-06-04,Escalated,0,0.0,,,0,0,1,Low
C004134,15024,NA,Technology,13319.34,6,332,3,0.767,594.6,Fair,4,Portal,0,0,DCA-05,2025-01-22,8,2025-01-30,Escalated,0,0.0,,,0,0,1,Low
C004135,19869,NA,Manufacturing,7045.7,6,351,0,1.0,664.7,Fair,8,Email,0,0,DCA-08,2025-04-14,30,2025-05-14,Escalated,0,0.0,,,0,0,1,Low
C004136,19711,LATAM,Finance,18160.65,4,116,0,1.0,712.7,Good,1,Email,0,1,DCA-01,2025-04-28,25,2025-05-23,Closed,1,18160.65,31.0,2025-05-29,0,1,0,Medium
C004137,19739,IND,Finance,4211.38,2,154,1,0.932,654.3,Fair,4,Email,0,1,DCA-05,2025-12-01,14,2025-12-15,Closed,1,4211.38,25.0,2025-12-26,1,1,0,Medium
C004138,12588,IND,Retail,45565.03,1,350,0,0.97,632.6,Fair,3,Email,0,0,DCA-07,2025-05-11,28,2025-06-08,Escalated,0,0.0,,,0,0,1,Low
C004139,18808,NA,Automotive,23273.71,6,164,1,1.0,692.0,Good,3,Phone,1,0,DCA-04,2025-01-07,24,2025-01-31,Escalated,0,0.0,,,0,0,1,Low
C004140,15045,LATAM,Finance,20897.52,5,315,0,0.935,617.9,Fair,2,Phone,0,1,DCA-01,2026-01-24,19,2026-02-12,PTP,0,0.0,,,0,0,1,Low
C004141,17260,IND,Retail,3961.39,3,236,3,0.714,531.1,Poor,5,Phone,0,0,DCA-10,2025-06-29,7,2025-07-06,Escalated,0,0.0,,,0,0,1,Low
C004142,18595,APAC,Manufacturing,7671.21,1,338,2,0.588,569.6,Poor,3,Phone,0,0,DCA-04,2025-10-19,7,2025-10-26,Escalated,0,0.0,,,0,0,1,Low
C004143,11633,IND,Healthcare,35331.9,6,4,0,0.815,786.2,Very Good,3,Email,0,0,DCA-10,2025-01-29,13,2025-02-11,In Progress,0,0.0,,,0,0,0,Medium
C004144,14482,NA,Automotive,244230.8,7,258,1,0.871,643.5,Fair,2,In-person,0,0,DCA-10,2025-06-19,14,2025-07-03,Escalated,0,0.0,,,0,0,1,Low
C004145,11288,IND,Automotive,30831.27,4,292,1,0.662,624.9,Fair,7,Phone,0,0,DCA-02,2025-12-12,23,2026-01-04,Escalated,0,0.0,,,0,0,1,Low
C004146,12794,LATAM,FMCG,27607.99,2,73,1,0.454,556.6,Poor,1,Phone,0,0,DCA-07,2025-05-20,9,2025-05-29,In Progress,0,0.0,,,0,0,0,Low
C004147,14135,LATAM,Finance,19292.7,5,268,1,0.764,602.8,Fair,1,Email,0,1,DCA-03,2025-07-04,12,2025-07-16,Closed,1,17212.65,33.0,2025-08-06,0,1,0,Low
C004148,18554,LATAM,Aviation,7381.65,7,72,1,0.797,555.9,Poor,2,Email,0,0,DCA-02,2026-01-15,8,2026-01-23,In Progress,0,0.0,,,0,0,0,Low
C004149,18626,IND,Retail,26812.46,5,330,0,0.894,686.9,Good,6,SMS,0,1,DCA-06,2025-02-14,19,2025-03-05,PTP,0,0.0,,,0,0,1,Low
C004150,13898,EU,Manufacturing,6180.5,1,331,0,1.0,608.3,Fair,5,Phone,0,0,DCA-06,2025-10-30,22,2025-11-21,Escalated,0,0.0,,,0,0,1,Low
C004151,13291,NA,Energy,5724.96,2,2,1,0.952,644.5,Fair,4,Email,0,0,DCA-09,2025-06-16,27,2025-07-13,In Progress,0,0.0,,,0,0,0,Medium
C004152,15307,APAC,Finance,5478.19,1,185,0,1.0,741.5,Very Good,1,Email,0,1,DCA-07,2025-03-23,23,2025-04-15,Closed,1,5478.19,43.0,2025-05-05,0,1,0,High
C004153,19118,IND,Manufacturing,26449.85,3,140,0,1.0,730.2,Good,7,In-person,0,1,DCA-08,2025-04-05,9,2025-04-14,PTP,0,0.0,,,0,0,0,Medium
C004154,19765,IND,FMCG,12833.45,4,325,0,1.0,546.5,Poor,4,Phone,1,0,DCA-08,2025-07-07,21,2025-07-28,Escalated,0,0.0,,,0,0,1,Low
C004155,12267,NA,Logistics,14337.03,4,117,4,0.832,552.3,Poor,2,Email,0,1,DCA-01,2025-08-05,11,2025-08-16,PTP,0,0.0,,,0,0,0,Low
C004156,11864,NA,Manufacturing,13216.45,6,263,1,0.831,674.4,Good,7,SMS,0,1,DCA-04,2025-03-31,10,2025-04-10,PTP,0,0.0,,,0,0,1,Low
C004157,17067,IND,Energy,6075.37,1,43,2,0.78,681.8,Good,4,Portal,0,0,DCA-07,2025-02-22,11,2025-03-05,In Progress,0,0.0,,,0,0,0,Low
C004158,13014,LATAM,Automotive,8353.94,7,78,0,1.0,660.2,Fair,2,SMS,0,0,DCA-08,2026-01-27,11,2026-02-07,In Progress,0,0.0,,,0,0,0,Medium
C004159,11997,LATAM,Healthcare,8653.35,2,359,0,0.656,598.2,Fair,4,Phone,0,0,DCA-09,2025-10-20,28,2025-11-17,Escalated,0,0.0,,,0,0,1,Medium
C004160,10310,MEA,Aviation,4995.59,4,141,0,1.0,786.4,Very Good,5,SMS,0,0,DCA-09,2025-08-14,14,2025-08-28,Closed,1,4738.73,47.0,2025-09-30,0,1,0,Low
C004161,14032,NA,Manufacturing,9386.74,2,279,0,0.847,657.4,Fair,7,Email,0,0,DCA-07,2025-11-09,13,2025-11-22,Closed,1,9386.74,58.0,2026-01-06,0,1,0,Low
C004162,13918,APAC,Automotive,6267.2,3,353,1,0.884,539.4,Poor,5,Phone,1,0,DCA-02,2025-02-02,16,2025-02-18,Escalated,0,0.0,,,0,0,1,Low
C004163,15630,APAC,Energy,20017.72,6,352,1,0.678,534.3,Poor,6,Email,0,1,DCA-03,2025-12-14,10,2025-12-24,PTP,0,0.0,,,0,0,1,Low
C004164,12001,LATAM,Technology,21219.58,1,8,0,0.767,794.7,Very Good,1,Email,0,0,DCA-07,2025-05-03,12,2025-05-15,Closed,1,19723.68,52.0,2025-06-24,0,1,0,Medium
C004165,17143,LATAM,Manufacturing,5401.61,4,85,0,1.0,831.6,Excellent,3,Phone,1,0,DCA-07,2025-03-27,26,2025-04-22,Dispute,0,0.0,,,0,0,0,Medium
C004166,16800,IND,FMCG,10854.75,5,261,0,1.0,702.7,Good,2,Email,0,1,DCA-01,2025-07-29,28,2025-08-26,Closed,1,10417.43,32.0,2025-08-30,0,1,0,Low
C004167,14623,APAC,Manufacturing,48983.65,4,338,0,0.773,590.1,Fair,8,SMS,0,0,DCA-05,2025-12-29,27,2026-01-25,Escalated,0,0.0,,,0,0,1,Low
C004168,11813,LATAM,Healthcare,6724.18,3,357,0,1.0,584.6,Fair,4,Phone,0,1,DCA-10,2025-07-22,7,2025-07-29,PTP,0,0.0,,,0,0,1,Low
C004169,15069,NA,Retail,18009.35,3,263,0,0.579,575.0,Poor,2,Phone,0,0,DCA-01,2025-04-07,21,2025-04-28,Escalated,0,0.0,,,0,0,1,Low
C004170,16748,LATAM,Technology,14383.91,7,38,0,0.652,708.0,Good,4,Phone,0,0,DCA-04,2025-03-29,18,2025-04-16,Closed,1,11341.55,51.0,2025-05-19,0,1,0,Medium
C004171,13727,APAC,Retail,28710.59,2,271,2,0.871,655.3,Fair,4,SMS,0,1,DCA-06,2025-05-31,27,2025-06-27,PTP,0,0.0,,,0,0,1,Low
C004172,12634,APAC,Automotive,16429.39,4,100,2,0.935,696.2,Good,2,Phone,0,1,DCA-10,2025-09-28,29,2025-10-27,Closed,1,14958.5,32.0,2025-10-30,0,1,0,Low
C004173,15065,MEA,Manufacturing,9878.27,3,295,0,0.74,581.9,Fair,6,SMS,0,0,DCA-01,2025-09-20,15,2025-10-05,Escalated,0,0.0,,,0,0,1,Low
C004174,13552,NA,Retail,13998.91,6,200,0,0.939,682.9,Good,3,Email,0,0,DCA-09,2025-04-03,30,2025-05-03,Escalated,0,0.0,,,0,0,1,Medium
C004175,14005,IND,FMCG,14142.77,6,67,0,1.0,649.5,Fair,2,Phone,0,0,DCA-04,2025-08-14,14,2025-08-28,In Progress,0,0.0,,,0,0,0,Low
C004176,13488,IND,Retail,12529.15,6,308,0,0.992,638.7,Fair,1,Phone,0,0,DCA-03,2026-01-24,14,2026-02-07,Escalated,0,0.0,,,0,0,1,Low
C004177,13034,NA,Technology,5306.15,1,360,2,0.623,570.9,Poor,9,Email,0,1,DCA-03,2025-12-03,20,2025-12-23,Closed,1,4495.87,59.0,2026-01-31,0,1,0,Low
C004178,17167,EU,Finance,31893.64,1,185,1,0.667,629.0,Fair,6,Email,0,1,DCA-09,2025-11-22,22,2025-12-14,PTP,0,0.0,,,0,0,1,Medium
C004179,14602,IND,Logistics,28183.83,3,296,0,1.0,685.1,Good,7,Phone,0,0,DCA-02,2025-08-02,29,2025-08-31,Escalated,0,0.0,,,0,0,1,Low
C004180,14665,NA,Logistics,6432.17,4,22,0,0.813,708.7,Good,5,Phone,1,0,DCA-01,2025-06-26,26,2025-07-22,Dispute,0,0.0,,,0,0,0,Low
C004181,16530,EU,Aviation,10823.68,1,99,3,0.749,653.8,Fair,3,SMS,1,0,DCA-08,2025-12-02,28,2025-12-30,Escalated,0,0.0,,,0,0,1,Low
C004182,13612,IND,Automotive,11412.22,7,47,0,1.0,715.4,Good,5,SMS,0,1,DCA-09,2025-05-25,12,2025-06-06,Closed,1,11412.22,28.0,2025-06-22,1,1,0,Medium
C004183,11010,EU,FMCG,5945.78,7,104,0,1.0,730.5,Good,2,Phone,0,0,DCA-03,2025-07-03,30,2025-08-02,In Progress,0,0.0,,,0,0,0,Medium
C004184,18526,EU,Finance,3616.43,3,137,2,0.959,678.1,Good,4,Phone,0,0,DCA-10,2025-03-11,20,2025-03-31,Closed,1,3208.12,43.0,2025-04-23,0,1,0,Low
C004185,10557,APAC,Automotive,8354.75,6,158,0,0.793,681.5,Good,3,Phone,0,0,DCA-10,2025-07-24,26,2025-08-19,In Progress,0,0.0,,,0,0,0,Medium
C004186,15719,IND,Finance,10409.96,4,118,1,0.892,666.2,Fair,6,Portal,1,1,DCA-02,2025-02-03,30,2025-03-05,Escalated,0,0.0,,,0,0,1,Low
C004187,12658,NA,Manufacturing,4871.4,5,199,0,0.85,685.9,Good,1,Phone,0,0,DCA-02,2025-06-25,17,2025-07-12,Closed,1,4078.69,73.0,2025-09-06,0,0,0,Medium
C004188,12138,EU,Energy,15121.68,7,80,0,0.968,718.8,Good,4,Email,0,1,DCA-04,2025-10-26,28,2025-11-23,Closed,1,15121.68,33.0,2025-11-28,0,1,0,Low
C004189,10419,EU,Automotive,30151.79,1,127,0,0.799,657.8,Fair,3,SMS,0,0,DCA-07,2025-03-11,9,2025-03-20,Closed,1,23202.76,69.0,2025-05-19,0,0,0,Medium
C004190,19000,IND,Automotive,24088.29,2,306,1,0.981,611.3,Fair,4,Phone,0,0,DCA-01,2025-12-17,28,2026-01-14,Escalated,0,0.0,,,0,0,1,Low
C004191,14292,EU,FMCG,12226.0,3,205,0,0.878,668.9,Fair,7,Phone,0,0,DCA-07,2025-09-15,29,2025-10-14,Closed,1,10323.7,74.0,2025-11-28,0,0,0,Medium
C004192,13426,IND,Healthcare,3683.84,7,10,0,0.989,711.3,Good,2,Portal,0,0,DCA-09,2025-07-17,21,2025-08-07,Closed,1,3548.0,64.0,2025-09-19,0,0,0,Medium
C004193,17412,APAC,Automotive,22048.32,5,120,1,0.746,627.8,Fair,3,Phone,0,0,DCA-05,2025-05-26,20,2025-06-15,In Progress,0,0.0,,,0,0,0,Low
C004194,10389,APAC,Manufacturing,14801.36,3,302,0,0.722,651.0,Fair,3,Portal,1,0,DCA-01,2025-12-20,21,2026-01-10,Escalated,0,0.0,,,0,0,1,Low
C004195,15645,MEA,FMCG,17980.55,1,66,0,0.937,678.2,Good,1,Phone,0,0,DCA-02,2025-12-06,25,2025-12-31,In Progress,0,0.0,,,0,0,0,Low
C004196,14946,APAC,Manufacturing,51806.55,5,336,2,0.881,622.4,Fair,2,SMS,0,1,DCA-07,2026-01-10,12,2026-01-22,PTP,0,0.0,,,0,0,1,Low
C004197,15534,NA,Manufacturing,7499.8,2,108,1,0.903,704.0,Good,3,Phone,0,1,DCA-07,2025-09-19,17,2025-10-06,PTP,0,0.0,,,0,0,0,Medium
C004198,11239,IND,Technology,1785.81,3,230,0,0.979,718.4,Good,4,Phone,0,0,DCA-02,2025-08-22,26,2025-09-17,Escalated,0,0.0,,,0,0,1,Low
C004199,19525,EU,Automotive,6390.59,7,173,1,1.0,717.0,Good,6,Phone,0,1,DCA-07,2025-05-16,25,2025-06-10,Closed,1,6390.59,29.0,2025-06-14,1,1,0,Medium
C004200,12384,IND,Healthcare,18774.06,4,228,1,0.884,598.6,Fair,6,Phone,0,0,DCA-04,2025-04-11,25,2025-05-06,Escalated,0,0.0,,,0,0,1,Low
C004201,16784,IND,Automotive,13613.92,1,291,0,1.0,696.7,Good,8,Email,0,0,DCA-02,2025-12-07,16,2025-12-23,Escalated,0,0.0,,,0,0,1,Low
C004202,17471,APAC,FMCG,5704.75,1,55,2,0.81,638.2,Fair,2,Phone,0,1,DCA-06,2025-11-19,17,2025-12-06,Closed,1,5594.9,25.0,2025-12-14,1,1,0,Medium
C004203,13439,NA,Manufacturing,4945.32,3,129,0,1.0,744.6,Very Good,2,Phone,0,1,DCA-07,2025-05-23,21,2025-06-13,PTP,0,0.0,,,0,0,0,High
C004204,11307,NA,Finance,10423.04,1,207,2,1.0,786.4,Very Good,2,SMS,0,1,DCA-03,2025-03-28,27,2025-04-24,PTP,0,0.0,,,0,0,1,Medium
C004205,12966,IND,Aviation,5584.41,4,95,0,0.858,637.6,Fair,5,Email,0,0,DCA-08,2025-07-25,23,2025-08-17,In Progress,0,0.0,,,0,0,0,Medium
C004206,18069,EU,Aviation,19234.16,3,137,0,1.0,612.8,Fair,3,Email,0,1,DCA-01,2026-01-03,12,2026-01-15,Closed,1,19234.16,30.0,2026-02-02,1,1,0,Medium
C004207,19064,APAC,Automotive,10016.62,7,323,0,0.837,607.1,Fair,7,Phone,0,0,DCA-03,2025-12-05,8,2025-12-13,Escalated,0,0.0,,,0,0,1,Low
C004208,19369,IND,Aviation,8612.91,3,84,1,0.99,764.3,Very Good,5,Phone,1,0,DCA-05,2025-03-17,27,2025-04-13,Closed,1,6286.44,53.0,2025-05-09,0,1,0,Low
C004209,12263,NA,Technology,7857.36,2,70,1,0.914,571.2,Poor,4,Email,0,0,DCA-05,2025-10-08,9,2025-10-17,In Progress,0,0.0,,,0,0,0,Medium
C004210,16065,APAC,Automotive,16061.59,5,213,5,0.819,585.6,Fair,4,Email,1,0,DCA-07,2025-05-21,22,2025-06-12,Escalated,0,0.0,,,0,0,1,Low
C004211,11510,MEA,Retail,13764.2,5,37,0,1.0,749.4,Very Good,3,Phone,0,0,DCA-04,2025-08-13,23,2025-09-05,In Progress,0,0.0,,,0,0,0,Medium
C004212,17103,LATAM,Manufacturing,15388.41,1,1,0,0.888,752.4,Very Good,3,Phone,0,0,DCA-02,2025-02-17,8,2025-02-25,In Progress,0,0.0,,,0,0,0,Medium
C004213,14158,APAC,Automotive,15155.07,1,317,0,0.906,548.0,Poor,6,Phone,0,0,DCA-10,2025-01-13,16,2025-01-29,Escalated,0,0.0,,,0,0,1,Low
C004214,17135,EU,FMCG,12701.34,2,101,0,0.988,798.7,Very Good,6,Portal,0,1,DCA-02,2025-04-22,15,2025-05-07,PTP,0,0.0,,,0,0,0,Medium
C004215,16851,NA,Retail,6482.16,6,44,1,0.435,578.3,Poor,3,Email,1,0,DCA-01,2025-10-10,8,2025-10-18,Dispute,0,0.0,,,0,0,0,Low
C004216,19928,LATAM,Retail,8012.31,2,239,0,0.523,442.1,Poor,4,SMS,1,0,DCA-06,2025-07-19,23,2025-08-11,Escalated,0,0.0,,,0,0,1,Low
C004217,14886,NA,Logistics,10134.77,7,176,0,1.0,844.5,Excellent,4,Email,0,1,DCA-02,2025-05-28,14,2025-06-11,Closed,1,10134.77,35.0,2025-07-02,0,1,0,Medium
C004218,13415,APAC,Aviation,56706.08,4,166,1,0.731,713.0,Good,1,Email,0,1,DCA-07,2025-06-03,24,2025-06-27,PTP,0,0.0,,,0,0,0,Low
C004219,15267,NA,FMCG,5196.88,7,160,1,0.76,727.3,Good,1,Phone,0,1,DCA-07,2025-01-28,24,2025-02-21,PTP,0,0.0,,,0,0,0,Medium
C004220,11628,NA,Manufacturing,9963.83,2,54,1,0.675,684.8,Good,2,Portal,0,0,DCA-06,2025-09-06,15,2025-09-21,In Progress,0,0.0,,,0,0,0,Low
C004221,11117,APAC,Finance,14311.05,3,313,0,0.989,672.8,Good,6,Email,0,0,DCA-04,2025-05-25,17,2025-06-11,Escalated,0,0.0,,,0,0,1,Low
C004222,15191,EU,Energy,10803.95,1,1,1,0.579,696.5,Good,2,Phone,0,0,DCA-07,2025-05-25,12,2025-06-06,In Progress,0,0.0,,,0,0,0,Medium
C004223,18254,APAC,Aviation,28332.89,6,176,1,0.929,703.6,Good,1,Phone,0,1,DCA-06,2025-09-24,7,2025-10-01,PTP,0,0.0,,,0,0,0,Low
C004224,15332,NA,Aviation,10764.96,5,99,0,0.92,765.8,Very Good,0,Phone,0,1,DCA-03,2025-08-13,11,2025-08-24,Closed,1,9761.39,26.0,2025-09-08,1,1,0,High
C004225,17819,IND,Finance,11336.93,1,234,2,0.778,596.1,Fair,2,Phone,0,0,DCA-02,2025-03-12,9,2025-03-21,Escalated,0,0.0,,,0,0,1,Low
C004226,11779,NA,Healthcare,23629.23,6,200,2,0.668,633.1,Fair,4,Portal,0,0,DCA-02,2025-09-06,30,2025-10-06,Escalated,0,0.0,,,0,0,1,Low
C004227,14493,NA,Finance,47453.15,7,141,1,1.0,758.4,Very Good,5,Email,0,0,DCA-06,2025-01-19,11,2025-01-30,In Progress,0,0.0,,,0,0,0,Low
C004228,16131,MEA,Energy,35783.74,5,195,0,0.957,786.4,Very Good,5,SMS,0,0,DCA-05,2026-01-01,16,2026-01-17,Closed,1,28604.61,57.0,2026-02-27,0,1,0,Low
C004229,13476,IND,Energy,12140.99,6,83,3,0.61,577.7,Poor,1,Portal,0,0,DCA-07,2025-07-31,20,2025-08-20,In Progress,0,0.0,,,0,0,0,Low
C004230,10141,NA,Energy,12904.61,2,48,0,0.975,780.9,Very Good,2,Email,0,1,DCA-01,2025-12-15,16,2025-12-31,PTP,0,0.0,,,0,0,0,Medium
C004231,10734,NA,Retail,13803.86,4,330,1,0.94,561.8,Poor,1,SMS,0,1,DCA-10,2026-01-18,29,2026-02-16,PTP,0,0.0,,,0,0,1,Low
C004232,19276,APAC,Logistics,14807.66,6,224,1,1.0,687.4,Good,8,Phone,0,0,DCA-06,2025-04-15,11,2025-04-26,Escalated,0,0.0,,,0,0,1,Low
C004233,16051,APAC,Aviation,7382.42,5,238,2,0.804,624.4,Fair,3,Email,0,1,DCA-02,2025-11-28,26,2025-12-24,PTP,0,0.0,,,0,0,1,Low
C004234,12645,NA,Automotive,25735.22,5,364,0,0.511,534.2,Poor,3,Phone,0,1,DCA-02,2025-07-06,16,2025-07-22,PTP,0,0.0,,,0,0,1,Low
C004235,12588,NA,Finance,15438.6,6,330,0,0.836,636.7,Fair,3,Portal,0,0,DCA-09,2025-10-13,23,2025-11-05,Escalated,0,0.0,,,0,0,1,Low
C004236,10395,IND,Manufacturing,12946.76,5,213,0,1.0,706.8,Good,7,Phone,0,0,DCA-01,2025-02-09,30,2025-03-11,Escalated,0,0.0,,,0,0,1,Medium
C004237,19447,NA,Finance,5487.34,1,289,0,0.994,763.6,Very Good,1,Email,0,0,DCA-02,2025-04-05,9,2025-04-14,Escalated,0,0.0,,,0,0,1,Low
C004238,11082,MEA,Logistics,13955.1,2,193,1,0.863,704.2,Good,2,In-person,0,1,DCA-08,2025-03-29,19,2025-04-17,PTP,0,0.0,,,0,0,1,Low
C004239,17594,IND,Logistics,3550.17,6,87,1,1.0,687.8,Good,3,Email,0,0,DCA-10,2025-04-25,18,2025-05-13,Closed,1,3008.69,38.0,2025-06-02,0,1,0,Low
C004240,12402,NA,Aviation,8891.45,2,227,0,0.901,714.8,Good,3,Email,0,1,DCA-05,2025-04-27,23,2025-05-20,PTP,0,0.0,,,0,0,1,Medium
C004241,13356,IND,FMCG,9007.67,5,333,4,0.811,574.5,Poor,5,Email,0,0,DCA-01,2025-06-19,24,2025-07-13,Escalated,0,0.0,,,0,0,1,Low
C004242,12739,MEA,Retail,16332.24,4,321,1,1.0,694.9,Good,5,In-person,0,0,DCA-07,2026-01-12,29,2026-02-10,Escalated,0,0.0,,,0,0,1,Low
C004243,18245,APAC,Energy,49806.21,5,184,1,0.63,576.3,Poor,5,Email,1,0,DCA-03,2025-01-05,18,2025-01-23,Escalated,0,0.0,,,0,0,1,Low
C004244,10328,NA,Technology,19937.05,2,345,2,0.611,482.6,Poor,5,Portal,0,0,DCA-10,2025-10-26,29,2025-11-24,Escalated,0,0.0,,,0,0,1,Low
C004245,13522,IND,Aviation,36823.13,3,72,0,0.832,718.2,Good,7,Portal,0,0,DCA-10,2025-12-16,29,2026-01-14,In Progress,0,0.0,,,0,0,0,Medium
C004246,12793,IND,Logistics,20986.79,5,15,1,0.797,655.7,Fair,1,Email,0,1,DCA-09,2025-12-21,28,2026-01-18,PTP,0,0.0,,,0,0,0,Medium
C004247,12729,EU,Manufacturing,29364.37,2,147,0,1.0,779.7,Very Good,3,SMS,1,0,DCA-01,2025-05-18,15,2025-06-02,Escalated,0,0.0,,,0,0,1,Low
C004248,11929,EU,Energy,49020.27,3,75,2,0.751,703.7,Good,3,Phone,0,0,DCA-10,2025-04-28,28,2025-05-26,In Progress,0,0.0,,,0,0,0,Low
C004249,19124,APAC,Energy,8004.14,7,349,1,1.0,614.2,Fair,5,Phone,0,1,DCA-07,2025-04-10,10,2025-04-20,PTP,0,0.0,,,0,0,1,Low
C004250,13786,IND,Technology,7646.68,2,43,0,0.926,756.6,Very Good,2,Phone,0,1,DCA-01,2025-12-06,21,2025-12-27,Closed,1,7646.68,41.0,2026-01-16,0,1,0,High
C004251,14182,IND,Manufacturing,21336.35,5,195,1,1.0,702.6,Good,3,Email,0,0,DCA-08,2025-10-26,9,2025-11-04,Escalated,0,0.0,,,0,0,1,Low
C004252,13851,EU,Finance,13325.37,2,282,1,0.971,667.1,Fair,4,Email,1,0,DCA-10,2025-11-01,27,2025-11-28,Escalated,0,0.0,,,0,0,1,Low
C004253,19802,APAC,Technology,15587.86,5,41,0,0.902,661.9,Fair,4,Email,0,0,DCA-04,2025-11-23,16,2025-12-09,In Progress,0,0.0,,,0,0,0,Medium
C004254,13390,EU,FMCG,11225.39,1,17,3,0.913,669.0,Fair,3,Email,1,0,DCA-07,2025-02-27,26,2025-03-25,Dispute,0,0.0,,,0,0,0,Low
C004255,13416,NA,Technology,8800.98,5,202,0,0.752,675.4,Good,9,Phone,1,0,DCA-04,2025-12-27,23,2026-01-19,Escalated,0,0.0,,,0,0,1,Low
C004256,13279,NA,Automotive,41545.12,4,329,4,0.693,520.7,Poor,6,Email,0,0,DCA-07,2025-05-08,30,2025-06-07,Escalated,0,0.0,,,0,0,1,Low
C004257,13269,EU,FMCG,6186.33,5,6,0,0.923,743.2,Very Good,4,Phone,1,1,DCA-06,2025-11-02,11,2025-11-13,Dispute,0,0.0,,,0,0,0,High
C004258,10897,EU,Energy,21600.56,1,8,1,0.604,628.9,Fair,6,Phone,0,0,DCA-02,2025-10-08,28,2025-11-05,Closed,1,15977.53,64.0,2025-12-11,0,0,0,Medium
C004259,16042,LATAM,Aviation,19282.63,4,337,0,0.914,662.0,Fair,7,Phone,0,1,DCA-01,2025-05-25,11,2025-06-05,PTP,0,0.0,,,0,0,1,Low
C004260,10252,LATAM,Technology,4423.52,4,220,0,0.734,676.6,Good,4,Portal,0,0,DCA-08,2025-05-09,19,2025-05-28,Escalated,0,0.0,,,0,0,1,Low
C004261,12259,IND,Manufacturing,7468.53,2,256,1,0.711,657.9,Fair,1,Phone,0,0,DCA-03,2025-09-11,7,2025-09-18,Escalated,0,0.0,,,0,0,1,Low
C004262,12021,MEA,Logistics,8401.09,3,101,1,0.938,678.5,Good,4,SMS,0,0,DCA-04,2025-04-10,7,2025-04-17,In Progress,0,0.0,,,0,0,0,Low
C004263,12914,NA,Technology,19835.11,5,114,0,0.746,637.8,Fair,1,Email,0,0,DCA-09,2025-08-30,17,2025-09-16,In Progress,0,0.0,,,0,0,0,Low
C004264,17566,LATAM,Automotive,10332.77,4,172,2,0.634,529.4,Poor,4,SMS,0,0,DCA-09,2026-01-27,30,2026-02-26,In Progress,0,0.0,,,0,0,0,Low
C004265,15994,NA,Logistics,12582.81,5,78,2,0.798,672.0,Good,2,Portal,0,0,DCA-07,2025-04-29,16,2025-05-15,Closed,1,11470.67,54.0,2025-06-22,0,1,0,Low
C004266,19908,NA,Healthcare,4815.75,7,161,1,0.953,690.5,Good,3,Email,0,0,DCA-03,2025-07-11,19,2025-07-30,Closed,1,4599.58,51.0,2025-08-31,0,1,0,Medium
C004267,13511,IND,Retail,68059.54,3,348,1,0.796,582.1,Fair,6,Phone,0,1,DCA-02,2025-04-22,16,2025-05-08,Closed,1,60856.46,52.0,2025-06-13,0,1,0,Low
C004268,19285,NA,FMCG,14042.4,7,273,0,1.0,664.7,Fair,4,Email,0,0,DCA-02,2025-05-18,29,2025-06-16,Escalated,0,0.0,,,0,0,1,Low
C004269,10449,APAC,Retail,18945.1,7,317,0,1.0,680.9,Good,5,Phone,0,0,DCA-10,2025-01-19,13,2025-02-01,Escalated,0,0.0,,,0,0,1,Low
C004270,15042,IND,Automotive,9150.48,5,181,0,1.0,758.4,Very Good,5,Phone,0,0,DCA-07,2025-05-21,17,2025-06-07,Escalated,0,0.0,,,0,0,1,Medium
C004271,17988,LATAM,Automotive,8460.48,2,287,0,0.853,623.2,Fair,4,Portal,1,1,DCA-05,2025-08-07,15,2025-08-22,Closed,1,7271.17,73.0,2025-10-19,0,0,1,Low
C004272,15318,APAC,Logistics,50964.23,3,154,2,0.85,633.6,Fair,2,SMS,1,0,DCA-10,2025-09-02,22,2025-09-24,Escalated,0,0.0,,,0,0,1,Low
C004273,19333,EU,Retail,3492.23,1,225,1,0.931,756.7,Very Good,4,Phone,0,0,DCA-06,2025-06-14,19,2025-07-03,Escalated,0,0.0,,,0,0,1,Low
C004274,13145,NA,Technology,16237.08,5,266,0,0.816,690.3,Good,2,Email,0,1,DCA-04,2025-09-12,28,2025-10-10,PTP,0,0.0,,,0,0,1,Low
C004275,10333,IND,Logistics,5721.28,2,301,0,0.598,568.8,Poor,5,Email,0,1,DCA-02,2025-01-08,8,2025-01-16,PTP,0,0.0,,,0,0,1,Low
C004276,17739,IND,FMCG,10061.78,7,337,0,1.0,604.1,Fair,6,Phone,0,1,DCA-01,2025-12-08,10,2025-12-18,PTP,0,0.0,,,0,0,1,Low
C004277,10680,IND,Finance,8546.99,5,39,0,0.837,726.4,Good,5,In-person,0,0,DCA-07,2025-03-28,15,2025-04-12,Closed,1,6375.83,38.0,2025-05-05,0,1,0,Medium
C004278,17647,IND,Technology,6699.68,4,289,0,0.99,761.7,Very Good,5,Phone,1,0,DCA-01,2025-09-17,15,2025-10-02,Closed,1,3952.09,94.0,2025-12-20,0,0,1,Low
C004279,17334,APAC,Aviation,13695.32,2,259,0,0.62,652.0,Fair,2,Email,0,0,DCA-01,2025-02-21,20,2025-03-13,Escalated,0,0.0,,,0,0,1,Low
C004280,18442,NA,Manufacturing,2213.61,1,269,1,1.0,796.2,Very Good,5,In-person,0,1,DCA-10,2026-01-06,28,2026-02-03,PTP,0,0.0,,,0,0,1,Low
C004281,14789,IND,Logistics,10712.41,5,6,0,0.609,659.1,Fair,1,Portal,0,0,DCA-06,2025-06-10,29,2025-07-09,In Progress,0,0.0,,,0,0,0,Medium
C004282,18955,NA,Retail,12541.48,6,178,1,0.986,647.5,Fair,6,Phone,0,0,DCA-09,2025-08-15,18,2025-09-02,In Progress,0,0.0,,,0,0,0,Low
C004283,11698,APAC,Logistics,5159.04,2,350,0,0.416,566.6,Poor,4,Phone,0,0,DCA-02,2025-06-11,21,2025-07-02,Escalated,0,0.0,,,0,0,1,Low
C004284,14343,LATAM,FMCG,38532.34,1,328,0,1.0,713.0,Good,3,Email,0,0,DCA-10,2025-07-14,22,2025-08-05,Escalated,0,0.0,,,0,0,1,Low
C004285,11218,IND,Retail,8812.08,3,85,2,0.518,643.3,Fair,1,In-person,0,0,DCA-07,2025-11-17,21,2025-12-08,In Progress,0,0.0,,,0,0,0,Low
C004286,17668,IND,Technology,11313.6,6,178,2,0.803,685.2,Good,7,Email,0,0,DCA-04,2025-11-07,20,2025-11-27,In Progress,0,0.0,,,0,0,0,Low
C004287,17142,EU,Logistics,8825.91,5,315,1,0.855,593.1,Fair,8,Portal,0,1,DCA-10,2025-02-22,29,2025-03-23,PTP,0,0.0,,,0,0,1,Low
C004288,18063,NA,Aviation,12618.3,1,339,0,0.942,695.7,Good,7,Phone,0,1,DCA-02,2025-03-26,18,2025-04-13,PTP,0,0.0,,,0,0,1,Low
C004289,17643,APAC,Aviation,33379.62,1,121,1,0.718,641.1,Fair,0,SMS,0,1,DCA-09,2025-05-14,21,2025-06-04,PTP,0,0.0,,,0,0,0,Medium
C004290,13084,IND,Finance,75441.37,1,293,1,0.885,582.2,Fair,8,Email,1,0,DCA-07,2025-09-08,15,2025-09-23,Escalated,0,0.0,,,0,0,1,Low
C004291,10680,EU,Aviation,22515.23,6,304,2,0.897,515.5,Poor,1,Phone,0,1,DCA-06,2025-08-24,17,2025-09-10,Closed,1,18291.9,44.0,2025-10-07,0,1,0,Low
C004292,19292,APAC,Healthcare,28612.4,6,55,2,0.77,678.0,Good,2,Phone,0,1,DCA-09,2025-06-08,30,2025-07-08,PTP,0,0.0,,,0,0,0,Medium
C004293,14928,NA,Energy,44422.4,3,12,1,0.818,703.7,Good,2,Phone,0,0,DCA-01,2025-04-18,10,2025-04-28,In Progress,0,0.0,,,0,0,0,Medium
C004294,10943,IND,Aviation,15902.15,5,18,0,0.978,711.3,Good,2,Phone,0,0,DCA-06,2025-02-22,24,2025-03-18,Closed,1,13797.33,46.0,2025-04-09,0,1,0,Medium
C004295,19270,LATAM,Logistics,40101.76,1,53,0,0.972,748.3,Very Good,3,In-person,0,0,DCA-06,2025-01-24,9,2025-02-02,In Progress,0,0.0,,,0,0,0,Medium
C004296,19942,MEA,Automotive,23264.43,4,270,6,0.78,570.2,Poor,2,Phone,0,0,DCA-02,2025-05-06,29,2025-06-04,Escalated,0,0.0,,,0,0,1,Low
C004297,14454,EU,Logistics,14776.47,2,142,1,0.978,740.6,Very Good,2,Email,0,0,DCA-03,2025-11-25,8,2025-12-03,In Progress,0,0.0,,,0,0,0,Low
C004298,17700,MEA,Retail,17072.75,6,250,2,0.483,569.9,Poor,3,Phone,0,1,DCA-02,2025-09-07,27,2025-10-04,PTP,0,0.0,,,0,0,1,Low
C004299,10362,NA,Retail,3733.15,4,33,1,0.919,692.2,Good,0,Portal,0,0,DCA-03,2025-06-14,28,2025-07-12,In Progress,0,0.0,,,0,0,0,Medium
C004300,10932,APAC,Technology,16390.93,6,220,1,0.926,634.2,Fair,1,Email,0,0,DCA-07,2026-01-08,8,2026-01-16,Escalated,0,0.0,,,0,0,1,Low
C004301,12765,IND,Aviation,4534.08,4,272,0,1.0,632.3,Fair,4,Email,0,1,DCA-10,2026-01-25,29,2026-02-23,PTP,0,0.0,,,0,0,1,Medium
C004302,16562,APAC,Manufacturing,4282.58,4,356,0,0.709,538.3,Poor,3,Email,0,0,DCA-07,2025-08-07,27,2025-09-03,Escalated,0,0.0,,,0,0,1,Low
C004303,11334,IND,Logistics,15290.93,7,117,0,0.888,627.5,Fair,1,Phone,1,0,DCA-06,2025-07-23,13,2025-08-05,Escalated,0,0.0,,,0,0,1,Low
C004304,10341,IND,Healthcare,6125.07,7,199,1,0.752,664.5,Fair,3,Phone,0,0,DCA-05,2025-06-13,9,2025-06-22,Escalated,0,0.0,,,0,0,1,Low
C004305,16687,APAC,Energy,13293.37,4,176,0,0.76,641.8,Fair,3,Email,0,1,DCA-02,2025-11-18,8,2025-11-26,Closed,1,11148.04,35.0,2025-12-23,0,1,0,Medium
C004306,17701,EU,FMCG,14719.14,3,127,0,0.915,685.2,Good,5,Email,0,1,DCA-08,2025-12-20,29,2026-01-18,PTP,0,0.0,,,0,0,0,Medium
C004307,17392,IND,FMCG,15186.08,5,233,0,0.869,690.5,Good,4,Email,0,0,DCA-10,2025-11-01,29,2025-11-30,Escalated,0,0.0,,,0,0,1,Low
C004308,17992,IND,Technology,7094.78,2,206,0,0.819,575.6,Poor,3,Phone,0,0,DCA-04,2025-03-20,19,2025-04-08,Escalated,0,0.0,,,0,0,1,Low
C004309,18028,APAC,Energy,25061.24,3,304,0,0.878,718.1,Good,2,Phone,0,0,DCA-02,2025-09-14,27,2025-10-11,Escalated,0,0.0,,,0,0,1,Low
C004310,16024,NA,Retail,12550.75,6,11,3,0.737,639.0,Fair,3,Phone,0,1,DCA-07,2025-02-02,14,2025-02-16,PTP,0,0.0,,,0,0,0,Low
C004311,15194,EU,Healthcare,18192.29,7,81,0,1.0,711.2,Good,6,SMS,0,0,DCA-08,2025-03-18,8,2025-03-26,In Progress,0,0.0,,,0,0,0,Medium
C004312,18568,APAC,FMCG,5781.93,3,211,0,0.967,754.9,Very Good,6,Portal,0,0,DCA-02,2025-05-08,22,2025-05-30,Closed,1,5219.71,62.0,2025-07-09,0,0,0,Medium
C004313,13480,IND,Automotive,11791.93,3,209,1,0.658,545.1,Poor,5,Email,0,0,DCA-03,2025-01-19,13,2025-02-01,Closed,1,10690.87,61.0,2025-03-21,0,0,0,Low
C004314,10978,IND,Finance,28799.29,7,329,1,0.488,496.7,Poor,6,Phone,0,0,DCA-04,2025-02-04,28,2025-03-04,Escalated,0,0.0,,,0,0,1,Low
C004315,17519,IND,Aviation,26347.39,2,246,1,0.806,613.8,Fair,2,Email,0,0,DCA-04,2025-04-10,27,2025-05-07,Escalated,0,0.0,,,0,0,1,Low
C004316,12759,NA,Automotive,7645.67,1,2,1,0.839,675.9,Good,4,Phone,0,0,DCA-03,2025-06-15,30,2025-07-15,Closed,1,6583.96,50.0,2025-08-04,0,1,0,Medium
C004317,19788,NA,Technology,9118.94,1,179,0,1.0,734.2,Good,5,Portal,0,0,DCA-06,2025-02-25,20,2025-03-17,In Progress,0,0.0,,,0,0,0,Low
C004318,14141,IND,Technology,6686.99,1,308,1,0.527,549.9,Poor,6,Portal,0,0,DCA-09,2025-04-06,12,2025-04-18,Escalated,0,0.0,,,0,0,1,Low
C004319,18517,EU,Retail,8438.09,7,318,0,0.944,632.9,Fair,5,Phone,0,1,DCA-06,2025-06-10,16,2025-06-26,PTP,0,0.0,,,0,0,1,Medium
C004320,10424,LATAM,FMCG,5017.33,1,292,0,0.664,615.4,Fair,1,Email,0,0,DCA-02,2025-03-16,24,2025-04-09,Closed,1,4144.61,67.0,2025-05-22,0,0,0,Low
C004321,16592,IND,Technology,12128.06,3,174,1,0.699,503.8,Poor,4,Email,1,0,DCA-02,2026-01-13,26,2026-02-08,Closed,1,9815.44,65.0,2026-03-19,0,0,1,Low
C004322,14482,APAC,Retail,20810.17,5,39,0,0.835,691.3,Good,3,Phone,0,0,DCA-10,2025-03-18,12,2025-03-30,In Progress,0,0.0,,,0,0,0,Medium
C004323,14626,NA,Aviation,7711.46,5,78,2,0.686,640.6,Fair,2,Phone,0,1,DCA-01,2025-05-02,7,2025-05-09,PTP,0,0.0,,,0,0,0,Low
C004324,12652,EU,Aviation,12538.71,6,309,0,0.946,714.8,Good,2,Phone,0,0,DCA-10,2025-04-09,7,2025-04-16,Closed,1,10506.19,70.0,2025-06-18,0,0,0,Low
C004325,19711,IND,Finance,11448.92,7,124,1,0.674,650.1,Fair,3,Email,1,0,DCA-05,2025-05-25,17,2025-06-11,Escalated,0,0.0,,,0,0,1,Low
C004326,13927,APAC,Manufacturing,27961.48,3,278,1,0.549,519.7,Poor,4,Email,0,0,DCA-01,2025-08-02,10,2025-08-12,Escalated,0,0.0,,,0,0,1,Low
C004327,18504,IND,Energy,8707.03,2,14,1,0.869,777.5,Very Good,1,SMS,0,0,DCA-03,2025-05-16,29,2025-06-14,In Progress,0,0.0,,,0,0,0,Medium
C004328,14251,NA,FMCG,8931.58,1,179,0,0.951,655.6,Fair,2,Phone,0,1,DCA-07,2025-01-01,25,2025-01-26,Closed,1,8311.47,48.0,2025-02-18,0,1,0,Medium
C004329,10482,NA,Manufacturing,7389.28,7,346,1,1.0,738.4,Good,5,Phone,1,0,DCA-02,2025-09-01,24,2025-09-25,Escalated,0,0.0,,,0,0,1,Low
C004330,18794,LATAM,Energy,6025.43,3,90,0,0.608,598.6,Fair,0,SMS,0,0,DCA-10,2025-09-01,9,2025-09-10,In Progress,0,0.0,,,0,0,0,Low
C004331,11851,EU,Automotive,19349.65,7,12,1,1.0,718.6,Good,3,Phone,0,0,DCA-01,2026-01-05,11,2026-01-16,In Progress,0,0.0,,,0,0,0,Medium
C004332,12703,LATAM,FMCG,12154.11,3,105,0,0.901,676.7,Good,4,SMS,0,0,DCA-04,2025-10-06,24,2025-10-30,In Progress,0,0.0,,,0,0,0,Low
C004333,18611,EU,Manufacturing,13882.26,6,23,0,0.923,765.4,Very Good,1,Portal,0,1,DCA-04,2026-01-05,26,2026-01-31,Closed,1,11748.88,33.0,2026-02-07,0,1,0,Low
C004334,18937,EU,Finance,32605.91,5,223,2,0.714,570.5,Poor,7,SMS,1,0,DCA-07,2025-10-10,29,2025-11-08,Escalated,0,0.0,,,0,0,1,Low
C004335,19167,NA,Automotive,33943.63,5,70,1,0.742,531.9,Poor,4,Portal,0,0,DCA-10,2025-11-07,18,2025-11-25,In Progress,0,0.0,,,0,0,0,Low
C004336,14259,APAC,Energy,4220.19,5,90,0,0.833,684.6,Good,2,Email,0,0,DCA-10,2025-07-20,24,2025-08-13,In Progress,0,0.0,,,0,0,0,Medium
C004337,17569,NA,Logistics,21025.35,3,214,0,0.953,694.8,Good,4,Email,0,1,DCA-05,2025-09-28,11,2025-10-09,PTP,0,0.0,,,0,0,1,Medium
C004338,13278,MEA,Healthcare,15645.72,1,119,1,0.784,552.8,Poor,1,SMS,1,1,DCA-07,2025-07-03,13,2025-07-16,Escalated,0,0.0,,,0,0,1,Low
C004339,17403,EU,Aviation,9670.99,1,237,0,1.0,617.4,Fair,1,SMS,0,0,DCA-10,2025-05-12,24,2025-06-05,Escalated,0,0.0,,,0,0,1,Low
C004340,15025,NA,Aviation,16804.11,3,339,0,0.738,668.8,Fair,6,Phone,0,0,DCA-08,2025-08-26,28,2025-09-23,Escalated,0,0.0,,,0,0,1,Low
C004341,10519,IND,FMCG,3989.94,7,339,0,1.0,702.9,Good,5,Phone,0,0,DCA-02,2025-07-04,9,2025-07-13,Escalated,0,0.0,,,0,0,1,Low
C004342,14177,IND,Finance,37192.03,5,266,0,0.93,657.3,Fair,2,Email,0,1,DCA-10,2025-04-29,26,2025-05-25,PTP,0,0.0,,,0,0,1,Low
C004343,14677,NA,Logistics,19157.72,5,353,0,1.0,641.7,Fair,3,Email,0,1,DCA-05,2026-01-15,23,2026-02-07,PTP,0,0.0,,,0,0,1,Low
C004344,12573,IND,Manufacturing,7290.75,2,268,0,1.0,673.8,Good,5,Email,0,0,DCA-05,2025-02-15,21,2025-03-08,Closed,1,7231.28,75.0,2025-05-01,0,0,0,Medium
C004345,13744,APAC,FMCG,8868.07,4,25,0,0.442,621.4,Fair,1,Email,0,1,DCA-01,2025-02-17,25,2025-03-14,Closed,1,7655.67,26.0,2025-03-15,1,1,0,Medium
C004346,15026,NA,Manufacturing,4055.37,3,348,0,0.993,578.3,Poor,8,Phone,0,0,DCA-09,2025-07-20,30,2025-08-19,Escalated,0,0.0,,,0,0,1,Low
C004347,10497,EU,FMCG,10723.9,1,207,3,0.961,607.7,Fair,1,Phone,0,0,DCA-10,2025-01-08,11,2025-01-19,Escalated,0,0.0,,,0,0,1,Low
C004348,11518,APAC,Energy,9528.93,5,3,0,0.854,715.6,Good,3,SMS,0,0,DCA-09,2025-12-09,11,2025-12-20,Closed,1,7917.43,54.0,2026-02-01,0,1,0,Medium
C004349,17667,EU,FMCG,5283.92,3,226,0,0.675,641.0,Fair,5,Phone,0,1,DCA-02,2025-05-08,28,2025-06-05,PTP,0,0.0,,,0,0,1,Low
C004350,13519,IND,Aviation,23010.17,3,89,0,0.816,542.8,Poor,4,Portal,0,0,DCA-02,2025-07-12,7,2025-07-19,Closed,1,19286.77,48.0,2025-08-29,0,1,0,Medium
C004351,16083,NA,Technology,32655.16,5,195,1,0.681,621.4,Fair,5,Phone,0,0,DCA-03,2025-08-13,23,2025-09-05,Closed,1,22200.99,64.0,2025-10-16,0,0,0,Low
C004352,15657,IND,Logistics,13106.29,1,240,3,0.854,585.8,Fair,4,Email,0,1,DCA-03,2025-04-21,13,2025-05-04,PTP,0,0.0,,,0,0,1,Low
C004353,15512,APAC,Energy,10786.46,7,11,1,1.0,730.7,Good,1,Phone,0,0,DCA-04,2025-02-15,17,2025-03-04,In Progress,0,0.0,,,0,0,0,Low
C004354,14134,IND,Retail,18114.88,2,160,0,0.715,608.6,Fair,3,Phone,0,0,DCA-06,2025-03-25,14,2025-04-08,In Progress,0,0.0,,,0,0,0,Low
C004355,14833,APAC,Retail,13177.32,5,21,0,0.975,768.8,Very Good,2,SMS,0,1,DCA-10,2025-02-05,17,2025-02-22,PTP,0,0.0,,,0,0,0,High
C004356,18239,NA,Energy,6263.38,6,42,3,0.692,676.1,Good,1,Phone,0,0,DCA-04,2025-01-27,11,2025-02-07,In Progress,0,0.0,,,0,0,0,Low
C004357,19650,APAC,Energy,8460.18,2,77,0,0.92,667.5,Fair,3,Portal,0,0,DCA-03,2025-10-05,19,2025-10-24,In Progress,0,0.0,,,0,0,0,Low
C004358,12567,APAC,Technology,10856.23,2,285,1,0.692,637.5,Fair,5,Phone,0,0,DCA-02,2026-01-01,20,2026-01-21,Escalated,0,0.0,,,0,0,1,Low
C004359,16694,EU,Aviation,15894.53,3,151,0,0.7,636.2,Fair,4,Email,0,1,DCA-06,2025-06-08,12,2025-06-20,PTP,0,0.0,,,0,0,0,Medium
C004360,19697,IND,Finance,13447.33,6,18,0,0.909,693.9,Good,1,Phone,0,0,DCA-07,2025-05-10,9,2025-05-19,In Progress,0,0.0,,,0,0,0,Medium
C004361,10075,LATAM,Automotive,15479.29,5,272,2,0.534,544.5,Poor,8,SMS,1,0,DCA-05,2025-05-29,13,2025-06-11,Escalated,0,0.0,,,0,0,1,Low
C004362,17847,IND,Automotive,4594.52,4,198,0,1.0,690.0,Good,5,Phone,0,1,DCA-09,2025-12-21,21,2026-01-11,Closed,1,4594.52,27.0,2026-01-17,1,1,0,Medium
C004363,14968,LATAM,FMCG,21282.76,6,52,0,0.459,643.9,Fair,1,Email,0,1,DCA-01,2025-04-23,8,2025-05-01,Closed,1,13492.4,28.0,2025-05-21,1,1,0,Medium
C004364,19675,LATAM,Energy,13391.71,4,205,1,0.94,684.9,Good,2,Phone,0,0,DCA-07,2026-01-09,9,2026-01-18,Escalated,0,0.0,,,0,0,1,Low
C004365,15782,EU,Healthcare,79769.49,7,91,1,0.863,656.2,Fair,4,Phone,0,0,DCA-07,2025-04-23,21,2025-05-14,In Progress,0,0.0,,,0,0,0,Low
C004366,18381,MEA,Manufacturing,10184.84,6,232,0,0.81,657.5,Fair,6,Phone,0,0,DCA-09,2025-06-25,16,2025-07-11,Escalated,0,0.0,,,0,0,1,Medium
C004367,11660,MEA,Retail,16754.48,2,345,2,0.696,658.1,Fair,8,Phone,0,0,DCA-02,2025-04-21,8,2025-04-29,Escalated,0,0.0,,,0,0,1,Low
C004368,11421,NA,Aviation,96804.95,3,115,0,0.93,731.7,Good,6,Phone,0,0,DCA-04,2025-06-16,18,2025-07-04,In Progress,0,0.0,,,0,0,0,Low
C004369,19265,NA,Finance,15303.92,1,272,0,0.897,611.2,Fair,4,Portal,0,0,DCA-05,2025-09-27,27,2025-10-24,Escalated,0,0.0,,,0,0,1,Low
C004370,15264,NA,Finance,12742.0,2,9,0,0.886,687.5,Good,2,Email,1,0,DCA-06,2025-05-05,10,2025-05-15,Dispute,0,0.0,,,0,0,0,Low
C004371,15583,LATAM,Healthcare,6695.26,1,149,0,0.781,691.2,Good,4,Phone,1,0,DCA-03,2025-01-17,24,2025-02-10,Closed,1,5253.95,65.0,2025-03-23,0,0,1,Low
C004372,11699,LATAM,Healthcare,38940.36,1,324,1,0.869,574.6,Poor,10,Phone,0,1,DCA-06,2025-09-10,30,2025-10-10,PTP,0,0.0,,,0,0,1,Low
C004373,12267,EU,FMCG,5935.04,1,28,0,0.865,649.9,Fair,2,Phone,0,0,DCA-02,2025-10-06,20,2025-10-26,In Progress,0,0.0,,,0,0,0,Medium
C004374,18182,EU,Energy,18015.44,5,339,0,0.95,737.8,Good,7,Phone,1,0,DCA-04,2025-03-26,9,2025-04-04,Escalated,0,0.0,,,0,0,1,Low
C004375,13033,NA,Healthcare,9590.34,3,35,0,0.747,641.2,Fair,4,Email,0,0,DCA-10,2025-09-29,30,2025-10-29,In Progress,0,0.0,,,0,0,0,Low
C004376,15841,EU,Logistics,11701.41,4,176,0,0.989,725.8,Good,1,Phone,0,1,DCA-02,2025-05-14,11,2025-05-25,PTP,0,0.0,,,0,0,0,Medium
C004377,13165,APAC,Manufacturing,4930.76,6,66,3,0.679,554.7,Poor,2,In-person,0,0,DCA-02,2025-10-02,25,2025-10-27,In Progress,0,0.0,,,0,0,0,Low
C004378,12634,LATAM,Manufacturing,34207.12,6,8,0,0.787,669.9,Fair,8,Portal,0,0,DCA-01,2025-04-27,16,2025-05-13,In Progress,0,0.0,,,0,0,0,Medium
C004379,11660,IND,Healthcare,10998.8,4,128,0,0.867,664.5,Fair,4,SMS,0,0,DCA-08,2025-01-29,27,2025-02-25,Closed,1,10228.45,50.0,2025-03-20,0,1,0,Medium
C004380,19295,LATAM,FMCG,5706.93,4,212,2,0.906,642.9,Fair,5,Phone,0,0,DCA-07,2025-05-28,26,2025-06-23,Escalated,0,0.0,,,0,0,1,Medium
C004381,19400,APAC,Automotive,32108.74,5,263,0,1.0,761.4,Very Good,5,Portal,0,0,DCA-02,2025-02-05,17,2025-02-22,Escalated,0,0.0,,,0,0,1,Low
C004382,11151,EU,Logistics,9387.22,3,115,0,1.0,850.0,Excellent,1,Portal,0,0,DCA-04,2025-01-30,20,2025-02-19,In Progress,0,0.0,,,0,0,0,Medium
C004383,13532,APAC,Energy,16885.75,4,180,0,0.797,715.4,Good,7,Email,0,1,DCA-02,2025-03-28,9,2025-04-06,Closed,1,16885.75,29.0,2025-04-26,1,1,0,Medium
C004384,15638,LATAM,Technology,24076.5,3,67,0,1.0,819.9,Excellent,3,Phone,0,1,DCA-07,2025-07-28,15,2025-08-12,Closed,1,18149.19,18.0,2025-08-15,1,1,0,High
C004385,13832,LATAM,Healthcare,18616.88,2,266,1,0.706,648.6,Fair,7,Portal,0,0,DCA-02,2025-03-04,28,2025-04-01,Escalated,0,0.0,,,0,0,1,Low
C004386,17210,NA,Energy,2870.83,2,62,0,0.788,686.1,Good,0,Portal,0,0,DCA-08,2025-02-06,18,2025-02-24,In Progress,0,0.0,,,0,0,0,Medium
C004387,12602,IND,Technology,21736.53,5,314,3,0.795,553.4,Poor,2,Portal,0,0,DCA-04,2025-06-01,14,2025-06-15,Escalated,0,0.0,,,0,0,1,Low
C004388,10588,IND,Retail,12451.18,6,66,0,1.0,757.4,Very Good,5,In-person,0,0,DCA-05,2025-11-06,27,2025-12-03,In Progress,0,0.0,,,0,0,0,Medium
C004389,13369,IND,Retail,10611.35,3,242,0,0.617,623.0,Fair,0,Email,0,0,DCA-09,2025-05-02,23,2025-05-25,Escalated,0,0.0,,,0,0,1,Low
C004390,15978,IND,Automotive,12377.65,1,121,0,0.86,596.2,Fair,0,Phone,0,0,DCA-06,2025-06-15,17,2025-07-02,In Progress,0,0.0,,,0,0,0,Low
C004391,11806,NA,Retail,4328.5,5,363,0,0.8,583.4,Fair,4,Email,0,0,DCA-04,2025-12-11,10,2025-12-21,Escalated,0,0.0,,,0,0,1,Low
C004392,18159,APAC,Retail,15283.36,7,103,0,0.917,736.6,Good,1,Phone,0,0,DCA-04,2025-10-18,12,2025-10-30,In Progress,0,0.0,,,0,0,0,Low
C004393,10122,NA,Healthcare,5140.6,4,346,1,0.701,483.3,Poor,1,Email,0,0,DCA-06,2025-06-18,16,2025-07-04,Escalated,0,0.0,,,0,0,1,Low
C004394,10675,IND,Finance,10937.06,1,305,0,0.859,595.4,Fair,2,Phone,0,0,DCA-02,2025-02-21,11,2025-03-04,Escalated,0,0.0,,,0,0,1,Low
C004395,15088,IND,Healthcare,14904.0,1,171,1,0.804,591.2,Fair,5,Phone,0,0,DCA-03,2025-09-16,13,2025-09-29,Closed,1,11868.99,58.0,2025-11-13,0,1,0,Low
C004396,15122,APAC,FMCG,28334.23,4,181,0,1.0,749.2,Very Good,4,Phone,0,0,DCA-06,2025-08-17,27,2025-09-13,Escalated,0,0.0,,,0,0,1,Low
C004397,12948,NA,Logistics,7527.14,7,129,1,1.0,601.5,Fair,1,Email,0,0,DCA-02,2025-04-21,23,2025-05-14,In Progress,0,0.0,,,0,0,0,Low
C004398,12585,APAC,Aviation,36905.33,1,156,0,0.856,670.7,Good,7,Portal,0,1,DCA-07,2025-03-17,12,2025-03-29,Closed,1,28564.34,29.0,2025-04-15,1,1,0,Medium
C004399,10698,NA,Technology,25920.7,6,170,1,0.84,674.4,Good,3,Email,0,0,DCA-03,2025-04-22,20,2025-05-12,In Progress,0,0.0,,,0,0,0,Low
C004400,16629,NA,Automotive,9891.32,6,54,0,0.658,689.8,Good,0,Phone,0,1,DCA-07,2025-08-17,19,2025-09-05,PTP,0,0.0,,,0,0,0,Medium
C004401,13790,NA,Healthcare,6147.96,1,118,1,0.824,669.8,Fair,0,Portal,0,1,DCA-02,2025-06-07,27,2025-07-04,PTP,0,0.0,,,0,0,0,Medium
C004402,11186,NA,Energy,4862.6,2,319,2,1.0,766.7,Very Good,0,Portal,0,1,DCA-06,2025-06-16,23,2025-07-09,PTP,0,0.0,,,0,0,1,Low
C004403,13998,IND,FMCG,16158.92,1,357,0,1.0,841.4,Excellent,6,Phone,0,1,DCA-08,2025-11-05,25,2025-11-30,PTP,0,0.0,,,0,0,1,Low
C004404,19370,NA,Energy,7973.68,4,20,1,0.778,583.5,Fair,4,Email,0,0,DCA-04,2025-09-13,10,2025-09-23,In Progress,0,0.0,,,0,0,0,Medium
C004405,12612,EU,Manufacturing,30932.1,2,267,2,0.623,542.0,Poor,4,Email,0,0,DCA-08,2025-11-21,17,2025-12-08,Escalated,0,0.0,,,0,0,1,Low
C004406,18947,NA,Logistics,8302.68,7,88,2,0.544,569.4,Poor,1,SMS,1,0,DCA-04,2025-02-05,7,2025-02-12,Dispute,0,0.0,,,0,0,0,Low
C004407,12587,APAC,Manufacturing,7111.94,1,239,1,1.0,694.6,Good,2,Email,0,1,DCA-08,2025-10-05,23,2025-10-28,Closed,1,7111.94,42.0,2025-11-16,0,1,0,Low
C004408,11859,EU,Manufacturing,15733.36,5,227,0,0.905,679.0,Good,9,Email,0,1,DCA-09,2025-12-23,30,2026-01-22,PTP,0,0.0,,,0,0,1,Medium
C004409,12606,EU,Retail,8264.85,6,320,0,1.0,620.3,Fair,3,Phone,0,0,DCA-01,2025-05-22,23,2025-06-14,Closed,1,7412.48,64.0,2025-07-25,0,0,0,Low
C004410,13232,IND,FMCG,13439.92,2,256,0,0.897,656.1,Fair,5,Email,1,0,DCA-03,2025-07-10,26,2025-08-05,Escalated,0,0.0,,,0,0,1,Low
C004411,11206,MEA,Aviation,26640.62,2,300,0,0.883,711.6,Good,9,Portal,0,1,DCA-10,2025-04-24,9,2025-05-03,PTP,0,0.0,,,0,0,1,Low
C004412,15876,EU,Aviation,14502.27,6,292,5,0.51,535.5,Poor,4,Phone,0,0,DCA-01,2025-09-23,29,2025-10-22,Escalated,0,0.0,,,0,0,1,Low
C004413,13334,EU,Healthcare,14540.24,1,236,3,0.499,502.5,Poor,2,Portal,0,0,DCA-02,2025-08-01,24,2025-08-25,Escalated,0,0.0,,,0,0,1,Low
C004414,17180,EU,Technology,15422.81,4,150,3,0.843,638.3,Fair,1,Phone,0,1,DCA-01,2025-04-12,20,2025-05-02,PTP,0,0.0,,,0,0,0,Low
C004415,14909,APAC,Aviation,4083.99,2,123,1,0.742,617.1,Fair,6,Portal,0,0,DCA-03,2025-01-22,16,2025-02-07,In Progress,0,0.0,,,0,0,0,Low
C004416,14426,NA,Logistics,17575.94,1,127,1,1.0,749.5,Very Good,2,In-person,0,0,DCA-06,2025-10-13,12,2025-10-25,In Progress,0,0.0,,,0,0,0,Low
C004417,14709,EU,Healthcare,14942.31,4,131,5,0.639,626.3,Fair,2,Phone,0,1,DCA-03,2025-08-04,27,2025-08-31,PTP,0,0.0,,,0,0,0,Low
C004418,11562,IND,Energy,24959.96,4,106,0,0.925,622.7,Fair,3,Email,0,0,DCA-10,2026-01-07,19,2026-01-26,In Progress,0,0.0,,,0,0,0,Medium
C004419,17128,MEA,Energy,20415.86,3,114,1,0.959,661.4,Fair,3,Email,0,1,DCA-05,2025-04-04,30,2025-05-04,Closed,1,19934.59,27.0,2025-05-01,1,1,0,Low
C004420,11041,NA,Aviation,11598.56,6,207,0,0.987,605.5,Fair,5,Portal,0,0,DCA-07,2026-01-13,25,2026-02-07,Closed,1,9716.26,70.0,2026-03-24,0,0,0,Low
C004421,17215,IND,Healthcare,27520.19,1,99,0,0.868,698.7,Good,2,Phone,1,0,DCA-03,2025-07-06,27,2025-08-02,Escalated,0,0.0,,,0,0,1,Medium
C004422,19997,APAC,Finance,10885.19,4,127,0,0.845,723.9,Good,4,Email,0,0,DCA-07,2025-11-11,21,2025-12-02,In Progress,0,0.0,,,0,0,0,Medium
C004423,17639,MEA,FMCG,15883.08,2,259,0,0.855,689.2,Good,6,Phone,0,0,DCA-03,2025-05-31,18,2025-06-18,Escalated,0,0.0,,,0,0,1,Low
C004424,14553,APAC,Retail,10745.0,6,120,1,0.732,565.2,Poor,3,Portal,0,0,DCA-10,2025-06-08,18,2025-06-26,In Progress,0,0.0,,,0,0,0,Low
C004425,13144,IND,Aviation,18457.58,4,39,1,0.999,723.5,Good,4,In-person,0,1,DCA-09,2025-09-14,8,2025-09-22,PTP,0,0.0,,,0,0,0,Medium
C004426,18725,MEA,Aviation,10264.61,5,7,3,0.737,606.1,Fair,2,Email,0,1,DCA-01,2025-03-14,20,2025-04-03,Closed,1,9403.03,26.0,2025-04-09,1,1,0,Low
C004427,12571,MEA,Energy,42331.47,1,279,1,1.0,669.9,Fair,4,Phone,0,1,DCA-05,2025-11-29,17,2025-12-16,PTP,0,0.0,,,0,0,1,Low
C004428,14823,IND,Technology,54838.84,4,346,0,0.929,614.8,Fair,3,Portal,0,0,DCA-05,2025-04-16,12,2025-04-28,Escalated,0,0.0,,,0,0,1,Low
C004429,17708,IND,Technology,24630.89,1,249,0,0.931,726.6,Good,5,SMS,0,0,DCA-06,2025-08-17,23,2025-09-09,Escalated,0,0.0,,,0,0,1,Low
C004430,19223,APAC,Healthcare,39297.16,3,23,1,0.814,593.8,Fair,0,Phone,0,0,DCA-09,2025-10-25,16,2025-11-10,In Progress,0,0.0,,,0,0,0,Medium
C004431,19209,MEA,FMCG,4548.49,7,206,0,0.779,717.0,Good,7,Portal,0,0,DCA-09,2025-05-31,8,2025-06-08,Escalated,0,0.0,,,0,0,1,Low
C004432,10877,EU,FMCG,4939.58,6,99,0,0.812,712.1,Good,6,Portal,0,0,DCA-06,2025-04-22,17,2025-05-09,In Progress,0,0.0,,,0,0,0,Low
C004433,18982,LATAM,Technology,10666.97,1,117,1,0.704,661.7,Fair,2,Phone,1,0,DCA-07,2025-09-15,13,2025-09-28,Escalated,0,0.0,,,0,0,1,Low
C004434,11140,EU,Logistics,13750.93,3,336,1,0.837,565.6,Poor,3,Phone,0,0,DCA-03,2025-04-22,25,2025-05-17,Escalated,0,0.0,,,0,0,1,Low
C004435,15844,LATAM,Energy,11628.97,7,301,0,1.0,734.7,Good,6,Portal,0,0,DCA-01,2025-07-08,13,2025-07-21,Closed,1,9568.65,60.0,2025-09-06,0,1,0,Low
C004436,19296,IND,Logistics,4232.32,2,268,0,1.0,672.2,Good,6,SMS,0,1,DCA-01,2025-04-19,19,2025-05-08,PTP,0,0.0,,,0,0,1,Medium
C004437,16548,APAC,Automotive,29914.97,6,183,1,0.743,587.9,Fair,5,Email,0,0,DCA-01,2025-08-25,28,2025-09-22,Escalated,0,0.0,,,0,0,1,Low
C004438,19474,MEA,Healthcare,60351.36,3,211,1,0.775,652.0,Fair,3,Phone,0,0,DCA-08,2025-05-07,17,2025-05-24,Escalated,0,0.0,,,0,0,1,Low
C004439,13443,EU,Aviation,32751.09,4,334,0,1.0,657.8,Fair,8,Phone,0,1,DCA-02,2025-09-24,25,2025-10-19,PTP,0,0.0,,,0,0,1,Low
C004440,13147,IND,Energy,28562.97,7,241,2,0.477,689.9,Good,1,In-person,0,0,DCA-07,2025-08-04,29,2025-09-02,Escalated,0,0.0,,,0,0,1,Low
C004441,13262,APAC,Technology,15650.9,5,211,0,0.87,687.7,Good,2,Phone,1,0,DCA-01,2025-01-29,7,2025-02-05,Escalated,0,0.0,,,0,0,1,Low
C004442,13551,APAC,Logistics,7404.93,2,36,0,1.0,760.9,Very Good,2,Email,0,0,DCA-09,2025-10-02,12,2025-10-14,Closed,1,6088.46,33.0,2025-11-04,0,1,0,High
C004443,16828,NA,FMCG,14055.51,1,363,1,0.853,602.9,Fair,6,Email,0,0,DCA-07,2025-09-30,21,2025-10-21,Escalated,0,0.0,,,0,0,1,Low
C004444,14524,NA,Technology,58332.32,2,295,4,0.791,565.6,Poor,5,Portal,0,1,DCA-04,2025-06-03,26,2025-06-29,PTP,0,0.0,,,0,0,1,Low
C004445,17374,NA,Healthcare,10442.18,3,133,0,0.989,683.4,Good,6,Phone,0,1,DCA-09,2025-08-05,9,2025-08-14,Closed,1,10442.18,48.0,2025-09-22,0,1,0,Medium
C004446,14161,APAC,Aviation,9716.01,1,92,1,0.955,694.1,Good,4,Email,0,0,DCA-07,2025-06-02,7,2025-06-09,In Progress,0,0.0,,,0,0,0,Medium
C004447,13077,NA,Automotive,29001.78,7,353,0,0.944,733.8,Good,4,Phone,0,1,DCA-09,2025-08-06,21,2025-08-27,PTP,0,0.0,,,0,0,1,Low
C004448,11900,LATAM,Aviation,30381.23,1,349,0,0.562,557.7,Poor,2,Email,0,0,DCA-07,2025-11-25,16,2025-12-11,Escalated,0,0.0,,,0,0,1,Low
C004449,15510,NA,FMCG,7379.56,4,153,1,0.856,645.4,Fair,5,Email,0,0,DCA-01,2025-01-25,8,2025-02-02,In Progress,0,0.0,,,0,0,0,Low
C004450,18983,LATAM,Finance,11125.12,7,85,1,0.829,704.6,Good,1,Email,0,0,DCA-06,2025-03-20,11,2025-03-31,In Progress,0,0.0,,,0,0,0,Low
C004451,18589,APAC,Technology,9401.89,3,291,1,0.752,620.6,Fair,6,SMS,0,0,DCA-06,2025-08-27,27,2025-09-23,Closed,1,9401.89,65.0,2025-10-31,0,0,0,Low
C004452,12533,EU,Technology,14027.61,4,228,0,1.0,672.0,Good,5,SMS,0,0,DCA-09,2025-08-30,18,2025-09-17,Closed,1,12507.56,69.0,2025-11-07,0,0,0,Low
C004453,14776,APAC,Manufacturing,28928.45,1,328,0,1.0,648.2,Fair,2,Email,0,1,DCA-02,2025-10-04,16,2025-10-20,Closed,1,28928.45,46.0,2025-11-19,0,1,0,Low
C004454,17052,APAC,Finance,7609.71,6,199,0,1.0,791.5,Very Good,3,Phone,0,0,DCA-03,2025-08-08,18,2025-08-26,Escalated,0,0.0,,,0,0,1,Low
C004455,16124,NA,Aviation,28645.89,7,201,0,1.0,677.5,Good,6,SMS,0,0,DCA-01,2025-09-14,22,2025-10-06,Escalated,0,0.0,,,0,0,1,Low
C004456,10671,APAC,Automotive,14344.99,6,53,0,0.694,577.3,Poor,3,Email,1,0,DCA-05,2025-07-01,16,2025-07-17,Dispute,0,0.0,,,0,0,0,Low
C004457,15910,LATAM,FMCG,68072.9,2,220,0,1.0,699.2,Good,7,Email,0,1,DCA-01,2025-01-16,12,2025-01-28,Closed,1,65647.82,32.0,2025-02-17,0,1,0,Medium
C004458,10387,MEA,Retail,16700.29,3,133,1,0.837,623.3,Fair,4,SMS,0,1,DCA-07,2025-12-23,8,2025-12-31,PTP,0,0.0,,,0,0,0,Low
C004459,11164,IND,Finance,12483.42,6,75,0,1.0,734.5,Good,3,Phone,0,1,DCA-02,2025-05-23,30,2025-06-22,Closed,1,11814.49,15.0,2025-06-07,1,1,0,Medium
C004460,16537,MEA,Energy,19976.27,6,285,4,0.649,613.4,Fair,5,Phone,1,0,DCA-02,2025-01-05,12,2025-01-17,Escalated,0,0.0,,,0,0,1,Low
C004461,11025,APAC,Technology,10551.23,3,126,0,1.0,675.9,Good,4,Phone,0,0,DCA-01,2025-09-06,28,2025-10-04,In Progress,0,0.0,,,0,0,0,Medium
C004462,13390,EU,Technology,3802.1,7,78,0,0.694,704.5,Good,2,Portal,0,0,DCA-05,2025-11-14,13,2025-11-27,In Progress,0,0.0,,,0,0,0,Medium
C004463,15884,APAC,FMCG,11289.58,2,350,1,0.925,588.9,Fair,8,Email,0,0,DCA-02,2025-05-04,24,2025-05-28,Escalated,0,0.0,,,0,0,1,Low
C004464,16554,IND,FMCG,11165.62,6,351,3,0.364,462.6,Poor,5,Phone,0,0,DCA-01,2025-06-11,18,2025-06-29,Escalated,0,0.0,,,0,0,1,Low
C004465,14457,IND,Manufacturing,4382.51,4,181,2,0.629,684.2,Good,8,Email,0,0,DCA-03,2026-01-14,13,2026-01-27,Escalated,0,0.0,,,0,0,1,Medium
C004466,10940,MEA,Logistics,12693.88,5,108,1,0.767,659.5,Fair,5,Email,0,0,DCA-08,2025-11-22,17,2025-12-09,In Progress,0,0.0,,,0,0,0,Low
C004467,17991,NA,Automotive,3143.28,5,59,0,0.798,664.8,Fair,2,SMS,1,1,DCA-01,2025-10-28,23,2025-11-20,Closed,1,2929.29,48.0,2025-12-15,0,1,0,Low
C004468,19498,NA,Manufacturing,10473.66,4,229,1,0.636,553.9,Poor,2,Phone,0,0,DCA-03,2025-06-28,11,2025-07-09,Escalated,0,0.0,,,0,0,1,Low
C004469,18887,IND,Technology,15843.54,6,223,0,1.0,718.1,Good,2,Portal,0,1,DCA-03,2025-02-22,28,2025-03-22,Closed,1,15304.99,35.0,2025-03-29,0,1,0,High
C004470,17485,IND,Aviation,14298.32,6,226,0,0.94,670.7,Good,4,Phone,0,1,DCA-03,2025-03-13,21,2025-04-03,PTP,0,0.0,,,0,0,1,Medium
C004471,14022,APAC,Healthcare,10019.13,6,280,2,0.971,631.3,Fair,3,Phone,0,1,DCA-03,2025-11-27,13,2025-12-10,Closed,1,8910.08,49.0,2026-01-15,0,1,0,Low
C004472,18762,APAC,Technology,12583.34,1,172,0,0.919,657.9,Fair,6,Email,0,0,DCA-04,2025-08-12,18,2025-08-30,In Progress,0,0.0,,,0,0,0,Medium
C004473,14881,NA,Manufacturing,7716.8,3,249,1,0.973,660.0,Fair,7,Portal,0,0,DCA-08,2025-06-17,24,2025-07-11,Escalated,0,0.0,,,0,0,1,Low
C004474,11364,APAC,Aviation,13461.26,6,239,0,1.0,749.7,Very Good,5,Phone,0,0,DCA-07,2026-01-20,12,2026-02-01,Closed,1,12935.72,46.0,2026-03-07,0,1,0,Medium
C004475,18505,LATAM,Retail,13914.13,7,290,1,0.813,530.5,Poor,2,Portal,0,0,DCA-04,2025-03-12,26,2025-04-07,Escalated,0,0.0,,,0,0,1,Low
C004476,13201,NA,Healthcare,7114.04,3,271,0,0.894,750.1,Very Good,5,Phone,0,0,DCA-08,2025-02-12,8,2025-02-20,Closed,1,6074.54,60.0,2025-04-13,0,1,0,Low
C004477,19387,APAC,Finance,16113.13,6,14,1,0.58,757.5,Very Good,0,Email,0,1,DCA-04,2025-05-08,25,2025-06-02,Closed,1,13693.7,30.0,2025-06-07,1,1,0,Medium
C004478,13683,EU,Technology,16042.82,4,226,4,0.775,595.8,Fair,3,Phone,0,0,DCA-05,2025-12-16,9,2025-12-25,Escalated,0,0.0,,,0,0,1,Low
C004479,18693,IND,Energy,11892.38,2,356,0,0.637,631.2,Fair,7,Portal,1,0,DCA-07,2025-12-10,25,2026-01-04,Escalated,0,0.0,,,0,0,1,Low
C004480,15371,MEA,Automotive,72746.27,7,204,0,1.0,687.0,Good,2,Email,0,1,DCA-06,2025-09-04,8,2025-09-12,PTP,0,0.0,,,0,0,1,Medium
C004481,14673,IND,Manufacturing,12106.63,4,193,0,0.946,640.9,Fair,4,Email,0,1,DCA-04,2025-02-27,25,2025-03-24,PTP,0,0.0,,,0,0,1,Low
C004482,12968,EU,Automotive,10987.75,5,221,1,0.753,679.0,Good,3,Phone,1,0,DCA-03,2025-11-21,8,2025-11-29,Escalated,0,0.0,,,0,0,1,Low
C004483,18357,NA,Logistics,9940.03,3,204,1,1.0,722.3,Good,1,Phone,0,0,DCA-07,2025-12-07,19,2025-12-26,Escalated,0,0.0,,,0,0,1,Low
C004484,10606,IND,Finance,6770.58,1,147,0,0.823,659.4,Fair,7,Email,0,0,DCA-04,2025-11-22,9,2025-12-01,Closed,1,5271.4,61.0,2026-01-22,0,0,0,Low
C004485,14688,APAC,Finance,21593.08,4,362,0,0.993,725.4,Good,6,Email,1,0,DCA-06,2025-11-11,10,2025-11-21,Escalated,0,0.0,,,0,0,1,Low
C004486,13688,LATAM,Automotive,8263.7,6,26,2,0.842,625.5,Fair,4,Email,0,0,DCA-05,2025-02-18,15,2025-03-05,In Progress,0,0.0,,,0,0,0,Medium
C004487,15433,MEA,Finance,8977.14,3,297,1,0.934,637.0,Fair,2,Phone,0,0,DCA-08,2026-01-06,28,2026-02-03,Escalated,0,0.0,,,0,0,1,Low
C004488,12545,LATAM,Aviation,9165.77,7,59,0,0.964,725.4,Good,2,Portal,0,0,DCA-10,2025-06-06,19,2025-06-25,Closed,1,8920.0,62.0,2025-08-07,0,0,0,Low
C004489,16645,IND,Retail,6704.54,6,76,0,0.517,617.8,Fair,0,Phone,0,0,DCA-10,2025-11-13,12,2025-11-25,In Progress,0,0.0,,,0,0,0,Low
C004490,13859,NA,FMCG,3921.55,5,221,0,0.967,718.0,Good,3,Phone,0,0,DCA-01,2025-08-15,18,2025-09-02,Closed,1,2988.05,56.0,2025-10-10,0,1,0,Medium
C004491,11881,NA,Energy,9661.87,6,233,0,0.902,732.5,Good,0,Email,0,0,DCA-05,2025-05-23,8,2025-05-31,Closed,1,9649.63,67.0,2025-07-29,0,0,0,Medium
C004492,11969,EU,Retail,24620.5,7,338,0,0.805,605.6,Fair,5,Portal,0,0,DCA-04,2025-11-20,28,2025-12-18,Escalated,0,0.0,,,0,0,1,Low
C004493,16965,APAC,Retail,15334.89,6,108,3,0.879,709.7,Good,5,In-person,0,1,DCA-01,2025-05-02,26,2025-05-28,PTP,0,0.0,,,0,0,0,Low
C004494,12618,IND,Finance,39831.08,6,10,0,0.644,680.8,Good,1,SMS,0,1,DCA-09,2025-04-29,28,2025-05-27,Closed,1,32774.29,22.0,2025-05-21,1,1,0,Medium
C004495,13072,IND,Technology,22599.19,5,93,0,1.0,687.8,Good,0,Phone,0,1,DCA-07,2025-03-20,11,2025-03-31,Closed,1,20356.91,33.0,2025-04-22,0,1,0,Medium
C004496,16269,LATAM,Technology,19279.07,7,199,0,1.0,761.6,Very Good,2,Portal,0,1,DCA-06,2026-01-16,11,2026-01-27,Closed,1,18876.3,36.0,2026-02-21,0,1,0,Medium
C004497,13297,IND,Automotive,49903.89,1,131,0,0.86,762.3,Very Good,3,Phone,0,0,DCA-10,2025-02-27,9,2025-03-08,In Progress,0,0.0,,,0,0,0,Low
C004498,13881,LATAM,FMCG,12481.44,3,92,1,0.79,636.4,Fair,5,Email,0,0,DCA-07,2025-01-17,27,2025-02-13,In Progress,0,0.0,,,0,0,0,Medium
C004499,12444,EU,Automotive,13962.81,7,333,1,0.814,547.0,Poor,4,Email,0,0,DCA-10,2025-01-22,21,2025-02-12,Closed,1,12903.19,70.0,2025-04-02,0,0,0,Low
C004500,13453,IND,Automotive,13252.94,4,205,1,0.843,526.2,Poor,6,Email,0,0,DCA-07,2025-08-14,20,2025-09-03,Escalated,0,0.0,,,0,0,1,Low
C004501,16927,LATAM,Retail,39365.72,1,245,2,0.484,538.2,Poor,3,Phone,0,0,DCA-01,2025-02-13,20,2025-03-05,Escalated,0,0.0,,,0,0,1,Low
C004502,15339,LATAM,FMCG,13383.27,6,273,1,0.713,559.6,Poor,2,Phone,1,1,DCA-01,2025-09-14,24,2025-10-08,Escalated,0,0.0,,,0,0,1,Low
C004503,19975,IND,Manufacturing,8486.28,5,149,1,0.658,508.3,Poor,2,Email,0,0,DCA-09,2025-05-08,29,2025-06-06,In Progress,0,0.0,,,0,0,0,Low
C004504,17718,NA,Technology,20158.33,7,268,1,0.63,537.8,Poor,5,Phone,0,1,DCA-06,2025-08-16,25,2025-09-10,PTP,0,0.0,,,0,0,1,Low
C004505,10168,EU,Automotive,7544.83,1,351,3,0.664,515.5,Poor,3,SMS,1,0,DCA-04,2026-01-16,13,2026-01-29,Escalated,0,0.0,,,0,0,1,Low
C004506,13788,MEA,FMCG,19407.79,2,264,1,0.541,550.2,Poor,2,Phone,0,1,DCA-07,2025-01-24,16,2025-02-09,PTP,0,0.0,,,0,0,1,Low
C004507,12898,NA,Automotive,17848.75,4,109,3,0.567,600.1,Fair,3,SMS,0,1,DCA-05,2025-07-28,30,2025-08-27,PTP,0,0.0,,,0,0,0,Low
C004508,15875,NA,Finance,11700.87,2,284,3,0.828,609.3,Fair,6,Portal,0,0,DCA-03,2025-06-29,17,2025-07-16,Escalated,0,0.0,,,0,0,1,Low
C004509,12656,IND,Manufacturing,19852.16,4,86,0,1.0,722.8,Good,5,Email,0,1,DCA-04,2025-01-07,25,2025-02-01,PTP,0,0.0,,,0,0,0,Medium
C004510,19662,IND,Healthcare,4715.2,3,27,2,0.861,668.3,Fair,1,In-person,0,1,DCA-07,2025-03-18,25,2025-04-12,Closed,1,4715.2,26.0,2025-04-13,1,1,0,Medium
C004511,12993,APAC,Energy,14974.04,2,162,1,0.878,675.5,Good,2,Email,0,1,DCA-07,2025-08-25,30,2025-09-24,PTP,0,0.0,,,0,0,0,Low
C004512,15219,NA,Aviation,9663.05,6,186,3,0.761,595.2,Fair,1,SMS,0,1,DCA-10,2025-08-03,26,2025-08-29,PTP,0,0.0,,,0,0,1,Low
C004513,11229,IND,Healthcare,99070.25,1,172,0,0.875,719.1,Good,7,Phone,0,1,DCA-08,2025-09-23,21,2025-10-14,PTP,0,0.0,,,0,0,0,Medium
C004514,19097,IND,Healthcare,14899.42,7,96,0,1.0,666.0,Fair,3,Phone,0,1,DCA-08,2025-05-25,17,2025-06-11,Closed,1,14899.42,30.0,2025-06-24,1,1,0,Medium
C004515,19118,EU,Technology,8800.16,2,100,1,1.0,773.8,Very Good,1,Portal,0,0,DCA-08,2025-01-21,7,2025-01-28,In Progress,0,0.0,,,0,0,0,Medium
C004516,17936,IND,Aviation,5090.79,5,336,2,0.382,514.5,Poor,5,SMS,1,0,DCA-01,2025-11-23,12,2025-12-05,Escalated,0,0.0,,,0,0,1,Low
C004517,13516,NA,Energy,33315.71,7,107,0,1.0,725.3,Good,5,Email,0,0,DCA-10,2025-03-22,17,2025-04-08,In Progress,0,0.0,,,0,0,0,Medium
C004518,10587,APAC,Finance,10456.48,1,285,4,0.91,619.3,Fair,7,Phone,0,0,DCA-10,2025-01-26,23,2025-02-18,Escalated,0,0.0,,,0,0,1,Low
C004519,17109,NA,Aviation,7677.53,7,94,2,0.747,624.3,Fair,5,Phone,0,0,DCA-03,2025-03-25,30,2025-04-24,In Progress,0,0.0,,,0,0,0,Medium
C004520,14290,IND,Aviation,16905.76,3,40,1,0.483,704.1,Good,5,Phone,0,0,DCA-09,2025-06-18,25,2025-07-13,In Progress,0,0.0,,,0,0,0,Medium
C004521,19903,EU,Technology,21053.1,6,24,0,0.676,608.8,Fair,1,Email,1,0,DCA-04,2025-04-09,11,2025-04-20,Dispute,0,0.0,,,0,0,0,Low
C004522,16983,NA,Energy,20822.03,6,89,0,1.0,731.3,Good,2,Portal,0,0,DCA-08,2025-12-06,25,2025-12-31,In Progress,0,0.0,,,0,0,0,Medium
C004523,15386,NA,Automotive,13545.71,2,307,3,0.608,449.0,Poor,3,Email,0,1,DCA-03,2025-08-19,28,2025-09-16,PTP,0,0.0,,,0,0,1,Low
C004524,19867,NA,FMCG,14934.56,3,166,2,0.744,537.7,Poor,5,In-person,0,1,DCA-10,2025-09-16,16,2025-10-02,PTP,0,0.0,,,0,0,0,Low
C004525,18004,NA,Retail,15715.86,7,253,1,0.932,665.8,Fair,6,Portal,0,0,DCA-09,2025-01-24,12,2025-02-05,Escalated,0,0.0,,,0,0,1,Low
C004526,14583,APAC,Aviation,16906.9,1,351,3,0.696,515.2,Poor,4,Portal,1,0,DCA-09,2025-03-11,11,2025-03-22,Escalated,0,0.0,,,0,0,1,Low
C004527,10188,NA,Healthcare,17987.27,1,18,0,1.0,706.0,Good,4,Phone,0,1,DCA-01,2025-08-11,10,2025-08-21,PTP,0,0.0,,,0,0,0,Medium
C004528,10927,IND,Healthcare,28742.06,3,40,0,0.904,750.5,Very Good,0,Portal,0,0,DCA-01,2025-11-16,19,2025-12-05,In Progress,0,0.0,,,0,0,0,Medium
C004529,14437,APAC,Retail,13897.86,5,335,5,0.687,532.9,Poor,6,Email,0,0,DCA-06,2025-12-23,29,2026-01-21,Escalated,0,0.0,,,0,0,1,Low
C004530,15620,IND,Aviation,7541.96,6,207,0,1.0,794.1,Very Good,3,Phone,0,1,DCA-09,2025-05-13,13,2025-05-26,Closed,1,7541.96,26.0,2025-06-08,1,1,0,Medium
C004531,10301,IND,Healthcare,12076.25,4,225,2,0.735,601.0,Fair,1,Phone,1,1,DCA-02,2025-12-20,8,2025-12-28,Escalated,0,0.0,,,0,0,1,Low
C004532,11265,MEA,Finance,22643.92,4,125,1,0.654,609.1,Fair,1,Phone,0,1,DCA-02,2025-07-26,14,2025-08-09,PTP,0,0.0,,,0,0,0,Low
C004533,17042,NA,Logistics,3825.45,7,301,3,0.614,522.2,Poor,7,Phone,0,0,DCA-05,2025-10-08,8,2025-10-16,Escalated,0,0.0,,,0,0,1,Low
C004534,17515,APAC,Energy,3840.94,2,236,0,1.0,754.5,Very Good,8,SMS,0,1,DCA-10,2025-08-20,23,2025-09-12,PTP,0,0.0,,,0,0,1,Medium
C004535,10298,IND,Logistics,25407.34,7,94,2,0.768,570.1,Poor,1,Email,0,0,DCA-10,2026-01-23,9,2026-02-01,Closed,1,19832.6,62.0,2026-03-26,0,0,0,Low
C004536,15076,IND,Healthcare,38719.01,3,237,3,1.0,720.3,Good,1,In-person,0,0,DCA-10,2025-02-16,14,2025-03-02,Closed,1,30280.85,65.0,2025-04-22,0,0,0,Low
C004537,10809,APAC,Aviation,5510.22,2,2,0,0.895,759.4,Very Good,3,Phone,0,0,DCA-06,2025-08-08,24,2025-09-01,Closed,1,4947.47,58.0,2025-10-05,0,1,0,Low
C004538,17234,APAC,FMCG,14333.02,7,88,0,0.976,771.1,Very Good,3,Phone,0,0,DCA-10,2025-09-19,26,2025-10-15,In Progress,0,0.0,,,0,0,0,Medium
C004539,18340,EU,Aviation,10100.28,5,75,0,0.909,707.7,Good,3,Portal,0,0,DCA-10,2025-07-28,7,2025-08-04,In Progress,0,0.0,,,0,0,0,Medium
C004540,18693,IND,Finance,11130.22,4,287,1,0.832,560.3,Poor,3,In-person,0,1,DCA-10,2025-09-28,16,2025-10-14,Closed,1,11130.22,53.0,2025-11-20,0,1,0,Low
C004541,15981,IND,Technology,16545.54,3,268,0,0.787,741.7,Very Good,3,Phone,1,0,DCA-05,2025-01-02,14,2025-01-16,Escalated,0,0.0,,,0,0,1,Low
C004542,16289,MEA,Healthcare,5404.52,4,34,0,0.764,570.5,Poor,2,In-person,0,1,DCA-03,2025-09-08,11,2025-09-19,PTP,0,0.0,,,0,0,0,Medium
C004543,19265,IND,Manufacturing,6154.56,6,330,0,1.0,654.1,Fair,7,Phone,0,0,DCA-08,2025-08-26,12,2025-09-07,Escalated,0,0.0,,,0,0,1,Low
C004544,16124,IND,Technology,10819.7,2,298,0,0.815,703.4,Good,4,Email,0,0,DCA-03,2025-09-25,17,2025-10-12,Closed,1,8465.38,70.0,2025-12-04,0,0,0,Medium
C004545,14462,IND,Finance,12067.09,2,159,0,0.932,674.8,Good,7,Phone,0,0,DCA-04,2025-08-26,26,2025-09-21,In Progress,0,0.0,,,0,0,0,Low
C004546,17545,APAC,Manufacturing,6074.36,3,78,2,0.855,659.1,Fair,6,Email,0,1,DCA-06,2025-04-05,15,2025-04-20,Closed,1,6074.36,24.0,2025-04-29,1,1,0,Medium
C004547,15908,APAC,Automotive,23219.63,4,153,0,0.944,693.1,Good,3,SMS,0,1,DCA-09,2025-12-03,14,2025-12-17,Closed,1,23219.63,32.0,2026-01-04,0,1,0,Medium
C004548,18424,EU,Finance,9973.7,6,215,2,0.73,623.6,Fair,8,Email,0,0,DCA-05,2025-04-01,14,2025-04-15,Closed,1,8121.36,80.0,2025-06-20,0,0,0,Low
C004549,15247,APAC,Automotive,9944.03,2,230,1,0.828,631.6,Fair,6,Phone,0,1,DCA-01,2025-10-30,28,2025-11-27,PTP,0,0.0,,,0,0,1,Medium
C004550,18690,LATAM,Automotive,16282.74,6,127,1,0.656,623.7,Fair,4,Phone,0,0,DCA-06,2025-04-09,11,2025-04-20,In Progress,0,0.0,,,0,0,0,Low
C004551,10448,APAC,Energy,12206.99,7,37,0,0.716,703.1,Good,2,Email,0,0,DCA-01,2025-10-04,25,2025-10-29,In Progress,0,0.0,,,0,0,0,Medium
C004552,10364,NA,Technology,24010.19,4,222,1,1.0,678.2,Good,4,SMS,0,1,DCA-03,2025-04-15,12,2025-04-27,Closed,1,24010.19,29.0,2025-05-14,1,1,0,Medium
C004553,10990,APAC,Aviation,6950.75,7,257,0,0.921,628.0,Fair,3,Email,0,0,DCA-02,2025-11-28,26,2025-12-24,Escalated,0,0.0,,,0,0,1,Low
C004554,15561,APAC,Healthcare,5023.23,7,98,1,0.678,721.1,Good,3,Portal,0,0,DCA-06,2025-05-24,25,2025-06-18,In Progress,0,0.0,,,0,0,0,Low
C004555,17089,APAC,Finance,10755.24,6,233,0,0.96,702.9,Good,5,Email,0,0,DCA-03,2025-06-13,12,2025-06-25,Escalated,0,0.0,,,0,0,1,Medium
C004556,12162,NA,Automotive,13935.09,3,208,0,0.887,755.0,Very Good,3,Phone,0,0,DCA-07,2025-04-09,25,2025-05-04,Escalated,0,0.0,,,0,0,1,Low
C004557,11557,MEA,Logistics,5605.32,3,183,1,0.739,636.0,Fair,1,Phone,0,0,DCA-07,2025-05-09,11,2025-05-20,Escalated,0,0.0,,,0,0,1,Low
C004558,18603,IND,Finance,5057.22,7,3,0,0.966,681.6,Good,3,Phone,1,0,DCA-05,2026-01-18,17,2026-02-04,Dispute,0,0.0,,,0,0,0,Medium
C004559,17505,NA,Logistics,15178.09,4,112,1,1.0,698.7,Good,1,Email,0,1,DCA-01,2026-01-03,15,2026-01-18,PTP,0,0.0,,,0,0,0,Medium
C004560,16483,IND,Logistics,7860.09,1,137,0,0.725,656.5,Fair,2,Portal,0,0,DCA-01,2025-02-03,13,2025-02-16,Closed,1,5136.86,68.0,2025-04-12,0,0,0,Medium
C004561,14883,NA,Healthcare,4833.09,6,304,0,1.0,722.2,Good,5,Email,0,0,DCA-05,2025-09-02,20,2025-09-22,Escalated,0,0.0,,,0,0,1,Medium
C004562,14202,NA,Finance,26258.34,3,301,0,1.0,765.4,Very Good,4,Phone,0,1,DCA-02,2025-12-02,21,2025-12-23,PTP,0,0.0,,,0,0,1,Low
C004563,10205,IND,Aviation,8584.76,7,319,0,0.919,628.6,Fair,4,Phone,0,0,DCA-05,2025-08-19,27,2025-09-15,Escalated,0,0.0,,,0,0,1,Low
C004564,11881,IND,Energy,29877.71,6,169,2,0.709,666.4,Fair,3,Email,0,0,DCA-06,2025-05-21,22,2025-06-12,In Progress,0,0.0,,,0,0,0,Low
C004565,18969,IND,FMCG,13628.65,1,119,1,1.0,746.0,Very Good,5,Phone,0,1,DCA-05,2025-11-12,15,2025-11-27,Closed,1,13008.77,35.0,2025-12-17,0,1,0,Medium
C004566,13390,NA,Energy,16421.25,7,182,1,0.782,761.8,Very Good,4,Email,0,0,DCA-06,2025-08-28,20,2025-09-17,Escalated,0,0.0,,,0,0,1,Low
C004567,17045,NA,Finance,11521.27,7,289,0,0.98,612.6,Fair,5,SMS,0,0,DCA-10,2025-03-18,18,2025-04-05,Escalated,0,0.0,,,0,0,1,Low
C004568,17037,IND,Manufacturing,2082.63,6,227,1,0.769,649.1,Fair,1,Email,0,1,DCA-07,2025-05-06,25,2025-05-31,PTP,0,0.0,,,0,0,1,Medium
C004569,13094,EU,Logistics,6028.48,2,219,1,0.676,601.9,Fair,4,Phone,0,0,DCA-02,2025-01-28,22,2025-02-19,Escalated,0,0.0,,,0,0,1,Low
C004570,12043,NA,Manufacturing,12234.36,5,159,0,0.926,720.0,Good,3,Phone,0,1,DCA-02,2025-12-23,17,2026-01-09,PTP,0,0.0,,,0,0,0,Medium
C004571,16916,IND,Technology,17245.57,7,254,2,0.667,507.9,Poor,3,Portal,1,0,DCA-10,2025-03-15,19,2025-04-03,Escalated,0,0.0,,,0,0,1,Low
C004572,10935,EU,Energy,3817.03,6,316,1,0.804,655.5,Fair,4,Phone,1,1,DCA-10,2025-01-27,22,2025-02-18,Escalated,0,0.0,,,0,0,1,Low
C004573,14948,APAC,Automotive,12867.74,4,244,0,0.84,690.3,Good,4,Phone,0,1,DCA-05,2026-01-01,18,2026-01-19,PTP,0,0.0,,,0,0,1,Medium
C004574,18880,IND,Manufacturing,6090.07,5,147,0,0.863,672.0,Good,0,Phone,0,0,DCA-09,2025-04-15,19,2025-05-04,In Progress,0,0.0,,,0,0,0,Low
C004575,17113,MEA,Energy,15744.31,3,306,2,0.871,632.3,Fair,5,Email,0,1,DCA-07,2025-09-11,15,2025-09-26,PTP,0,0.0,,,0,0,1,Low
C004576,17642,APAC,Automotive,13179.52,2,344,2,0.844,540.4,Poor,10,Phone,0,0,DCA-01,2026-01-15,14,2026-01-29,Escalated,0,0.0,,,0,0,1,Low
C004577,10832,APAC,Technology,22481.57,5,290,0,0.944,667.8,Fair,7,Phone,0,0,DCA-08,2025-02-17,25,2025-03-14,Escalated,0,0.0,,,0,0,1,Low
C004578,11997,EU,Automotive,28191.51,4,320,1,0.686,576.9,Poor,2,Email,1,0,DCA-04,2025-05-22,10,2025-06-01,Escalated,0,0.0,,,0,0,1,Low
C004579,12750,IND,Energy,18421.85,2,97,1,0.683,691.4,Good,0,Phone,0,1,DCA-06,2025-03-24,14,2025-04-07,PTP,0,0.0,,,0,0,0,Low
C004580,12923,APAC,Energy,24398.47,5,154,2,0.487,543.2,Poor,7,Phone,0,0,DCA-09,2025-04-10,11,2025-04-21,In Progress,0,0.0,,,0,0,0,Low
C004581,11940,IND,Manufacturing,10454.21,3,91,2,0.734,565.1,Poor,2,Email,1,0,DCA-06,2025-12-20,11,2025-12-31,Escalated,0,0.0,,,0,0,1,Low
C004582,19720,IND,Automotive,96392.36,5,134,1,0.922,683.4,Good,3,Phone,0,0,DCA-06,2025-04-28,18,2025-05-16,Closed,1,69424.19,48.0,2025-06-15,0,1,0,Low
C004583,11649,APAC,Technology,5692.06,3,267,0,0.775,648.9,Fair,5,Phone,0,0,DCA-09,2025-04-02,11,2025-04-13,Escalated,0,0.0,,,0,0,1,Low
C004584,17081,NA,Healthcare,9233.29,7,247,1,0.82,537.6,Poor,4,Portal,0,0,DCA-09,2025-02-15,11,2025-02-26,Escalated,0,0.0,,,0,0,1,Low
C004585,15867,IND,Finance,25108.23,6,2,0,0.851,693.7,Good,4,Phone,0,0,DCA-07,2025-10-26,28,2025-11-23,Closed,1,19483.1,46.0,2025-12-11,0,1,0,High
C004586,16105,EU,Energy,22627.13,4,275,3,0.735,584.0,Fair,3,Email,0,0,DCA-01,2025-05-15,30,2025-06-14,Escalated,0,0.0,,,0,0,1,Low
C004587,12146,EU,FMCG,18791.73,5,70,0,0.945,672.2,Good,2,SMS,1,0,DCA-09,2025-01-27,17,2025-02-13,Closed,1,15186.74,54.0,2025-03-22,0,1,0,Medium
C004588,13076,EU,Energy,21433.77,2,68,1,0.627,688.8,Good,1,Phone,0,0,DCA-07,2025-05-06,15,2025-05-21,In Progress,0,0.0,,,0,0,0,Low
C004589,16064,IND,Energy,3107.3,7,198,0,1.0,625.8,Fair,6,Portal,0,1,DCA-06,2025-12-11,20,2025-12-31,PTP,0,0.0,,,0,0,1,Medium
C004590,12991,LATAM,Retail,40640.04,2,88,0,1.0,730.9,Good,3,Phone,0,1,DCA-09,2025-04-21,10,2025-05-01,PTP,0,0.0,,,0,0,0,Medium
C004591,16941,MEA,Finance,11582.8,7,351,1,0.719,538.1,Poor,5,Email,0,0,DCA-04,2025-11-18,13,2025-12-01,Closed,1,9479.94,79.0,2026-02-05,0,0,0,Low
C004592,10395,NA,Automotive,31956.34,6,54,0,0.888,750.7,Very Good,3,Phone,0,1,DCA-01,2025-02-02,29,2025-03-03,Closed,1,31956.34,21.0,2025-02-23,1,1,0,Medium
C004593,10728,EU,Technology,3218.05,2,56,1,0.722,621.8,Fair,2,Email,0,0,DCA-03,2025-05-13,8,2025-05-21,Closed,1,2739.54,60.0,2025-07-12,0,1,0,Medium
C004594,17284,EU,Retail,15988.07,1,277,0,0.945,695.6,Good,7,Phone,0,1,DCA-10,2025-08-23,27,2025-09-19,Closed,1,15885.29,66.0,2025-10-28,0,0,0,Low
C004595,16167,NA,Retail,9005.12,6,105,1,0.722,639.4,Fair,2,Phone,0,0,DCA-08,2025-01-03,28,2025-01-31,In Progress,0,0.0,,,0,0,0,Low
C004596,10431,LATAM,Manufacturing,19940.02,7,261,0,0.627,619.2,Fair,3,Phone,0,1,DCA-05,2025-09-29,13,2025-10-12,PTP,0,0.0,,,0,0,1,Low
C004597,18990,NA,Technology,16679.73,6,249,0,0.983,742.2,Very Good,2,Phone,0,0,DCA-09,2026-01-29,19,2026-02-17,Closed,1,14772.92,51.0,2026-03-21,0,1,0,Low
C004598,10048,IND,Retail,17261.49,1,69,3,0.769,537.1,Poor,5,Email,1,0,DCA-09,2025-10-05,23,2025-10-28,Dispute,0,0.0,,,0,0,0,Low
C004599,19555,LATAM,Healthcare,6366.09,5,212,2,0.908,664.0,Fair,8,Email,0,0,DCA-09,2025-11-18,11,2025-11-29,Escalated,0,0.0,,,0,0,1,Low
C004600,17294,APAC,Energy,12837.45,3,196,0,1.0,638.9,Fair,4,Phone,0,0,DCA-10,2025-03-05,24,2025-03-29,Closed,1,10328.79,65.0,2025-05-09,0,0,0,Medium
C004601,19881,APAC,Technology,11776.76,7,35,0,0.826,673.8,Good,2,Phone,0,0,DCA-10,2025-07-16,29,2025-08-14,In Progress,0,0.0,,,0,0,0,Medium
C004602,19488,APAC,Automotive,18896.22,6,279,0,0.834,619.2,Fair,1,Portal,0,1,DCA-06,2025-09-13,18,2025-10-01,PTP,0,0.0,,,0,0,1,Low
C004603,13131,EU,Energy,26702.38,6,313,2,0.69,635.3,Fair,5,Email,0,1,DCA-07,2025-06-26,27,2025-07-23,Closed,1,25210.25,43.0,2025-08-08,0,1,0,Low
C004604,17565,MEA,Automotive,14843.73,3,345,3,0.704,639.0,Fair,7,Phone,0,0,DCA-10,2025-12-18,21,2026-01-08,Escalated,0,0.0,,,0,0,1,Low
C004605,12109,LATAM,Logistics,5468.06,3,32,0,0.796,601.6,Fair,6,Email,0,0,DCA-10,2025-11-03,7,2025-11-10,In Progress,0,0.0,,,0,0,0,Low
C004606,14716,EU,Healthcare,14404.63,6,65,2,0.562,586.2,Fair,5,Portal,0,0,DCA-05,2026-01-22,27,2026-02-18,In Progress,0,0.0,,,0,0,0,Low
C004607,12401,IND,Healthcare,83096.13,1,301,0,0.732,575.2,Poor,4,Phone,0,0,DCA-03,2025-10-16,18,2025-11-03,Escalated,0,0.0,,,0,0,1,Low
C004608,14860,APAC,Retail,42285.68,1,111,1,0.665,624.7,Fair,2,Email,0,0,DCA-02,2025-12-20,18,2026-01-07,In Progress,0,0.0,,,0,0,0,Low
C004609,18723,MEA,Retail,1665.57,1,228,2,0.795,595.1,Fair,1,Phone,0,0,DCA-02,2025-11-05,12,2025-11-17,Escalated,0,0.0,,,0,0,1,Low
C004610,14361,APAC,Healthcare,13965.43,4,127,2,0.906,705.6,Good,4,Portal,0,1,DCA-01,2025-02-24,17,2025-03-13,PTP,0,0.0,,,0,0,0,Low
C004611,10923,NA,Retail,25654.74,1,80,3,0.571,538.5,Poor,1,Email,0,0,DCA-08,2025-12-12,18,2025-12-30,In Progress,0,0.0,,,0,0,0,Low
C004612,13246,IND,Technology,11758.96,5,228,1,0.985,686.8,Good,1,Email,0,1,DCA-06,2026-01-12,24,2026-02-05,Closed,1,11758.96,44.0,2026-02-25,0,1,0,Low
C004613,17865,IND,Retail,9681.15,2,75,2,0.6,618.0,Fair,5,Phone,0,1,DCA-05,2025-09-13,20,2025-10-03,Closed,1,8520.77,19.0,2025-10-02,1,1,0,Low
C004614,15217,NA,FMCG,11082.53,7,50,1,0.764,660.6,Fair,1,Email,0,0,DCA-01,2025-05-09,29,2025-06-07,In Progress,0,0.0,,,0,0,0,Low
C004615,15601,APAC,Aviation,19663.76,4,194,2,0.776,599.3,Fair,3,Email,0,0,DCA-05,2025-06-16,13,2025-06-29,Escalated,0,0.0,,,0,0,1,Low
C004616,14311,IND,Manufacturing,5979.37,1,71,0,0.624,714.1,Good,3,Email,0,1,DCA-01,2025-01-12,29,2025-02-10,Closed,1,5390.73,32.0,2025-02-13,0,1,0,Medium
C004617,12927,MEA,Manufacturing,30701.97,5,70,1,0.775,621.5,Fair,2,Email,0,0,DCA-07,2025-01-04,24,2025-01-28,In Progress,0,0.0,,,0,0,0,Medium
C004618,15981,LATAM,Healthcare,12846.22,3,285,0,1.0,655.9,Fair,5,SMS,1,1,DCA-10,2025-05-24,21,2025-06-14,Escalated,0,0.0,,,0,0,1,Low
C004619,16330,IND,Manufacturing,6942.96,2,193,0,0.349,562.4,Poor,5,In-person,0,0,DCA-09,2025-05-06,22,2025-05-28,Escalated,0,0.0,,,0,0,1,Low
C004620,18981,EU,Manufacturing,29349.92,5,198,0,0.896,660.9,Fair,4,Email,0,1,DCA-02,2025-05-02,20,2025-05-22,PTP,0,0.0,,,0,0,1,Medium
C004621,16177,IND,Healthcare,4529.69,7,53,1,0.803,631.5,Fair,3,Portal,1,0,DCA-07,2025-03-30,9,2025-04-08,Dispute,0,0.0,,,0,0,0,Low
C004622,19950,IND,Energy,9057.54,7,59,0,0.937,836.2,Excellent,1,Phone,0,0,DCA-03,2025-09-25,22,2025-10-17,Closed,1,8348.02,43.0,2025-11-07,0,1,0,High
C004623,18265,NA,Automotive,8953.75,4,143,1,0.923,627.1,Fair,2,Email,0,1,DCA-06,2025-05-31,13,2025-06-13,PTP,0,0.0,,,0,0,0,Low
C004624,10787,IND,Manufacturing,59919.62,6,142,1,0.921,688.7,Good,4,Phone,0,0,DCA-05,2026-01-24,8,2026-02-01,In Progress,0,0.0,,,0,0,0,Low
C004625,13921,IND,Manufacturing,8270.79,2,165,1,0.682,618.1,Fair,1,Phone,0,1,DCA-03,2025-12-21,16,2026-01-06,Closed,1,7411.47,36.0,2026-01-26,0,1,0,Medium
C004626,13846,APAC,Manufacturing,2955.8,6,49,1,0.65,661.7,Fair,1,Email,0,1,DCA-06,2025-10-15,28,2025-11-12,PTP,0,0.0,,,0,0,0,Low
C004627,10030,IND,FMCG,8890.42,7,328,2,0.897,649.2,Fair,6,Phone,0,0,DCA-07,2025-11-25,8,2025-12-03,Escalated,0,0.0,,,0,0,1,Low
C004628,11807,NA,Automotive,18377.55,4,133,1,0.961,668.6,Fair,6,Phone,1,1,DCA-07,2025-09-25,7,2025-10-02,Escalated,0,0.0,,,0,0,1,Low
C004629,17621,MEA,Logistics,23129.39,4,298,1,0.643,581.2,Fair,3,Phone,1,1,DCA-02,2025-03-27,15,2025-04-11,Escalated,0,0.0,,,0,0,1,Low
C004630,13521,APAC,Automotive,65747.56,4,146,0,1.0,725.3,Good,5,Phone,0,0,DCA-01,2025-03-08,8,2025-03-16,In Progress,0,0.0,,,0,0,0,Low
C004631,11478,APAC,Logistics,35768.69,1,172,1,0.699,601.6,Fair,4,Email,1,1,DCA-08,2025-07-18,8,2025-07-26,Closed,1,29511.43,41.0,2025-08-28,0,1,1,Low
C004632,12874,IND,Logistics,15237.97,7,41,0,0.893,735.9,Good,4,Phone,0,0,DCA-07,2025-10-12,7,2025-10-19,In Progress,0,0.0,,,0,0,0,Medium
C004633,12747,LATAM,Logistics,7158.17,6,247,0,1.0,760.3,Very Good,7,Portal,1,0,DCA-05,2025-07-31,25,2025-08-25,Escalated,0,0.0,,,0,0,1,Low
C004634,11745,IND,FMCG,41640.11,7,22,0,0.822,673.5,Good,2,Phone,0,0,DCA-07,2025-04-18,24,2025-05-12,In Progress,0,0.0,,,0,0,0,Medium
C004635,11011,NA,FMCG,10321.72,1,273,2,0.66,472.8,Poor,5,Phone,0,1,DCA-09,2025-01-28,12,2025-02-09,PTP,0,0.0,,,0,0,1,Low
C004636,17640,MEA,Automotive,8427.79,6,321,0,0.721,546.3,Poor,4,Phone,0,0,DCA-04,2025-04-21,13,2025-05-04,Escalated,0,0.0,,,0,0,1,Low
C004637,18245,EU,FMCG,9977.11,3,132,0,0.77,673.0,Good,4,Phone,0,1,DCA-05,2025-12-19,24,2026-01-12,Closed,1,8895.78,27.0,2026-01-15,1,1,0,High
C004638,14962,NA,Retail,5560.25,6,324,1,0.626,605.3,Fair,8,SMS,1,0,DCA-06,2025-06-21,16,2025-07-07,Escalated,0,0.0,,,0,0,1,Low
C004639,16154,IND,Energy,9647.81,7,255,2,0.89,585.9,Fair,2,Email,0,1,DCA-07,2025-12-26,15,2026-01-10,PTP,0,0.0,,,0,0,1,Low
C004640,19192,LATAM,Technology,11348.31,7,1,0,1.0,660.3,Fair,1,Email,0,0,DCA-05,2025-12-19,12,2025-12-31,Closed,1,9942.05,32.0,2026-01-20,0,1,0,Medium
C004641,18426,NA,Manufacturing,22280.33,7,74,0,0.718,756.8,Very Good,2,Email,0,1,DCA-08,2025-02-27,18,2025-03-17,PTP,0,0.0,,,0,0,0,Medium
C004642,10325,APAC,Energy,10181.61,1,234,0,0.996,699.5,Good,5,Portal,0,0,DCA-03,2025-03-27,29,2025-04-25,Escalated,0,0.0,,,0,0,1,Low
C004643,19529,LATAM,FMCG,5501.51,3,256,2,0.853,561.3,Poor,2,Email,0,1,DCA-02,2025-07-31,12,2025-08-12,PTP,0,0.0,,,0,0,1,Low
C004644,10669,IND,Manufacturing,4347.51,3,35,0,0.71,719.0,Good,0,Portal,1,0,DCA-01,2025-12-19,30,2026-01-18,Dispute,0,0.0,,,0,0,0,Low
C004645,10265,NA,Automotive,15470.63,4,250,1,0.919,681.1,Good,4,Email,0,0,DCA-01,2025-04-13,12,2025-04-25,Escalated,0,0.0,,,0,0,1,Low
C004646,14032,NA,FMCG,14056.47,7,295,0,0.983,716.9,Good,5,Phone,0,0,DCA-01,2025-07-16,17,2025-08-02,Escalated,0,0.0,,,0,0,1,Low
C004647,17458,MEA,Aviation,9063.23,5,34,1,0.978,623.1,Fair,3,Phone,0,1,DCA-10,2025-06-10,19,2025-06-29,Closed,1,7544.98,21.0,2025-07-01,1,1,0,Medium
C004648,10802,APAC,Automotive,9631.37,4,321,1,1.0,641.7,Fair,6,SMS,0,0,DCA-08,2025-01-28,26,2025-02-23,Escalated,0,0.0,,,0,0,1,Low
C004649,12929,MEA,Healthcare,17534.77,6,195,1,0.7,663.2,Fair,2,Email,0,1,DCA-06,2025-08-01,24,2025-08-25,PTP,0,0.0,,,0,0,1,Low
C004650,12627,NA,Technology,35361.62,2,225,2,0.526,506.9,Poor,3,Phone,0,1,DCA-03,2025-09-24,13,2025-10-07,PTP,0,0.0,,,0,0,1,Low
C004651,13973,LATAM,FMCG,7738.0,5,19,0,1.0,812.4,Excellent,1,Portal,0,0,DCA-08,2025-09-11,24,2025-10-05,In Progress,0,0.0,,,0,0,0,Medium
C004652,19860,NA,Healthcare,14217.54,4,224,0,0.921,652.9,Fair,2,Portal,0,1,DCA-10,2025-09-23,22,2025-10-15,PTP,0,0.0,,,0,0,1,Low
C004653,13314,APAC,Manufacturing,26128.69,2,166,1,1.0,655.1,Fair,2,In-person,0,1,DCA-04,2025-11-14,8,2025-11-22,PTP,0,0.0,,,0,0,0,Low
C004654,12089,IND,Technology,7759.86,5,136,2,0.677,643.9,Fair,5,Portal,0,0,DCA-04,2026-01-17,10,2026-01-27,In Progress,0,0.0,,,0,0,0,Low
C004655,11223,EU,Technology,13214.34,6,285,1,0.788,522.6,Poor,4,Email,0,0,DCA-09,2026-01-14,16,2026-01-30,Escalated,0,0.0,,,0,0,1,Low
C004656,11981,NA,Retail,13009.08,6,91,0,0.922,699.9,Good,1,Email,0,0,DCA-04,2025-05-07,27,2025-06-03,In Progress,0,0.0,,,0,0,0,Low
C004657,11331,MEA,Automotive,5335.26,6,22,1,0.856,629.5,Fair,4,Phone,1,0,DCA-09,2025-02-23,26,2025-03-21,Dispute,0,0.0,,,0,0,0,Low
C004658,15736,EU,Automotive,15032.19,6,182,2,0.722,526.3,Poor,3,Email,0,0,DCA-02,2025-02-08,17,2025-02-25,Escalated,0,0.0,,,0,0,1,Low
C004659,14205,APAC,Finance,13658.01,4,271,2,1.0,596.1,Fair,4,Portal,0,0,DCA-10,2025-11-05,15,2025-11-20,Escalated,0,0.0,,,0,0,1,Low
C004660,14979,LATAM,Healthcare,19703.65,1,49,0,0.92,639.2,Fair,3,Phone,0,1,DCA-02,2025-06-25,24,2025-07-19,PTP,0,0.0,,,0,0,0,Medium
C004661,18321,IND,Healthcare,5820.72,7,359,2,0.762,628.0,Fair,5,Email,0,1,DCA-08,2025-07-14,8,2025-07-22,PTP,0,0.0,,,0,0,1,Low
C004662,15804,NA,FMCG,13453.29,4,245,0,0.825,573.1,Poor,0,Portal,0,0,DCA-04,2025-04-22,22,2025-05-14,Escalated,0,0.0,,,0,0,1,Low
C004663,11551,IND,Logistics,35144.16,5,340,0,0.768,578.6,Poor,8,Email,0,1,DCA-09,2025-04-13,22,2025-05-05,PTP,0,0.0,,,0,0,1,Medium
C004664,13767,MEA,Manufacturing,57196.61,1,172,1,0.644,662.4,Fair,6,Phone,0,0,DCA-02,2025-08-05,25,2025-08-30,In Progress,0,0.0,,,0,0,0,Low
C004665,13125,IND,Automotive,32731.41,7,45,0,1.0,777.4,Very Good,1,Phone,0,1,DCA-07,2025-04-09,30,2025-05-09,PTP,0,0.0,,,0,0,0,High
C004666,18267,APAC,Logistics,5860.85,7,65,2,0.923,614.0,Fair,3,Portal,0,0,DCA-06,2025-08-13,16,2025-08-29,In Progress,0,0.0,,,0,0,0,Low
C004667,13070,NA,Automotive,18319.78,7,183,2,0.689,574.1,Poor,7,Phone,1,0,DCA-03,2025-10-26,29,2025-11-24,Escalated,0,0.0,,,0,0,1,Low
C004668,11385,IND,Energy,9526.16,2,215,0,0.912,641.4,Fair,6,Phone,0,1,DCA-05,2025-05-16,21,2025-06-06,PTP,0,0.0,,,0,0,1,Medium
C004669,17360,APAC,Finance,16296.9,6,268,0,1.0,796.6,Very Good,2,Email,0,0,DCA-10,2025-08-13,15,2025-08-28,Escalated,0,0.0,,,0,0,1,Low
C004670,14283,APAC,Energy,7781.06,5,290,0,1.0,648.8,Fair,7,Phone,1,0,DCA-08,2026-01-12,21,2026-02-02,Escalated,0,0.0,,,0,0,1,Low
C004671,10958,APAC,Energy,4026.16,2,278,0,0.79,642.2,Fair,2,Phone,0,0,DCA-01,2025-11-01,10,2025-11-11,Closed,1,2493.74,76.0,2026-01-16,0,0,0,Low
C004672,16897,NA,Healthcare,10496.93,4,215,1,0.977,794.2,Very Good,3,Email,0,0,DCA-10,2025-03-10,11,2025-03-21,Escalated,0,0.0,,,0,0,1,Low
C004673,12105,EU,FMCG,22155.08,4,7,0,0.687,729.6,Good,2,Phone,0,0,DCA-08,2025-05-07,14,2025-05-21,Closed,1,16489.89,57.0,2025-07-03,0,1,0,Medium
C004674,18682,IND,Finance,16343.73,5,193,0,1.0,776.5,Very Good,3,Phone,0,1,DCA-03,2025-03-27,11,2025-04-07,PTP,0,0.0,,,0,0,1,Medium
C004675,18324,LATAM,Manufacturing,17713.17,1,299,2,0.926,605.5,Fair,7,Email,0,0,DCA-10,2025-07-29,26,2025-08-24,Escalated,0,0.0,,,0,0,1,Low
C004676,13695,APAC,Finance,15544.24,4,309,1,0.98,629.0,Fair,10,Email,0,1,DCA-05,2025-06-02,24,2025-06-26,PTP,0,0.0,,,0,0,1,Medium
C004677,15555,NA,Technology,17732.76,5,304,0,1.0,689.0,Good,7,Email,0,0,DCA-06,2025-04-21,26,2025-05-17,Closed,1,14870.15,76.0,2025-07-06,0,0,0,Low
C004678,15677,IND,Logistics,19354.07,6,4,1,0.85,638.4,Fair,4,Phone,0,0,DCA-03,2025-08-02,12,2025-08-14,Closed,1,15639.55,50.0,2025-09-21,0,1,0,Medium
C004679,16534,IND,Aviation,11022.82,6,159,0,0.737,645.7,Fair,6,Portal,1,0,DCA-10,2025-08-10,8,2025-08-18,Escalated,0,0.0,,,0,0,1,Low
C004680,10691,NA,Logistics,14157.83,5,225,0,0.826,643.6,Fair,3,Email,0,1,DCA-04,2025-07-31,22,2025-08-22,PTP,0,0.0,,,0,0,1,Medium
C004681,13248,MEA,Logistics,45264.61,5,91,1,0.821,729.9,Good,2,Phone,0,1,DCA-07,2025-06-13,16,2025-06-29,Closed,1,39854.75,15.0,2025-06-28,1,1,0,Medium
C004682,11703,IND,Technology,14756.25,1,150,0,1.0,757.3,Very Good,3,Portal,0,0,DCA-06,2025-10-06,30,2025-11-05,In Progress,0,0.0,,,0,0,0,Medium
C004683,16974,IND,Technology,13763.76,6,36,0,0.851,736.9,Good,2,Phone,1,0,DCA-08,2025-04-03,11,2025-04-14,Closed,1,10886.34,58.0,2025-05-31,0,1,0,Low
C004684,10691,LATAM,Technology,14357.38,3,71,0,0.977,733.4,Good,5,Portal,0,0,DCA-01,2025-02-04,13,2025-02-17,In Progress,0,0.0,,,0,0,0,Medium
C004685,15169,APAC,Automotive,11469.7,4,3,0,1.0,717.1,Good,0,Email,0,0,DCA-05,2025-01-24,15,2025-02-08,Closed,1,9092.56,46.0,2025-03-11,0,1,0,Medium
C004686,17278,NA,Energy,9850.24,4,357,3,0.878,598.1,Fair,3,Phone,0,0,DCA-03,2026-01-08,28,2026-02-05,Escalated,0,0.0,,,0,0,1,Low
C004687,19483,APAC,Manufacturing,15460.98,7,313,0,0.912,621.9,Fair,2,Phone,0,1,DCA-02,2025-04-18,30,2025-05-18,PTP,0,0.0,,,0,0,1,Low
C004688,12880,IND,Automotive,9376.85,3,147,1,1.0,636.7,Fair,2,Email,0,1,DCA-06,2025-01-22,19,2025-02-10,PTP,0,0.0,,,0,0,0,Low
C004689,10079,NA,Logistics,12065.91,3,2,1,1.0,715.2,Good,0,Phone,0,0,DCA-05,2025-02-22,12,2025-03-06,In Progress,0,0.0,,,0,0,0,Medium
C004690,17237,NA,FMCG,7682.03,6,123,4,0.536,515.1,Poor,4,Phone,1,0,DCA-05,2025-09-09,21,2025-09-30,Escalated,0,0.0,,,0,0,1,Low
C004691,10015,IND,Manufacturing,14409.0,5,158,0,1.0,746.4,Very Good,2,Email,0,0,DCA-04,2025-05-03,7,2025-05-10,In Progress,0,0.0,,,0,0,0,Low
C004692,10663,IND,Logistics,20109.28,3,62,0,1.0,761.1,Very Good,3,Phone,0,1,DCA-04,2025-07-27,13,2025-08-09,PTP,0,0.0,,,0,0,0,Medium
C004693,19904,NA,Healthcare,11517.92,3,241,1,0.535,447.2,Poor,3,Phone,0,0,DCA-01,2025-10-30,16,2025-11-15,Escalated,0,0.0,,,0,0,1,Low
C004694,18625,NA,Aviation,3275.2,6,364,1,0.559,656.0,Fair,9,Phone,0,0,DCA-06,2025-04-08,29,2025-05-07,Escalated,0,0.0,,,0,0,1,Low
C004695,17075,APAC,Manufacturing,20196.41,6,308,1,0.93,712.4,Good,3,Phone,1,1,DCA-10,2025-03-20,9,2025-03-29,Escalated,0,0.0,,,0,0,1,Low
C004696,18355,IND,Energy,14532.29,2,312,2,0.839,607.6,Fair,4,Portal,0,0,DCA-05,2025-05-30,24,2025-06-23,Escalated,0,0.0,,,0,0,1,Low
C004697,10753,NA,Finance,6665.75,3,303,0,0.911,675.3,Good,4,In-person,0,1,DCA-03,2025-06-20,13,2025-07-03,PTP,0,0.0,,,0,0,1,Medium
C004698,10889,NA,Technology,22954.96,6,26,0,0.914,599.1,Fair,3,Phone,0,0,DCA-04,2025-07-13,24,2025-08-06,In Progress,0,0.0,,,0,0,0,Medium
C004699,13008,IND,Technology,5019.58,1,201,0,1.0,647.5,Fair,2,Phone,1,1,DCA-03,2025-12-10,17,2025-12-27,Escalated,0,0.0,,,0,0,1,Medium
C004700,10237,APAC,Finance,27772.05,2,206,1,0.832,726.5,Good,4,Phone,0,0,DCA-05,2025-01-22,27,2025-02-18,Escalated,0,0.0,,,0,0,1,Low
C004701,18883,LATAM,Healthcare,12833.87,2,37,0,0.533,585.0,Fair,0,Phone,0,1,DCA-01,2025-11-22,9,2025-12-01,PTP,0,0.0,,,0,0,0,Medium
C004702,10562,EU,Automotive,2729.28,4,54,0,0.739,636.2,Fair,1,Email,0,0,DCA-03,2025-05-23,9,2025-06-01,In Progress,0,0.0,,,0,0,0,Medium
C004703,15440,LATAM,Manufacturing,15135.99,4,206,1,0.683,590.0,Fair,1,Phone,0,0,DCA-10,2025-12-10,21,2025-12-31,Escalated,0,0.0,,,0,0,1,Low
C004704,18536,APAC,Automotive,10053.39,3,261,1,0.982,595.0,Fair,1,Email,0,0,DCA-05,2025-06-14,9,2025-06-23,Escalated,0,0.0,,,0,0,1,Low
C004705,17349,NA,FMCG,9047.15,1,77,0,0.779,749.2,Very Good,5,Email,0,1,DCA-01,2025-02-21,28,2025-03-21,PTP,0,0.0,,,0,0,0,Medium
C004706,12347,NA,Retail,7971.21,5,177,2,0.866,685.1,Good,3,Email,1,0,DCA-01,2025-07-14,8,2025-07-22,Escalated,0,0.0,,,0,0,1,Low
C004707,14703,NA,Energy,12221.46,6,28,0,0.871,620.7,Fair,2,Email,1,0,DCA-10,2025-11-08,14,2025-11-22,Dispute,0,0.0,,,0,0,0,Low
C004708,15482,NA,FMCG,9512.56,2,41,0,0.932,700.6,Good,1,Email,0,1,DCA-08,2025-07-10,28,2025-08-07,Closed,1,8912.02,19.0,2025-07-29,1,1,0,High
C004709,17679,NA,Manufacturing,3642.1,5,212,3,0.686,572.9,Poor,5,Phone,0,0,DCA-03,2025-01-20,18,2025-02-07,Escalated,0,0.0,,,0,0,1,Low
C004710,14262,IND,Aviation,32547.23,6,203,1,0.728,602.0,Fair,6,Email,0,0,DCA-04,2026-01-20,28,2026-02-17,Escalated,0,0.0,,,0,0,1,Low
C004711,12850,NA,Automotive,11259.3,4,274,0,1.0,588.1,Fair,5,In-person,0,0,DCA-08,2025-10-24,24,2025-11-17,Escalated,0,0.0,,,0,0,1,Medium
C004712,17955,IND,Healthcare,8003.59,5,332,0,0.79,587.6,Fair,4,Email,0,0,DCA-07,2025-12-15,17,2026-01-01,Escalated,0,0.0,,,0,0,1,Low
C004713,18864,IND,Retail,6063.87,2,70,1,0.947,688.7,Good,1,Portal,0,0,DCA-07,2025-12-31,27,2026-01-27,In Progress,0,0.0,,,0,0,0,Medium
C004714,14888,APAC,Technology,22914.21,7,125,1,0.981,757.6,Very Good,2,SMS,0,0,DCA-04,2025-10-05,22,2025-10-27,In Progress,0,0.0,,,0,0,0,Low
C004715,10280,NA,Automotive,5383.52,7,312,2,0.64,564.7,Poor,3,SMS,1,0,DCA-09,2025-07-11,22,2025-08-02,Escalated,0,0.0,,,0,0,1,Low
C004716,15006,IND,Technology,14673.39,5,19,2,0.791,666.7,Fair,2,Email,0,0,DCA-07,2026-01-21,27,2026-02-17,In Progress,0,0.0,,,0,0,0,Medium
C004717,18892,IND,Retail,8879.01,7,302,1,0.881,623.7,Fair,10,Portal,0,0,DCA-08,2025-01-04,10,2025-01-14,Escalated,0,0.0,,,0,0,1,Low
C004718,19890,EU,FMCG,9248.4,5,345,2,0.792,624.4,Fair,5,Email,0,0,DCA-02,2025-05-10,15,2025-05-25,Escalated,0,0.0,,,0,0,1,Low
C004719,14010,EU,Energy,6170.33,5,37,1,0.768,665.0,Fair,2,Email,0,0,DCA-04,2025-05-28,16,2025-06-13,In Progress,0,0.0,,,0,0,0,Low
C004720,11501,IND,FMCG,8654.0,6,52,2,0.832,624.4,Fair,4,Email,0,0,DCA-04,2025-04-30,13,2025-05-13,In Progress,0,0.0,,,0,0,0,Low
C004721,15721,IND,FMCG,13442.39,1,250,0,0.859,580.4,Fair,4,Phone,0,0,DCA-04,2025-03-02,14,2025-03-16,Escalated,0,0.0,,,0,0,1,Low
C004722,18307,NA,Automotive,15751.94,2,173,1,0.793,674.4,Good,5,Email,0,0,DCA-02,2025-07-03,30,2025-08-02,In Progress,0,0.0,,,0,0,0,Low
C004723,19450,NA,Logistics,7708.55,2,360,0,0.976,725.9,Good,4,Portal,0,1,DCA-07,2025-03-31,7,2025-04-07,PTP,0,0.0,,,0,0,1,Low
C004724,10517,IND,Energy,12535.83,5,199,0,0.509,560.1,Poor,5,Phone,0,1,DCA-07,2025-09-27,11,2025-10-08,Closed,1,10353.13,31.0,2025-10-28,0,1,0,Medium
C004725,12905,IND,Finance,24882.45,2,239,1,0.898,687.5,Good,5,Portal,0,1,DCA-06,2025-11-18,20,2025-12-08,Closed,1,22391.29,36.0,2025-12-24,0,1,0,Medium
C004726,14776,APAC,Automotive,4172.04,3,87,0,1.0,726.3,Good,1,Phone,0,1,DCA-07,2025-10-06,19,2025-10-25,PTP,0,0.0,,,0,0,0,High
C004727,10982,NA,Manufacturing,13301.23,4,119,1,1.0,627.4,Fair,2,Email,0,0,DCA-10,2025-08-31,28,2025-09-28,In Progress,0,0.0,,,0,0,0,Low
C004728,18863,EU,Manufacturing,6866.78,6,65,1,0.837,733.8,Good,3,Phone,0,0,DCA-01,2025-09-15,21,2025-10-06,Closed,1,5527.03,57.0,2025-11-11,0,1,0,Low
C004729,11121,LATAM,Energy,6394.04,4,54,0,0.904,580.9,Fair,2,Email,0,0,DCA-07,2025-05-18,30,2025-06-17,Closed,1,5084.32,49.0,2025-07-06,0,1,0,High
C004730,16652,NA,Healthcare,16037.87,1,42,3,0.64,562.4,Poor,4,Portal,1,0,DCA-09,2025-03-18,16,2025-04-03,Dispute,0,0.0,,,0,0,0,Low
C004731,19186,NA,Logistics,9120.9,5,325,2,0.675,580.9,Fair,2,Phone,0,1,DCA-05,2025-04-30,30,2025-05-30,PTP,0,0.0,,,0,0,1,Low
C004732,16852,EU,Technology,5700.09,3,26,0,0.699,725.5,Good,0,Email,0,1,DCA-04,2025-03-28,18,2025-04-15,Closed,1,5283.46,37.0,2025-05-04,0,1,0,Medium
C004733,17632,LATAM,FMCG,33758.86,1,188,1,0.647,666.8,Fair,5,Phone,0,0,DCA-06,2025-08-09,9,2025-08-18,Escalated,0,0.0,,,0,0,1,Low
C004734,12633,APAC,Healthcare,25439.61,5,185,1,0.881,602.2,Fair,1,SMS,0,0,DCA-08,2025-05-04,26,2025-05-30,Escalated,0,0.0,,,0,0,1,Low
C004735,18274,IND,Logistics,3454.34,2,21,0,0.842,727.8,Good,1,Portal,0,0,DCA-09,2025-07-09,11,2025-07-20,In Progress,0,0.0,,,0,0,0,Medium
C004736,14185,NA,FMCG,4759.51,4,307,1,0.734,671.8,Good,7,Phone,1,1,DCA-07,2025-06-21,24,2025-07-15,Escalated,0,0.0,,,0,0,1,Low
C004737,10613,IND,Logistics,20240.08,7,183,1,0.801,744.8,Very Good,6,Phone,0,0,DCA-07,2025-09-12,28,2025-10-10,Closed,1,15333.64,61.0,2025-11-12,0,0,0,Low
C004738,13665,APAC,Manufacturing,10944.46,2,47,0,0.689,552.2,Poor,2,Phone,0,0,DCA-09,2025-05-24,26,2025-06-19,Closed,1,8765.13,51.0,2025-07-14,0,1,0,Medium
C004739,13498,IND,Technology,38192.8,7,47,1,0.719,752.3,Very Good,1,Email,0,0,DCA-06,2025-09-15,14,2025-09-29,In Progress,0,0.0,,,0,0,0,Low
C004740,15214,NA,Retail,20566.84,4,256,1,0.899,633.5,Fair,0,Phone,0,0,DCA-04,2025-09-21,13,2025-10-04,Escalated,0,0.0,,,0,0,1,Low
C004741,12648,EU,FMCG,16475.44,7,226,0,1.0,599.9,Fair,5,Phone,0,0,DCA-02,2025-07-24,9,2025-08-02,Closed,1,13653.87,68.0,2025-09-30,0,0,0,Medium
C004742,14622,EU,FMCG,6533.49,6,151,4,0.989,592.8,Fair,4,Portal,0,0,DCA-02,2025-09-21,13,2025-10-04,In Progress,0,0.0,,,0,0,0,Low
C004743,14279,NA,Finance,18845.1,6,148,0,1.0,761.4,Very Good,2,Phone,0,0,DCA-04,2025-04-15,20,2025-05-05,In Progress,0,0.0,,,0,0,0,Low
C004744,13268,NA,Manufacturing,5469.62,2,13,0,0.86,743.7,Very Good,2,In-person,0,0,DCA-01,2025-05-06,13,2025-05-19,Closed,1,4839.97,49.0,2025-06-24,0,1,0,Medium
C004745,16962,APAC,Healthcare,33311.94,6,12,1,0.833,708.6,Good,2,Phone,0,0,DCA-07,2025-10-05,27,2025-11-01,In Progress,0,0.0,,,0,0,0,Low
C004746,13054,APAC,Retail,17952.72,3,196,1,1.0,717.6,Good,2,Phone,0,0,DCA-09,2025-10-22,19,2025-11-10,Escalated,0,0.0,,,0,0,1,Low
C004747,17657,LATAM,Logistics,7499.7,7,133,0,0.699,624.9,Fair,4,Email,0,0,DCA-07,2025-07-21,20,2025-08-10,Closed,1,4622.49,52.0,2025-09-11,0,1,0,Low
C004748,12508,NA,Aviation,23465.21,7,92,1,1.0,714.9,Good,2,Phone,0,0,DCA-10,2025-05-26,10,2025-06-05,In Progress,0,0.0,,,0,0,0,Low
C004749,18648,IND,Healthcare,64155.65,5,138,0,1.0,703.0,Good,3,Email,0,0,DCA-10,2025-01-19,28,2025-02-16,In Progress,0,0.0,,,0,0,0,Low
C004750,13650,EU,Manufacturing,11472.04,7,221,2,0.725,600.8,Fair,6,Phone,0,0,DCA-06,2025-01-14,30,2025-02-13,Escalated,0,0.0,,,0,0,1,Low
C004751,10406,MEA,Manufacturing,19639.33,4,107,0,1.0,683.0,Good,3,Phone,0,0,DCA-02,2025-10-26,22,2025-11-17,In Progress,0,0.0,,,0,0,0,Medium
C004752,11499,EU,Technology,9874.58,1,128,0,0.737,631.8,Fair,2,Phone,1,0,DCA-02,2025-09-16,26,2025-10-12,Escalated,0,0.0,,,0,0,1,Low
C004753,18062,EU,Energy,14182.25,7,103,0,1.0,712.7,Good,4,Portal,0,1,DCA-04,2025-06-16,22,2025-07-08,PTP,0,0.0,,,0,0,0,Medium
C004754,18721,LATAM,Technology,4651.46,4,243,1,0.788,558.2,Poor,7,Phone,0,0,DCA-02,2025-11-08,30,2025-12-08,Escalated,0,0.0,,,0,0,1,Low
C004755,12119,NA,Aviation,13354.78,1,20,2,0.63,623.0,Fair,3,Phone,0,1,DCA-05,2025-08-11,16,2025-08-27,PTP,0,0.0,,,0,0,0,Medium
C004756,16021,NA,Finance,13773.53,1,335,2,0.858,511.5,Poor,9,Phone,0,0,DCA-10,2025-09-25,12,2025-10-07,Escalated,0,0.0,,,0,0,1,Low
C004757,15743,IND,Retail,47065.64,6,202,0,0.969,625.5,Fair,3,Email,0,0,DCA-10,2025-06-27,19,2025-07-16,Escalated,0,0.0,,,0,0,1,Low
C004758,11337,APAC,Retail,3802.82,7,90,1,1.0,703.5,Good,5,Email,0,0,DCA-08,2025-03-16,22,2025-04-07,In Progress,0,0.0,,,0,0,0,Medium
C004759,14519,IND,Energy,10975.07,5,277,0,0.962,633.8,Fair,5,Email,0,1,DCA-07,2025-10-28,26,2025-11-23,Closed,1,8398.38,51.0,2025-12-18,0,1,0,Medium
C004760,16938,IND,Retail,32914.94,4,343,0,0.72,640.3,Fair,2,Portal,0,0,DCA-09,2025-06-20,28,2025-07-18,Escalated,0,0.0,,,0,0,1,Low
C004761,19671,NA,Logistics,11279.7,3,22,0,0.752,610.5,Fair,3,Email,1,0,DCA-10,2025-10-29,8,2025-11-06,Closed,1,7184.93,50.0,2025-12-18,0,1,0,Low
C004762,18476,APAC,Energy,11849.74,3,75,0,0.847,603.5,Fair,5,In-person,0,0,DCA-09,2025-11-12,17,2025-11-29,In Progress,0,0.0,,,0,0,0,Medium
C004763,10978,LATAM,Energy,7455.58,3,53,0,0.905,762.8,Very Good,3,Email,0,1,DCA-07,2025-06-13,22,2025-07-05,PTP,0,0.0,,,0,0,0,High
C004764,12375,IND,Technology,6954.72,2,26,1,0.871,660.0,Fair,1,SMS,0,1,DCA-05,2025-01-29,18,2025-02-16,Closed,1,6801.61,12.0,2025-02-10,1,1,0,Medium
C004765,14367,IND,Manufacturing,3721.58,1,269,1,0.828,632.4,Fair,7,SMS,0,0,DCA-04,2026-01-22,9,2026-01-31,Closed,1,3328.51,63.0,2026-03-26,0,0,0,Low
C004766,11506,NA,Automotive,8600.27,4,71,1,0.969,723.2,Good,3,Phone,0,0,DCA-05,2026-01-08,7,2026-01-15,In Progress,0,0.0,,,0,0,0,Medium
C004767,15706,MEA,Technology,6683.86,2,140,1,0.951,689.6,Good,7,Phone,0,1,DCA-02,2025-12-25,24,2026-01-18,PTP,0,0.0,,,0,0,0,Medium
C004768,10086,APAC,Retail,14510.49,2,297,0,1.0,642.6,Fair,1,Phone,0,1,DCA-03,2025-01-16,29,2025-02-14,Closed,1,14510.49,44.0,2025-03-01,0,1,0,Medium
C004769,11135,APAC,FMCG,7697.36,2,223,0,0.812,771.2,Very Good,3,Email,0,0,DCA-08,2025-06-08,22,2025-06-30,Escalated,0,0.0,,,0,0,1,Low
C004770,10472,NA,Finance,9549.9,6,247,0,0.966,739.4,Good,3,Email,0,0,DCA-07,2025-03-15,24,2025-04-08,Escalated,0,0.0,,,0,0,1,Low
C004771,12954,IND,Retail,9734.74,5,36,2,0.847,825.4,Excellent,3,SMS,0,1,DCA-04,2025-09-18,19,2025-10-07,PTP,0,0.0,,,0,0,0,Low
C004772,17622,LATAM,Aviation,12916.8,4,354,1,1.0,622.4,Fair,8,Phone,0,1,DCA-06,2025-08-31,30,2025-09-30,PTP,0,0.0,,,0,0,1,Low
C004773,11772,LATAM,Healthcare,9228.34,5,31,1,0.965,664.4,Fair,0,In-person,0,0,DCA-04,2025-11-12,15,2025-11-27,Closed,1,7973.14,40.0,2025-12-22,0,1,0,Medium
C004774,19871,IND,Aviation,6353.43,4,259,0,0.715,686.6,Good,2,Email,0,0,DCA-03,2025-07-07,12,2025-07-19,Escalated,0,0.0,,,0,0,1,Low
C004775,12695,EU,Manufacturing,14186.36,4,233,4,0.764,578.9,Poor,5,Phone,0,0,DCA-02,2025-09-03,24,2025-09-27,Escalated,0,0.0,,,0,0,1,Low
C004776,10448,MEA,Energy,28204.54,6,151,1,0.824,596.2,Fair,5,Phone,0,1,DCA-06,2025-08-26,25,2025-09-20,PTP,0,0.0,,,0,0,0,Low
C004777,13354,APAC,Manufacturing,14616.79,6,306,1,0.69,624.4,Fair,13,Phone,0,1,DCA-07,2025-12-07,27,2026-01-03,Closed,1,12811.59,57.0,2026-02-02,0,1,0,Medium
C004778,17480,APAC,Technology,8717.83,2,325,2,0.996,630.9,Fair,2,Phone,0,1,DCA-01,2025-06-28,12,2025-07-10,PTP,0,0.0,,,0,0,1,Low
C004779,11066,IND,Technology,12256.33,6,26,0,1.0,716.2,Good,4,Email,0,0,DCA-01,2025-01-22,10,2025-02-01,In Progress,0,0.0,,,0,0,0,Medium
C004780,10718,EU,Logistics,3179.75,2,349,0,0.869,619.1,Fair,5,Email,0,0,DCA-02,2025-11-26,10,2025-12-06,Escalated,0,0.0,,,0,0,1,Low
C004781,18493,IND,Logistics,12117.65,1,88,0,0.925,755.4,Very Good,4,Email,0,0,DCA-08,2025-03-31,28,2025-04-28,Closed,1,10867.34,60.0,2025-05-30,0,1,0,Medium
C004782,15921,APAC,Logistics,10094.56,3,289,1,0.709,644.7,Fair,4,Phone,0,1,DCA-08,2026-01-17,28,2026-02-14,PTP,0,0.0,,,0,0,1,Low
C004783,13432,APAC,Manufacturing,6950.56,3,299,0,0.968,696.6,Good,2,Email,0,0,DCA-05,2026-01-16,22,2026-02-07,Escalated,0,0.0,,,0,0,1,Low
C004784,17560,APAC,Energy,7891.42,6,203,0,0.685,588.7,Fair,4,Email,0,0,DCA-10,2025-11-01,10,2025-11-11,Escalated,0,0.0,,,0,0,1,Low
C004785,18443,NA,Finance,10024.99,5,315,0,0.89,665.8,Fair,5,Phone,0,1,DCA-06,2025-05-14,24,2025-06-07,PTP,0,0.0,,,0,0,1,Low
C004786,13592,APAC,Retail,26761.53,1,301,0,0.789,559.7,Poor,2,Phone,0,0,DCA-07,2025-08-24,23,2025-09-16,Closed,1,19064.62,71.0,2025-11-03,0,0,0,Low
C004787,15611,LATAM,Automotive,28693.97,4,191,1,0.801,726.0,Good,2,Phone,0,1,DCA-06,2026-01-06,25,2026-01-31,PTP,0,0.0,,,0,0,1,Low
C004788,10109,NA,Healthcare,6976.57,6,66,1,0.84,767.1,Very Good,1,Portal,0,1,DCA-10,2025-05-30,16,2025-06-15,Closed,1,6976.57,24.0,2025-06-23,1,1,0,Low
C004789,13061,EU,Finance,9296.06,6,159,0,0.8,596.5,Fair,7,Phone,0,0,DCA-02,2025-04-04,8,2025-04-12,In Progress,0,0.0,,,0,0,0,Low
C004790,15951,IND,Energy,9463.4,4,328,0,0.897,517.6,Poor,9,Email,0,0,DCA-01,2025-09-07,29,2025-10-06,Escalated,0,0.0,,,0,0,1,Low
C004791,11971,APAC,Aviation,23545.31,5,74,1,0.751,566.8,Poor,1,Email,0,0,DCA-06,2026-01-02,17,2026-01-19,Closed,1,20967.42,47.0,2026-02-18,0,1,0,Medium
C004792,19912,LATAM,Retail,14792.19,4,364,0,0.845,597.0,Fair,2,Email,0,1,DCA-07,2025-11-10,19,2025-11-29,PTP,0,0.0,,,0,0,1,Low
C004793,19711,EU,Energy,14256.28,2,67,1,0.678,613.5,Fair,2,Email,0,0,DCA-09,2025-05-26,27,2025-06-22,Closed,1,12265.66,54.0,2025-07-19,0,1,0,Medium
C004794,12576,NA,Finance,19445.75,4,243,0,0.873,607.1,Fair,2,Portal,0,0,DCA-05,2025-11-08,22,2025-11-30,Escalated,0,0.0,,,0,0,1,Low
C004795,13963,LATAM,Finance,8800.03,5,234,2,0.847,574.5,Poor,3,Email,0,0,DCA-02,2025-12-15,14,2025-12-29,Escalated,0,0.0,,,0,0,1,Low
C004796,11894,EU,Automotive,34707.83,1,72,0,1.0,719.3,Good,4,Email,0,0,DCA-04,2025-01-04,25,2025-01-29,In Progress,0,0.0,,,0,0,0,Low
C004797,15039,MEA,Aviation,13343.42,5,172,0,0.953,691.3,Good,6,Email,0,0,DCA-08,2025-10-11,19,2025-10-30,In Progress,0,0.0,,,0,0,0,Low
C004798,11239,APAC,Manufacturing,7338.29,2,53,0,0.968,850.0,Excellent,4,Email,0,0,DCA-03,2025-10-04,15,2025-10-19,Closed,1,7338.29,52.0,2025-11-25,0,1,0,Medium
C004799,13909,APAC,Retail,11375.89,1,133,0,0.888,742.4,Very Good,3,Phone,0,0,DCA-09,2025-07-27,18,2025-08-14,Closed,1,9823.22,55.0,2025-09-20,0,1,0,Medium
C004800,15552,LATAM,Manufacturing,31645.46,6,350,0,0.827,618.4,Fair,4,Portal,0,1,DCA-02,2025-03-22,29,2025-04-20,PTP,0,0.0,,,0,0,1,Low
C004801,16118,MEA,Technology,9920.92,3,20,0,1.0,727.6,Good,1,Email,0,1,DCA-05,2025-11-22,28,2025-12-20,Closed,1,9920.92,11.0,2025-12-03,1,1,0,High
C004802,15964,IND,Healthcare,25969.82,3,318,2,1.0,665.8,Fair,2,Phone,0,0,DCA-08,2025-07-30,8,2025-08-07,Escalated,0,0.0,,,0,0,1,Low
C004803,12214,NA,Logistics,8623.6,5,247,0,0.524,554.4,Poor,3,Email,0,0,DCA-04,2025-12-24,7,2025-12-31,Escalated,0,0.0,,,0,0,1,Low
C004804,17922,NA,Manufacturing,7816.84,4,273,0,0.906,705.8,Good,7,SMS,0,0,DCA-07,2025-10-22,10,2025-11-01,Escalated,0,0.0,,,0,0,1,Medium
C004805,16917,NA,FMCG,21199.19,5,103,1,0.957,751.7,Very Good,2,In-person,0,0,DCA-10,2025-04-26,11,2025-05-07,In Progress,0,0.0,,,0,0,0,Low
C004806,17530,LATAM,Automotive,7246.1,7,346,0,0.935,651.2,Fair,6,Email,0,0,DCA-01,2026-01-14,23,2026-02-06,Closed,1,5628.27,79.0,2026-04-03,0,0,0,Low
C004807,14678,EU,Manufacturing,23760.46,5,93,0,1.0,777.2,Very Good,4,Phone,1,0,DCA-01,2025-05-26,23,2025-06-18,Escalated,0,0.0,,,0,0,1,Medium
C004808,18925,IND,FMCG,17088.11,1,184,1,0.967,695.0,Good,4,Phone,0,1,DCA-07,2025-01-15,17,2025-02-01,Closed,1,17088.11,45.0,2025-03-01,0,1,0,Medium
C004809,13898,APAC,Retail,7248.02,2,14,0,0.645,694.1,Good,2,Email,1,0,DCA-10,2025-01-21,23,2025-02-13,Dispute,0,0.0,,,0,0,0,Low
C004810,18057,APAC,Manufacturing,12708.04,4,324,0,1.0,622.6,Fair,5,Email,0,0,DCA-05,2025-05-10,15,2025-05-25,Escalated,0,0.0,,,0,0,1,Low
C004811,12035,APAC,Aviation,9098.44,4,257,4,0.83,539.6,Poor,7,Email,0,0,DCA-05,2025-04-02,13,2025-04-15,Escalated,0,0.0,,,0,0,1,Low
C004812,12472,LATAM,Retail,17056.45,3,60,1,0.968,724.6,Good,2,Phone,0,0,DCA-03,2025-01-25,25,2025-02-19,Closed,1,15810.85,52.0,2025-03-18,0,1,0,Medium
C004813,15267,NA,Healthcare,50084.09,2,242,2,0.489,568.4,Poor,2,Email,0,0,DCA-04,2025-12-02,20,2025-12-22,Escalated,0,0.0,,,0,0,1,Low
C004814,15558,APAC,Retail,10306.26,1,67,0,0.957,781.4,Very Good,5,Phone,0,0,DCA-01,2025-11-01,25,2025-11-26,In Progress,0,0.0,,,0,0,0,Low
C004815,17462,IND,Retail,19411.94,2,162,1,0.898,671.5,Good,7,Email,0,0,DCA-06,2025-01-15,15,2025-01-30,In Progress,0,0.0,,,0,0,0,Low
C004816,12974,LATAM,Manufacturing,13590.26,7,187,2,0.828,588.7,Fair,3,Phone,0,0,DCA-09,2025-03-10,27,2025-04-06,Escalated,0,0.0,,,0,0,1,Low
C004817,18726,EU,Manufacturing,13586.61,3,339,2,0.502,524.5,Poor,3,Email,0,0,DCA-08,2025-11-30,23,2025-12-23,Escalated,0,0.0,,,0,0,1,Low
C004818,13297,IND,Healthcare,11900.75,7,122,0,0.808,706.1,Good,5,Email,1,0,DCA-05,2025-02-19,11,2025-03-02,Escalated,0,0.0,,,0,0,1,Low
C004819,15341,IND,FMCG,7330.56,3,5,0,0.915,606.1,Fair,3,Email,1,0,DCA-05,2025-01-30,24,2025-02-23,Dispute,0,0.0,,,0,0,0,Medium
C004820,19319,APAC,Logistics,16892.04,3,158,0,0.98,607.3,Fair,6,Phone,0,0,DCA-07,2025-02-08,26,2025-03-06,In Progress,0,0.0,,,0,0,0,Medium
C004821,15394,EU,Retail,10914.86,4,338,0,0.966,669.1,Fair,3,Email,0,1,DCA-10,2025-11-11,27,2025-12-08,PTP,0,0.0,,,0,0,1,Medium
C004822,16818,IND,Energy,7091.41,7,291,0,0.914,621.3,Fair,7,SMS,0,1,DCA-08,2025-10-08,23,2025-10-31,PTP,0,0.0,,,0,0,1,Low
C004823,19086,EU,Retail,27171.43,4,22,0,0.681,582.0,Fair,1,Phone,0,0,DCA-05,2025-07-28,11,2025-08-08,In Progress,0,0.0,,,0,0,0,Medium
C004824,19745,MEA,Retail,14318.49,1,20,1,0.909,673.7,Good,3,Email,1,0,DCA-10,2025-02-05,27,2025-03-04,Dispute,0,0.0,,,0,0,0,Low
C004825,14994,MEA,Aviation,11388.17,2,276,1,0.799,610.0,Fair,3,Email,0,0,DCA-10,2025-08-19,22,2025-09-10,Escalated,0,0.0,,,0,0,1,Low
C004826,14169,LATAM,Healthcare,34133.67,7,263,0,0.827,617.8,Fair,3,Portal,0,1,DCA-08,2025-06-27,21,2025-07-18,PTP,0,0.0,,,0,0,1,Low
C004827,11969,NA,Finance,3695.03,2,203,0,0.879,729.9,Good,8,Email,0,1,DCA-10,2025-04-15,30,2025-05-15,Closed,1,3165.81,47.0,2025-06-01,0,1,0,Medium
C004828,15374,NA,Retail,32564.39,6,33,1,0.881,629.7,Fair,2,Phone,0,0,DCA-10,2025-03-05,28,2025-04-02,Closed,1,32066.28,62.0,2025-05-06,0,0,0,Low
C004829,19183,APAC,Healthcare,7214.65,7,102,0,0.822,749.1,Very Good,3,Phone,1,0,DCA-06,2025-01-15,9,2025-01-24,Closed,1,4379.37,77.0,2025-04-02,0,0,1,Low
C004830,14871,APAC,Finance,15491.9,2,309,0,1.0,726.7,Good,0,Phone,1,0,DCA-03,2025-09-07,25,2025-10-02,Escalated,0,0.0,,,0,0,1,Low
C004831,13484,EU,Energy,8851.62,4,51,2,0.538,525.2,Poor,3,Phone,0,0,DCA-08,2025-09-24,26,2025-10-20,In Progress,0,0.0,,,0,0,0,Low
C004832,11072,MEA,Aviation,7001.64,5,74,0,0.925,692.3,Good,5,Email,0,0,DCA-02,2025-02-26,29,2025-03-27,In Progress,0,0.0,,,0,0,0,Medium
C004833,13897,EU,Retail,33514.07,6,165,0,0.824,689.6,Good,2,Phone,1,1,DCA-04,2025-04-20,24,2025-05-14,Escalated,0,0.0,,,0,0,1,Low
C004834,12367,LATAM,Manufacturing,48989.03,6,268,0,0.651,648.3,Fair,4,Portal,0,0,DCA-04,2025-04-03,22,2025-04-25,Escalated,0,0.0,,,0,0,1,Low
C004835,19767,EU,Automotive,11443.1,1,302,0,1.0,647.7,Fair,4,SMS,0,0,DCA-09,2026-01-21,11,2026-02-01,Escalated,0,0.0,,,0,0,1,Low
C004836,15276,APAC,Manufacturing,16896.0,3,216,0,0.994,667.2,Fair,7,Email,0,0,DCA-05,2025-12-05,16,2025-12-21,Escalated,0,0.0,,,0,0,1,Low
C004837,11369,APAC,Energy,13903.47,7,180,0,0.831,567.3,Poor,3,SMS,0,1,DCA-07,2025-02-08,12,2025-02-20,Closed,1,13275.31,20.0,2025-02-28,1,1,0,Medium
C004838,10673,APAC,Healthcare,44862.38,3,141,2,0.707,618.3,Fair,6,Phone,0,0,DCA-09,2025-01-07,16,2025-01-23,In Progress,0,0.0,,,0,0,0,Low
C004839,18507,IND,Logistics,3043.6,2,16,0,0.857,743.9,Very Good,2,Phone,1,0,DCA-02,2025-12-31,22,2026-01-22,Closed,1,2297.37,52.0,2026-02-21,0,1,0,Low
C004840,19314,EU,Energy,17395.84,5,98,1,0.668,662.8,Fair,1,Phone,1,1,DCA-07,2025-01-14,16,2025-01-30,Escalated,0,0.0,,,0,0,1,Low
C004841,17630,LATAM,Retail,8030.58,2,79,2,0.77,728.8,Good,0,Phone,0,0,DCA-07,2025-03-29,10,2025-04-08,In Progress,0,0.0,,,0,0,0,Low
C004842,11238,IND,Finance,2567.85,2,21,1,0.853,582.8,Fair,4,SMS,1,0,DCA-06,2025-10-17,23,2025-11-09,Dispute,0,0.0,,,0,0,0,Low
C004843,10982,EU,FMCG,10379.93,6,272,1,1.0,717.7,Good,3,Phone,0,1,DCA-10,2025-03-07,15,2025-03-22,PTP,0,0.0,,,0,0,1,Low
C004844,11979,APAC,Healthcare,48709.73,1,129,5,0.604,525.9,Poor,3,Portal,0,0,DCA-06,2025-03-25,15,2025-04-09,In Progress,0,0.0,,,0,0,0,Low
C004845,17511,EU,Healthcare,8440.24,7,186,5,0.842,502.9,Poor,9,Portal,0,0,DCA-02,2025-10-03,18,2025-10-21,Escalated,0,0.0,,,0,0,1,Low
C004846,17653,IND,FMCG,23237.81,2,73,0,1.0,703.9,Good,4,Portal,0,0,DCA-07,2025-04-02,7,2025-04-09,In Progress,0,0.0,,,0,0,0,Medium
C004847,18378,EU,Aviation,30917.28,1,216,1,0.678,657.3,Fair,5,Portal,0,1,DCA-05,2025-09-08,24,2025-10-02,PTP,0,0.0,,,0,0,1,Low
C004848,10969,IND,FMCG,13241.51,6,50,3,0.68,648.4,Fair,1,Email,0,1,DCA-10,2025-01-04,9,2025-01-13,PTP,0,0.0,,,0,0,0,Low
C004849,11532,NA,Automotive,14535.06,2,247,1,0.754,682.7,Good,4,Phone,1,0,DCA-09,2026-01-14,25,2026-02-08,Escalated,0,0.0,,,0,0,1,Low
C004850,19002,IND,Aviation,4018.21,3,269,1,0.807,633.5,Fair,3,Phone,0,1,DCA-02,2025-07-21,26,2025-08-16,Closed,1,4018.21,43.0,2025-09-02,0,1,0,Low
C004851,19287,IND,Finance,8092.44,3,114,1,0.879,736.0,Good,2,Phone,0,0,DCA-04,2025-08-07,12,2025-08-19,Closed,1,6983.34,63.0,2025-10-09,0,0,0,Low
C004852,17257,NA,Automotive,25207.71,4,78,0,0.881,723.3,Good,3,Phone,0,0,DCA-02,2025-06-06,29,2025-07-05,In Progress,0,0.0,,,0,0,0,Medium
C004853,11060,MEA,Logistics,13939.41,4,284,0,0.601,628.0,Fair,5,In-person,0,0,DCA-10,2025-07-29,20,2025-08-18,Escalated,0,0.0,,,0,0,1,Low
C004854,10686,NA,Finance,17277.13,2,82,2,0.67,672.4,Good,2,Phone,0,0,DCA-01,2025-11-26,8,2025-12-04,In Progress,0,0.0,,,0,0,0,Low
C004855,10555,NA,FMCG,14664.87,2,65,1,0.862,712.5,Good,2,Phone,0,0,DCA-04,2026-01-22,11,2026-02-02,In Progress,0,0.0,,,0,0,0,Low
C004856,16918,LATAM,Aviation,61969.82,2,124,0,0.997,770.9,Very Good,3,Portal,0,0,DCA-02,2025-02-10,14,2025-02-24,Closed,1,47516.06,48.0,2025-03-30,0,1,0,Medium
C004857,18459,LATAM,Technology,9883.64,1,352,1,0.674,667.7,Fair,5,SMS,0,0,DCA-05,2025-07-09,7,2025-07-16,Escalated,0,0.0,,,0,0,1,Low
C004858,16316,EU,Automotive,41100.97,5,169,0,0.71,647.7,Fair,2,Email,0,1,DCA-08,2026-01-30,19,2026-02-18,PTP,0,0.0,,,0,0,0,Low
C004859,12621,IND,Aviation,14668.42,4,96,1,0.978,687.8,Good,0,Phone,0,0,DCA-01,2025-11-01,11,2025-11-12,In Progress,0,0.0,,,0,0,0,Low
C004860,17573,LATAM,Aviation,43736.54,1,187,0,0.756,699.9,Good,4,In-person,0,0,DCA-03,2025-01-22,25,2025-02-16,Escalated,0,0.0,,,0,0,1,Low
C004861,10591,LATAM,Logistics,5667.57,3,127,1,0.809,629.4,Fair,1,SMS,1,1,DCA-09,2025-12-27,20,2026-01-16,Escalated,0,0.0,,,0,0,1,Low
C004862,18281,LATAM,Energy,15203.13,5,242,0,0.909,778.7,Very Good,7,Email,0,0,DCA-03,2025-03-29,23,2025-04-21,Closed,1,13802.05,59.0,2025-05-27,0,1,0,Medium
C004863,18918,APAC,Aviation,10141.78,2,160,0,1.0,713.1,Good,4,Email,0,0,DCA-04,2025-03-01,11,2025-03-12,In Progress,0,0.0,,,0,0,0,Low
C004864,17183,NA,Manufacturing,14729.84,3,215,0,0.642,703.8,Good,4,SMS,0,1,DCA-03,2025-02-25,30,2025-03-27,PTP,0,0.0,,,0,0,1,Medium
C004865,18792,LATAM,Manufacturing,31434.57,6,159,0,0.916,677.4,Good,1,SMS,0,0,DCA-07,2025-04-01,23,2025-04-24,In Progress,0,0.0,,,0,0,0,Medium
C004866,15861,IND,FMCG,17416.39,5,176,5,0.767,497.3,Poor,6,Portal,0,1,DCA-09,2025-11-03,21,2025-11-24,PTP,0,0.0,,,0,0,0,Low
C004867,14683,IND,Automotive,31390.73,5,163,0,0.921,644.4,Fair,2,Email,0,0,DCA-04,2025-04-10,29,2025-05-09,In Progress,0,0.0,,,0,0,0,Low
C004868,13224,NA,FMCG,8356.92,3,144,2,0.773,654.2,Fair,2,Portal,0,0,DCA-10,2025-04-23,17,2025-05-10,In Progress,0,0.0,,,0,0,0,Low
C004869,19217,MEA,Logistics,7510.19,4,351,0,0.824,578.2,Poor,4,In-person,0,1,DCA-02,2025-08-08,17,2025-08-25,Closed,1,6484.91,51.0,2025-09-28,0,1,0,Low
C004870,16972,NA,Technology,13511.19,6,97,2,0.824,655.4,Fair,2,Phone,0,1,DCA-09,2025-01-10,28,2025-02-07,PTP,0,0.0,,,0,0,0,Low
C004871,11904,NA,Healthcare,13003.11,7,294,0,0.841,744.3,Very Good,8,Phone,0,0,DCA-04,2025-05-16,27,2025-06-12,Closed,1,9158.23,80.0,2025-08-04,0,0,0,Low
C004872,19569,NA,Retail,11729.92,1,259,0,0.858,664.1,Fair,6,Email,0,0,DCA-02,2025-07-29,14,2025-08-12,Escalated,0,0.0,,,0,0,1,Low
C004873,10592,IND,Aviation,6829.17,6,193,1,0.952,712.8,Good,3,Email,0,0,DCA-07,2025-09-14,23,2025-10-07,Escalated,0,0.0,,,0,0,1,Medium
C004874,15875,IND,Energy,30916.83,7,116,0,0.833,650.7,Fair,1,Email,0,0,DCA-03,2025-04-05,12,2025-04-17,In Progress,0,0.0,,,0,0,0,Medium
C004875,11905,EU,Energy,10363.18,7,177,1,1.0,850.0,Excellent,7,Email,0,0,DCA-02,2025-03-19,8,2025-03-27,In Progress,0,0.0,,,0,0,0,Low
C004876,16643,IND,FMCG,36252.18,2,310,1,0.857,675.6,Good,3,Email,0,0,DCA-05,2025-09-02,13,2025-09-15,Escalated,0,0.0,,,0,0,1,Low
C004877,14126,NA,FMCG,13479.43,4,67,0,0.47,598.7,Fair,2,Phone,0,0,DCA-02,2025-04-13,9,2025-04-22,In Progress,0,0.0,,,0,0,0,Medium
C004878,14371,EU,Automotive,21034.1,1,214,1,0.687,610.9,Fair,3,Email,0,1,DCA-06,2025-06-26,14,2025-07-10,Closed,1,20704.25,23.0,2025-07-19,1,1,0,Low
C004879,16715,NA,Manufacturing,19739.89,1,279,2,0.707,557.1,Poor,5,In-person,0,1,DCA-10,2026-01-11,13,2026-01-24,Closed,1,16448.98,51.0,2026-03-03,0,1,0,Low
C004880,17561,APAC,Energy,7502.62,4,231,2,0.671,611.2,Fair,4,Portal,0,0,DCA-01,2025-02-03,18,2025-02-21,Escalated,0,0.0,,,0,0,1,Low
C004881,13800,EU,Automotive,17275.46,2,53,0,0.751,666.5,Fair,3,Email,0,1,DCA-04,2025-12-21,29,2026-01-19,Closed,1,14262.27,20.0,2026-01-10,1,1,0,Medium
C004882,19976,IND,Energy,51525.55,2,186,2,0.769,692.5,Good,4,Portal,0,0,DCA-07,2025-12-22,13,2026-01-04,Escalated,0,0.0,,,0,0,1,Low
C004883,14984,NA,Automotive,15932.7,3,67,0,0.857,742.5,Very Good,3,Phone,0,1,DCA-05,2026-01-23,16,2026-02-08,Closed,1,15049.86,29.0,2026-02-21,1,1,0,Medium
C004884,11603,NA,Healthcare,25106.79,4,338,1,0.654,561.8,Poor,6,Portal,0,0,DCA-06,2025-03-31,27,2025-04-27,Escalated,0,0.0,,,0,0,1,Low
C004885,10063,NA,Healthcare,21704.83,2,129,1,0.774,656.5,Fair,5,Phone,0,0,DCA-01,2025-06-25,15,2025-07-10,In Progress,0,0.0,,,0,0,0,Low
C004886,12024,APAC,Manufacturing,16563.14,6,154,2,0.682,518.5,Poor,9,Email,0,1,DCA-06,2025-01-04,30,2025-02-03,PTP,0,0.0,,,0,0,0,Low
C004887,16910,NA,Technology,15222.58,5,313,0,0.925,631.7,Fair,4,SMS,0,0,DCA-07,2025-06-09,23,2025-07-02,Escalated,0,0.0,,,0,0,1,Medium
C004888,15394,IND,FMCG,19596.79,6,156,5,0.549,525.1,Poor,7,Phone,0,1,DCA-06,2025-08-19,30,2025-09-18,PTP,0,0.0,,,0,0,0,Low
C004889,13378,APAC,Manufacturing,22795.03,7,71,0,1.0,659.6,Fair,0,Portal,0,0,DCA-01,2025-11-11,26,2025-12-07,Closed,1,21202.06,47.0,2025-12-28,0,1,0,Medium
C004890,14813,IND,Healthcare,5184.79,5,326,2,0.743,528.8,Poor,7,SMS,1,0,DCA-02,2025-11-23,23,2025-12-16,Escalated,0,0.0,,,0,0,1,Low
C004891,18381,NA,Manufacturing,15884.71,3,236,0,0.483,527.4,Poor,3,SMS,0,0,DCA-07,2025-03-08,24,2025-04-01,Escalated,0,0.0,,,0,0,1,Low
C004892,15715,APAC,Logistics,11744.56,7,221,0,0.584,770.2,Very Good,3,Phone,0,0,DCA-02,2025-07-14,23,2025-08-06,Escalated,0,0.0,,,0,0,1,Low
C004893,10580,IND,Manufacturing,10157.13,4,28,1,0.749,756.8,Very Good,1,Portal,0,0,DCA-04,2025-01-09,27,2025-02-05,Closed,1,9856.69,45.0,2025-02-23,0,1,0,Low
C004894,10490,APAC,FMCG,33096.24,4,164,0,1.0,716.3,Good,5,SMS,0,1,DCA-05,2025-12-02,8,2025-12-10,Closed,1,33096.24,41.0,2026-01-12,0,1,0,Medium
C004895,14820,EU,FMCG,7996.81,3,168,0,1.0,717.0,Good,2,SMS,1,0,DCA-05,2025-11-03,9,2025-11-12,Closed,1,5911.28,49.0,2025-12-22,0,1,1,Low
C004896,14042,NA,Technology,5032.45,1,96,1,0.571,657.5,Fair,6,Email,0,0,DCA-01,2025-01-30,18,2025-02-17,In Progress,0,0.0,,,0,0,0,Low
C004897,18505,LATAM,Retail,23318.48,7,206,3,0.953,728.3,Good,1,In-person,0,0,DCA-05,2025-12-22,16,2026-01-07,Escalated,0,0.0,,,0,0,1,Low
C004898,15829,EU,Logistics,4942.98,6,90,2,0.918,702.2,Good,0,Portal,0,0,DCA-05,2025-04-23,21,2025-05-14,In Progress,0,0.0,,,0,0,0,Low
C004899,17568,LATAM,Retail,3464.9,5,172,2,0.951,563.4,Poor,3,Phone,0,0,DCA-03,2025-11-27,13,2025-12-10,In Progress,0,0.0,,,0,0,0,Low
C004900,15851,IND,Retail,25229.96,2,292,0,1.0,768.7,Very Good,3,Portal,0,0,DCA-06,2025-09-11,28,2025-10-09,Escalated,0,0.0,,,0,0,1,Low
C004901,13452,LATAM,Logistics,14929.67,7,268,3,0.858,592.2,Fair,3,Phone,1,1,DCA-08,2025-09-16,11,2025-09-27,Escalated,0,0.0,,,0,0,1,Low
C004902,16573,NA,Retail,18599.76,2,102,1,0.95,772.4,Very Good,4,Phone,0,0,DCA-10,2025-11-02,9,2025-11-11,In Progress,0,0.0,,,0,0,0,Low
C004903,16214,APAC,Logistics,9801.6,2,76,2,0.841,640.4,Fair,0,Portal,1,0,DCA-10,2025-04-05,25,2025-04-30,Dispute,0,0.0,,,0,0,0,Low
C004904,17202,MEA,Aviation,5069.09,1,3,2,0.735,666.9,Fair,3,Phone,0,1,DCA-07,2025-01-31,19,2025-02-19,PTP,0,0.0,,,0,0,0,Medium
C004905,11892,LATAM,Technology,5825.2,3,126,1,0.784,602.0,Fair,3,SMS,0,1,DCA-03,2025-10-31,27,2025-11-27,PTP,0,0.0,,,0,0,0,Medium
C004906,16415,NA,Finance,11042.07,3,8,1,0.703,677.6,Good,3,Portal,0,0,DCA-09,2025-08-30,17,2025-09-16,In Progress,0,0.0,,,0,0,0,Medium
C004907,12854,APAC,Aviation,5482.51,6,47,0,1.0,785.8,Very Good,4,Portal,0,1,DCA-04,2025-09-01,30,2025-10-01,Closed,1,5482.51,24.0,2025-09-25,1,1,0,Medium
C004908,17902,APAC,Manufacturing,16563.17,3,357,2,0.908,621.3,Fair,6,Phone,0,1,DCA-02,2025-10-31,10,2025-11-10,PTP,0,0.0,,,0,0,1,Low
C004909,17985,APAC,Finance,9665.13,7,312,0,0.995,556.0,Poor,10,Email,0,0,DCA-04,2025-10-22,17,2025-11-08,Closed,1,8783.67,67.0,2025-12-28,0,0,0,Low
C004910,16247,IND,Finance,15207.21,3,204,0,0.917,665.0,Fair,1,SMS,1,0,DCA-01,2025-02-19,30,2025-03-21,Escalated,0,0.0,,,0,0,1,Low
C004911,19466,IND,Healthcare,14892.36,4,282,0,0.948,649.2,Fair,4,Email,0,0,DCA-04,2025-03-02,9,2025-03-11,Escalated,0,0.0,,,0,0,1,Low
C004912,15375,IND,Manufacturing,17514.07,5,179,1,0.87,694.3,Good,5,Phone,1,0,DCA-09,2025-02-28,29,2025-03-29,Closed,1,13496.91,67.0,2025-05-06,0,0,1,Low
C004913,10251,IND,Logistics,18951.49,6,219,0,1.0,769.6,Very Good,3,SMS,0,1,DCA-01,2025-05-24,27,2025-06-20,PTP,0,0.0,,,0,0,1,Medium
C004914,16061,IND,FMCG,10501.46,6,335,1,0.673,592.2,Fair,7,Portal,0,0,DCA-01,2025-07-20,10,2025-07-30,Closed,1,8069.05,79.0,2025-10-07,0,0,0,Low
C004915,17776,EU,Aviation,15195.86,7,29,0,1.0,726.9,Good,1,Phone,0,0,DCA-02,2025-09-29,20,2025-10-19,In Progress,0,0.0,,,0,0,0,Medium
C004916,11011,EU,FMCG,15759.61,7,129,0,0.887,737.3,Good,4,SMS,0,0,DCA-02,2025-06-20,12,2025-07-02,In Progress,0,0.0,,,0,0,0,Low
C004917,11046,NA,FMCG,2440.06,1,44,1,0.763,702.0,Good,5,Phone,0,1,DCA-07,2025-01-20,11,2025-01-31,PTP,0,0.0,,,0,0,0,High
C004918,12731,NA,Retail,21006.1,1,290,3,0.683,541.7,Poor,3,Phone,1,0,DCA-02,2025-06-17,20,2025-07-07,Escalated,0,0.0,,,0,0,1,Low
C004919,18442,NA,Aviation,14838.19,4,300,2,1.0,625.2,Fair,5,Phone,1,0,DCA-04,2025-07-30,15,2025-08-14,Escalated,0,0.0,,,0,0,1,Low
C004920,15273,NA,Technology,19827.68,2,263,0,0.718,645.3,Fair,4,Email,0,0,DCA-07,2025-12-09,13,2025-12-22,Escalated,0,0.0,,,0,0,1,Low
C004921,19764,NA,Finance,5427.37,4,222,0,0.725,668.6,Fair,6,SMS,0,0,DCA-03,2025-04-16,27,2025-05-13,Escalated,0,0.0,,,0,0,1,Medium
C004922,18729,EU,Healthcare,10710.27,5,174,1,0.842,576.8,Poor,4,Email,0,0,DCA-02,2025-01-26,23,2025-02-18,In Progress,0,0.0,,,0,0,0,Low
C004923,15548,LATAM,Aviation,6222.51,2,9,2,0.487,607.5,Fair,0,In-person,1,0,DCA-09,2025-08-03,13,2025-08-16,Dispute,0,0.0,,,0,0,0,Low
C004924,16790,IND,Finance,22498.88,1,282,1,0.96,589.5,Fair,5,Email,0,0,DCA-02,2025-10-18,26,2025-11-13,Escalated,0,0.0,,,0,0,1,Low
C004925,13310,NA,Energy,4996.13,7,326,2,0.952,581.3,Fair,6,In-person,0,1,DCA-09,2025-07-12,28,2025-08-09,PTP,0,0.0,,,0,0,1,Low
C004926,10904,LATAM,Healthcare,6973.98,3,352,1,0.902,559.9,Poor,3,Email,0,0,DCA-10,2025-11-20,17,2025-12-07,Escalated,0,0.0,,,0,0,1,Low
C004927,13987,APAC,Finance,19419.25,6,125,0,1.0,769.3,Very Good,2,Phone,1,0,DCA-10,2025-04-20,22,2025-05-12,Escalated,0,0.0,,,0,0,1,Low
C004928,15922,LATAM,Automotive,8599.31,5,74,1,1.0,677.7,Good,2,Phone,0,1,DCA-05,2025-06-01,29,2025-06-30,PTP,0,0.0,,,0,0,0,High
C004929,11821,NA,FMCG,6975.27,5,239,1,1.0,667.1,Fair,1,Phone,0,0,DCA-08,2026-01-18,16,2026-02-03,Escalated,0,0.0,,,0,0,1,Low
C004930,12217,IND,Logistics,25202.63,6,7,0,0.873,804.6,Excellent,2,SMS,0,0,DCA-03,2025-10-01,10,2025-10-11,Closed,1,18579.66,49.0,2025-11-19,0,1,0,Medium
C004931,10149,APAC,Aviation,25936.28,2,22,0,1.0,737.1,Good,4,Phone,1,0,DCA-01,2025-12-05,8,2025-12-13,Dispute,0,0.0,,,0,0,0,Low
C004932,17340,IND,Automotive,22146.83,2,300,0,0.965,739.3,Good,3,Phone,0,1,DCA-06,2025-08-20,11,2025-08-31,PTP,0,0.0,,,0,0,1,Low
C004933,18994,EU,Aviation,24199.73,7,349,0,0.988,684.9,Good,4,SMS,0,1,DCA-02,2025-04-10,7,2025-04-17,PTP,0,0.0,,,0,0,1,Low
C004934,18274,IND,Aviation,11360.46,5,147,0,0.666,670.6,Good,1,Phone,0,1,DCA-08,2025-04-15,24,2025-05-09,Closed,1,10896.92,44.0,2025-05-29,0,1,0,Low
C004935,13799,MEA,FMCG,11577.11,3,185,1,0.876,621.9,Fair,4,Phone,0,1,DCA-06,2025-03-30,29,2025-04-28,Closed,1,10748.54,30.0,2025-04-29,1,1,0,Low
C004936,15934,IND,Technology,8487.44,5,199,0,0.91,767.5,Very Good,4,SMS,0,0,DCA-01,2025-07-22,19,2025-08-10,Escalated,0,0.0,,,0,0,1,Low
C004937,19608,APAC,Aviation,15024.09,3,51,0,0.786,696.0,Good,3,Phone,0,0,DCA-08,2025-05-22,29,2025-06-20,In Progress,0,0.0,,,0,0,0,Medium
C004938,15913,EU,FMCG,9232.37,7,81,0,0.882,682.3,Good,3,Email,0,0,DCA-05,2025-01-23,21,2025-02-13,Closed,1,8565.45,53.0,2025-03-17,0,1,0,Medium
C004939,12958,APAC,FMCG,9866.04,4,109,0,0.65,579.9,Poor,6,SMS,0,0,DCA-05,2025-05-21,30,2025-06-20,In Progress,0,0.0,,,0,0,0,Medium
C004940,13385,NA,Healthcare,20331.57,3,307,0,0.874,635.1,Fair,6,Phone,0,1,DCA-06,2025-11-16,19,2025-12-05,PTP,0,0.0,,,0,0,1,Low
C004941,17271,EU,Healthcare,30612.92,5,160,1,0.92,542.4,Poor,2,Email,1,0,DCA-08,2025-08-13,16,2025-08-29,Escalated,0,0.0,,,0,0,1,Low
C004942,14462,EU,FMCG,17655.14,6,263,0,0.698,658.9,Fair,7,Email,0,0,DCA-02,2025-01-23,27,2025-02-19,Escalated,0,0.0,,,0,0,1,Low
C004943,18373,EU,Finance,46911.64,3,71,0,1.0,748.4,Very Good,5,Email,0,0,DCA-02,2025-06-03,25,2025-06-28,Closed,1,35334.09,57.0,2025-07-30,0,1,0,Medium
C004944,18641,NA,Automotive,8152.98,6,348,3,0.887,632.0,Fair,6,Portal,0,0,DCA-02,2025-04-26,16,2025-05-12,Escalated,0,0.0,,,0,0,1,Low
C004945,10358,NA,Logistics,3690.13,2,322,0,1.0,708.9,Good,6,Phone,0,0,DCA-04,2025-01-21,17,2025-02-07,Escalated,0,0.0,,,0,0,1,Low
C004946,17233,LATAM,Finance,22031.74,2,173,0,0.859,697.0,Good,5,Email,0,0,DCA-08,2025-06-11,8,2025-06-19,Closed,1,17934.45,56.0,2025-08-06,0,1,0,Medium
C004947,13699,IND,Retail,7783.15,6,83,0,0.853,741.2,Very Good,3,Portal,0,0,DCA-06,2025-06-06,15,2025-06-21,In Progress,0,0.0,,,0,0,0,Low
C004948,15197,NA,FMCG,11030.46,5,356,2,0.858,614.1,Fair,4,Phone,0,1,DCA-01,2025-07-17,23,2025-08-09,PTP,0,0.0,,,0,0,1,Low
C004949,12647,NA,Finance,3870.51,1,295,0,1.0,742.5,Very Good,7,Phone,1,0,DCA-09,2025-10-19,13,2025-11-01,Escalated,0,0.0,,,0,0,1,Low
C004950,13682,IND,Energy,7119.22,5,186,1,0.752,641.1,Fair,5,Portal,0,0,DCA-01,2025-07-30,19,2025-08-18,Closed,1,5260.72,54.0,2025-09-22,0,1,0,Low
C004951,13303,LATAM,Technology,4667.79,3,98,0,0.621,716.5,Good,0,SMS,0,0,DCA-02,2025-04-09,26,2025-05-05,In Progress,0,0.0,,,0,0,0,Low
C004952,10503,IND,Technology,9857.5,2,227,3,0.751,601.1,Fair,3,Phone,0,1,DCA-09,2025-08-27,21,2025-09-17,PTP,0,0.0,,,0,0,1,Low
C004953,17827,NA,Technology,10135.65,3,135,0,1.0,711.1,Good,4,SMS,0,1,DCA-04,2025-03-18,14,2025-04-01,PTP,0,0.0,,,0,0,0,Medium
C004954,11430,IND,Healthcare,14228.07,4,246,0,0.968,608.0,Fair,4,Email,0,0,DCA-04,2025-12-29,12,2026-01-10,Escalated,0,0.0,,,0,0,1,Low
C004955,13757,EU,Healthcare,31818.59,7,304,3,0.972,605.7,Fair,5,Phone,0,0,DCA-02,2025-08-27,21,2025-09-17,Escalated,0,0.0,,,0,0,1,Low
C004956,11930,EU,Finance,21457.6,4,179,1,0.709,576.5,Poor,5,Phone,0,0,DCA-02,2025-07-08,25,2025-08-02,Closed,1,18073.0,61.0,2025-09-07,0,0,0,Low
C004957,11606,APAC,Automotive,4291.88,3,18,0,0.996,787.7,Very Good,2,Email,0,0,DCA-01,2025-04-14,27,2025-05-11,Closed,1,3478.4,45.0,2025-05-29,0,1,0,Medium
C004958,13733,IND,Manufacturing,20447.4,6,205,0,0.959,767.4,Very Good,3,Phone,0,1,DCA-09,2025-09-15,8,2025-09-23,PTP,0,0.0,,,0,0,1,Medium
C004959,19187,NA,Healthcare,14446.8,4,313,2,0.364,439.8,Poor,7,Phone,0,0,DCA-08,2025-02-18,14,2025-03-04,Escalated,0,0.0,,,0,0,1,Low
C004960,19441,LATAM,Retail,12475.49,1,82,0,0.801,719.7,Good,2,Email,0,0,DCA-04,2025-02-05,11,2025-02-16,In Progress,0,0.0,,,0,0,0,Medium
C004961,13817,IND,FMCG,13149.12,5,350,0,1.0,686.6,Good,2,In-person,0,0,DCA-08,2025-08-30,22,2025-09-21,Escalated,0,0.0,,,0,0,1,Low
C004962,15051,IND,FMCG,15416.39,4,132,1,0.888,778.4,Very Good,1,Email,0,0,DCA-03,2025-11-29,7,2025-12-06,In Progress,0,0.0,,,0,0,0,Medium
C004963,19856,IND,Aviation,8231.14,5,250,0,1.0,761.9,Very Good,6,Portal,0,0,DCA-04,2025-12-13,11,2025-12-24,Escalated,0,0.0,,,0,0,1,Low
C004964,12348,NA,FMCG,11758.77,2,256,1,0.656,694.1,Good,4,SMS,0,0,DCA-09,2025-05-14,23,2025-06-06,Escalated,0,0.0,,,0,0,1,Low
C004965,19447,IND,Technology,30600.06,4,67,3,0.615,629.9,Fair,2,Email,0,0,DCA-03,2025-08-29,24,2025-09-22,In Progress,0,0.0,,,0,0,0,Low
C004966,11057,IND,Finance,8162.17,5,15,0,1.0,672.7,Good,0,Email,0,0,DCA-09,2025-08-22,25,2025-09-16,Closed,1,7237.16,43.0,2025-10-04,0,1,0,High
C004967,12258,IND,Finance,6496.89,5,346,3,0.806,689.1,Good,4,Phone,0,1,DCA-03,2025-05-07,8,2025-05-15,PTP,0,0.0,,,0,0,1,Low
C004968,13383,NA,Energy,12794.94,5,255,0,0.658,583.7,Fair,4,Email,0,1,DCA-10,2026-01-23,19,2026-02-11,PTP,0,0.0,,,0,0,1,Low
C004969,10370,APAC,Manufacturing,6054.78,7,230,0,1.0,731.6,Good,6,SMS,0,0,DCA-03,2025-03-05,23,2025-03-28,Escalated,0,0.0,,,0,0,1,Medium
C004970,18157,APAC,FMCG,4000.01,4,111,0,0.897,774.0,Very Good,2,Phone,0,0,DCA-03,2025-10-27,11,2025-11-07,Closed,1,3093.1,54.0,2025-12-20,0,1,0,Medium
C004971,18554,MEA,Technology,10497.3,4,40,0,1.0,726.9,Good,2,Email,0,0,DCA-06,2025-12-15,24,2026-01-08,In Progress,0,0.0,,,0,0,0,Medium
C004972,13833,NA,Manufacturing,36828.8,4,99,1,0.789,734.9,Good,5,Phone,0,0,DCA-02,2025-06-10,8,2025-06-18,Closed,1,27651.71,69.0,2025-08-18,0,0,0,Low
C004973,18363,NA,Finance,13003.54,3,200,0,0.885,707.4,Good,5,Email,0,0,DCA-01,2025-08-13,27,2025-09-09,Closed,1,10642.59,60.0,2025-10-12,0,1,0,Low
C004974,17725,EU,Aviation,15138.61,3,253,2,0.912,721.4,Good,10,Phone,0,1,DCA-04,2025-06-28,14,2025-07-12,Closed,1,12686.71,34.0,2025-08-01,0,1,0,Low
C004975,18014,MEA,Automotive,3007.6,5,117,0,0.843,680.6,Good,6,Phone,0,0,DCA-05,2025-01-23,27,2025-02-19,Closed,1,2615.55,49.0,2025-03-13,0,1,0,Medium
C004976,18027,LATAM,Finance,18154.76,3,79,2,0.808,670.9,Good,4,Phone,0,0,DCA-01,2025-02-27,16,2025-03-15,In Progress,0,0.0,,,0,0,0,Low
C004977,15734,EU,Manufacturing,14262.03,6,91,1,0.781,671.1,Good,2,SMS,1,0,DCA-08,2025-04-26,26,2025-05-22,Escalated,0,0.0,,,0,0,1,Low
C004978,11108,LATAM,Finance,8388.02,6,351,1,0.973,582.1,Fair,8,Phone,0,1,DCA-03,2025-09-07,18,2025-09-25,PTP,0,0.0,,,0,0,1,Low
C004979,19234,APAC,Technology,15154.24,7,230,0,0.743,590.7,Fair,8,Portal,0,0,DCA-02,2025-11-07,11,2025-11-18,Escalated,0,0.0,,,0,0,1,Low
C004980,16086,EU,FMCG,15049.28,1,361,1,0.94,689.3,Good,4,SMS,0,0,DCA-07,2025-08-07,25,2025-09-01,Escalated,0,0.0,,,0,0,1,Low
C004981,19012,NA,Retail,6363.66,3,3,0,0.753,660.0,Fair,1,Portal,0,0,DCA-09,2025-09-25,23,2025-10-18,Closed,1,4906.59,29.0,2025-10-24,1,1,0,Medium
C004982,19590,APAC,Energy,16853.23,6,167,1,1.0,710.6,Good,1,Email,0,1,DCA-05,2025-08-23,29,2025-09-21,Closed,1,15135.58,38.0,2025-09-30,0,1,0,Medium
C004983,11871,NA,Technology,30884.04,4,167,0,0.859,617.4,Fair,6,Phone,0,1,DCA-05,2025-09-23,13,2025-10-06,PTP,0,0.0,,,0,0,0,Medium
C004984,14021,MEA,Technology,11389.43,5,147,1,0.872,638.6,Fair,5,Portal,0,0,DCA-05,2025-04-16,26,2025-05-12,In Progress,0,0.0,,,0,0,0,Low
C004985,11924,NA,Finance,7278.53,6,143,1,0.915,685.6,Good,1,Portal,0,0,DCA-02,2025-03-08,16,2025-03-24,Closed,1,5835.37,63.0,2025-05-10,0,0,0,Low
C004986,10509,EU,Manufacturing,11798.1,7,29,6,0.831,525.4,Poor,4,Portal,1,0,DCA-04,2025-10-08,15,2025-10-23,Dispute,0,0.0,,,0,0,0,Low
C004987,19664,NA,Manufacturing,24299.94,2,12,1,0.726,568.1,Poor,3,Phone,1,0,DCA-05,2025-08-18,12,2025-08-30,Dispute,0,0.0,,,0,0,0,Low
C004988,19233,APAC,Retail,5662.25,2,284,1,0.826,573.1,Poor,1,Phone,0,0,DCA-10,2025-04-28,7,2025-05-05,Escalated,0,0.0,,,0,0,1,Low
C004989,19317,NA,Energy,20030.09,4,161,0,0.795,734.1,Good,3,Email,0,0,DCA-04,2025-02-26,19,2025-03-17,In Progress,0,0.0,,,0,0,0,Low
C004990,18836,APAC,Retail,8311.45,4,60,0,0.922,811.5,Excellent,0,Email,0,0,DCA-01,2025-06-26,30,2025-07-26,In Progress,0,0.0,,,0,0,0,Low
C004991,16487,MEA,Finance,15826.55,7,127,1,0.849,561.2,Poor,5,Phone,1,1,DCA-03,2025-08-04,21,2025-08-25,Escalated,0,0.0,,,0,0,1,Low
C004992,15221,IND,Manufacturing,8999.89,1,340,0,0.964,581.1,Fair,4,Email,0,1,DCA-10,2025-02-28,23,2025-03-23,Closed,1,8999.89,46.0,2025-04-15,0,1,0,Low
C004993,19914,APAC,Automotive,8982.99,2,171,0,1.0,660.2,Fair,6,Email,0,0,DCA-09,2026-01-14,23,2026-02-06,Closed,1,7233.22,70.0,2026-03-25,0,0,0,Low
C004994,15522,EU,Automotive,38799.65,7,361,4,0.531,548.4,Poor,4,Email,1,0,DCA-07,2025-10-10,14,2025-10-24,Escalated,0,0.0,,,0,0,1,Low
C004995,16424,MEA,Technology,4982.26,5,59,0,1.0,733.8,Good,3,SMS,0,1,DCA-06,2025-10-09,29,2025-11-07,PTP,0,0.0,,,0,0,0,Medium
C004996,12117,EU,Retail,18765.14,5,45,1,0.778,735.7,Good,2,Portal,0,1,DCA-07,2025-03-11,29,2025-04-09,Closed,1,16856.33,37.0,2025-04-17,0,1,0,Medium
C004997,17467,EU,Energy,44888.06,2,206,2,0.698,555.0,Poor,4,Phone,0,0,DCA-10,2025-10-29,25,2025-11-23,Escalated,0,0.0,,,0,0,1,Low
C004998,18194,LATAM,Manufacturing,21587.41,5,249,0,0.923,685.9,Good,2,Portal,0,1,DCA-05,2025-08-20,9,2025-08-29,Closed,1,17958.3,46.0,2025-10-05,0,1,0,Medium
C004999,16785,NA,Healthcare,5261.82,3,358,0,0.909,688.1,Good,6,Portal,0,0,DCA-08,2025-09-23,7,2025-09-30,Escalated,0,0.0,,,0,0,1,Low
C005000,14986,APAC,Technology,5447.4,6,170,1,0.64,614.6,Fair,2,Email,0,0,DCA-09,2025-11-23,15,2025-12-08,In Progress,0,0.0,,,0,0,0,Low
